trip_id,ambulance_id,start_time,distance_km,expected_duration_min,time_of_day,congestion_level,avg_speed_kmph,weather_condition,weather_severity,visibility_m,speed_drop_rate,delay_minutes,delay_cause,actual_duration_min,active_trip_time_min,availability_time_min
T1,A16,10-09-2025 12:12,23.43,35.14,Evening Peak,Medium,29.94,Clear,0,981,0.0734,14.29,Traffic,49.43,28.34,27.11
T2,A48,03-09-2025 17:59,24.54,36.81,Afternoon,Medium,19.84,Storm,3,245,0.1404,14.7,Weather,51.51,3.79,56.82
T3,A47,06-09-2025 03:26,24.62,36.93,Morning Peak,Medium,32.12,Storm,3,116,0.1816,12.69,Weather,49.62,17.61,35.39
T4,A46,05-09-2025 01:05,6.2,9.3,Evening Peak,Low,42.47,Clear,0,898,0.0715,0.18,No Delay,9.48,5.2,7.13
T5,A31,09-09-2025 17:55,20.93,31.39,Night,Low,33.59,Clear,0,836,0.0409,1.31,No Delay,32.7,22.59,14.17
T6,A32,30-09-2025 08:14,19.1,28.65,Night,Low,35.73,Clear,0,936,0.0684,0.93,No Delay,29.58,14.42,21.21
T7,A49,02-09-2025 14:02,14.32,21.48,Afternoon,Low,45.26,Clear,0,881,0.1942,-0.36,No Delay,21.12,0.79,26.67
T8,A16,16-09-2025 21:52,10.25,15.37,Evening Peak,Medium,19.92,Clear,0,839,0.3139,4.12,Traffic,19.49,17.39,9.37
T9,A39,13-09-2025 06:13,3.92,5.88,Morning Peak,High,34.95,Rain,1,541,0.2066,2.21,Traffic,8.09,1,12.62
T10,A39,17-09-2025 20:40,15.13,22.7,Evening Peak,Medium,17.52,Clear,0,863,0.1854,5.66,Traffic,28.36,9.39,25.79
T11,A14,06-09-2025 21:19,19.11,28.66,Morning Peak,High,42.61,Rain,1,548,0.2298,9.99,Traffic,38.65,7.06,33.81
T12,A14,20-09-2025 08:31,6.54,9.81,Night,Low,38.09,Clear,0,952,0.0183,0.25,No Delay,10.06,4.02,10.57
T13,A26,15-09-2025 07:15,21.41,32.12,Afternoon,Low,53.74,Clear,0,801,0.0059,1.35,No Delay,33.47,20.72,21.27
T14,A50,05-09-2025 04:45,27.68,41.52,Afternoon,Low,40.42,Clear,0,808,0,0.51,No Delay,42.03,1.82,40.65
T15,A34,11-09-2025 06:50,14.84,22.26,Night,High,37.23,Fog,2,146,0.4545,4.83,Weather,27.09,15.99,14.28
T16,A10,01-09-2025 10:06,24.26,36.39,Night,Medium,38.67,Fog,2,246,0.4668,8.46,Weather,44.85,39.98,10.67
T17,A37,06-09-2025 01:33,8.11,12.16,Night,Low,46.4,Clear,0,941,0.0031,0.14,No Delay,12.3,8.21,8.92
T18,A16,22-09-2025 22:18,10.17,15.25,Night,Low,27.46,Rain,1,650,0.4373,5.05,No Delay,20.3,1.17,20.65
T19,A33,07-09-2025 09:29,27.42,41.13,Evening Peak,Medium,26.55,Rain,1,560,0.0555,15.85,Traffic,56.98,1.12,65.9
T20,A39,10-09-2025 12:48,27.98,41.97,Night,Low,33.66,Clear,0,812,0.0992,1.44,No Delay,43.41,9.13,33.76
T21,A42,02-09-2025 06:14,15.47,23.21,Evening Peak,Low,44.07,Clear,0,958,0,0.75,No Delay,23.96,14.11,15.67
T22,A2,11-09-2025 04:55,26.12,39.18,Evening Peak,Medium,49.11,Fog,2,192,0.3456,7.67,Weather,46.85,7.35,42.79
T23,A49,12-09-2025 17:23,2.92,4.38,Evening Peak,Low,49.13,Clear,0,875,0.0679,0.13,No Delay,4.51,0.86,10.59
T24,A17,04-09-2025 16:23,26.24,39.36,Night,Low,37.5,Clear,0,753,0.0435,-0.22,Weather,39.14,8.62,31.13
T25,A42,06-09-2025 21:39,28.7,43.05,Evening Peak,High,21.35,Rain,1,649,0.6233,14.6,Incident,57.65,18.27,45.55
T26,A22,07-09-2025 05:42,9.7,14.55,Night,Low,43.48,Clear,0,805,0.0933,0.4,No Delay,14.95,9.95,9.31
T27,A12,13-09-2025 05:29,20.19,30.29,Evening Peak,High,22.7,Clear,0,912,1.2011,8.73,Incident,39.02,10.85,32.61
T28,A33,11-09-2025 12:03,24.66,36.99,Night,Low,42.18,Clear,0,902,0,0.79,No Delay,37.78,6.68,35.74
T29,A15,19-09-2025 19:13,15.2,22.8,Night,High,18.02,Clear,0,1013,0.8404,10.08,Traffic,32.88,8.31,27.8
T30,A11,28-09-2025 04:19,14.54,21.81,Morning Peak,Low,46.91,Clear,0,878,0,0.02,No Delay,21.83,18.43,5.6
T31,A12,24-09-2025 22:01,3.13,4.7,Afternoon,High,31.87,Clear,0,888,0.4275,1.55,Traffic,6.25,1.4,7.62
T32,A6,19-09-2025 19:28,20.76,31.14,Afternoon,Low,55.38,Clear,0,803,0,0.74,No Delay,31.88,6.51,28.51
T33,A35,28-09-2025 20:06,26.86,40.29,Afternoon,High,22.48,Clear,0,823,0.8444,18.52,Incident,58.81,43.17,18.29
T34,A20,23-09-2025 06:29,2.83,4.25,Evening Peak,High,18.23,Rain,1,617,1.3438,1.46,Incident,5.71,1.94,10.71
T35,A4,05-09-2025 03:06,23.21,34.82,Afternoon,High,24.25,Rain,1,713,0.1917,18.1,Traffic,52.92,32.85,24.07
T36,A46,17-09-2025 07:28,22.65,33.97,Evening Peak,High,21.7,Storm,3,230,0.6506,11.26,Weather,45.23,19.07,28.48
T37,A44,01-09-2025 13:03,21.39,32.09,Evening Peak,Low,42.34,Fog,2,284,0.0941,8.54,Weather,40.63,35.14,10.13
T38,A32,25-09-2025 13:00,13.86,20.79,Evening Peak,High,8.79,Rain,1,579,1.1096,8.51,Incident,29.3,2.86,28.22
T39,A15,18-09-2025 07:23,4.5,6.75,Afternoon,Medium,19.14,Rain,1,511,0.6938,3.01,Incident,9.76,6.86,9.14
T40,A36,11-09-2025 04:40,25.31,37.96,Morning Peak,High,30.55,Rain,1,619,0.2803,18.99,Traffic,56.95,43.58,16.93
T41,A6,10-09-2025 17:46,29.69,44.54,Afternoon,Medium,30.63,Rain,1,728,0.4827,19.32,Weather,63.86,23.16,45.34
T42,A9,07-09-2025 15:06,5.28,7.92,Evening Peak,High,13.72,Clear,0,822,1.0756,4.8,Incident,12.72,5.55,11.82
T43,A9,09-09-2025 08:44,28.22,42.33,Night,Low,38.99,Clear,0,949,0.0361,0.57,No Delay,42.9,16.56,26.69
T44,A38,05-09-2025 16:39,26.79,40.18,Night,Low,42.65,Clear,0,847,0.0982,0.79,No Delay,40.97,7.52,43.23
T45,A42,06-09-2025 22:15,11.19,16.79,Afternoon,Low,34.43,Clear,0,979,0.0576,0.49,No Delay,17.28,1.79,22.27
T46,A5,27-09-2025 22:00,15.35,23.02,Afternoon,High,28.82,Rain,1,676,0.7823,10.34,Incident,33.36,23.51,15
T47,A48,04-09-2025 13:40,4.17,6.25,Night,High,24.98,Fog,2,214,1.1398,2.66,Incident,8.91,6.95,7.83
T48,A26,02-09-2025 21:39,10,15,Morning Peak,Medium,22.28,Storm,3,190,0.7613,7.15,Incident,22.15,17.3,6.98
T49,A43,08-09-2025 19:42,15.9,23.85,Afternoon,Low,30.53,Rain,1,478,0.2413,8.53,Weather,32.38,12.81,24.81
T50,A5,01-09-2025 12:47,23.27,34.91,Night,High,35.97,Rain,1,586,0.2957,11.76,Weather,46.67,18.33,37.7
T51,A33,14-09-2025 16:06,16.02,24.03,Afternoon,High,17.19,Clear,0,974,0.8164,12.19,Incident,36.22,23.21,17.28
T52,A9,30-09-2025 03:03,23.95,35.92,Night,Medium,11.3,Fog,2,321,0.9674,20.46,Incident,56.38,46.28,17.3
T53,A9,26-09-2025 18:51,6.23,9.35,Afternoon,High,28.69,Rain,1,644,0.2008,2.06,Traffic,11.41,8.33,7.69
T54,A15,18-09-2025 21:10,17.58,26.37,Afternoon,High,38.74,Storm,3,202,0.1462,9.82,Weather,36.19,27.48,10.34
T55,A28,18-09-2025 07:33,5.46,8.19,Night,Low,33.28,Clear,0,970,0,0.07,No Delay,8.26,2.01,12.09
T56,A49,18-09-2025 02:49,18.88,28.32,Night,Medium,36.63,Fog,2,166,0.2984,5.85,Weather,34.17,26.35,9.51
T57,A40,15-09-2025 21:55,17.37,26.05,Night,Low,49.95,Clear,0,803,0.2152,0.59,No Delay,26.64,17.11,16.84
T58,A35,30-09-2025 02:13,2.92,4.38,Afternoon,Low,61.7,Clear,0,980,0.1428,0.03,No Delay,4.41,2.9,5.98
T59,A35,14-09-2025 21:26,2.32,3.48,Evening Peak,High,33.57,Clear,0,934,0.0668,1.78,Traffic,5.26,1.22,9.48
T60,A49,24-09-2025 07:17,4.18,6.27,Morning Peak,Low,32.23,Fog,2,279,0.485,1.37,Weather,7.64,4.64,9.76
T61,A25,01-09-2025 00:54,3.21,4.82,Morning Peak,High,29.08,Clear,0,869,0.162,1.09,Traffic,5.91,2.34,6.19
T62,A30,28-09-2025 11:29,15.64,23.46,Evening Peak,High,22.37,Rain,1,573,0.8751,9.08,Incident,32.54,0.49,34.44
T63,A50,24-09-2025 20:41,5.28,7.92,Afternoon,High,27.46,Clear,0,798,0.8136,2.71,Incident,10.63,2.34,12.89
T64,A24,30-09-2025 04:37,24.06,36.09,Morning Peak,High,19.88,Clear,0,833,1.0773,23.25,Incident,59.34,4.15,59.83
T65,A30,16-09-2025 00:47,16.16,24.24,Afternoon,Low,43.39,Clear,0,1021,0.0561,-0.54,No Delay,23.7,18.26,11.47
T66,A47,05-09-2025 06:21,28.52,42.78,Afternoon,High,39.21,Storm,3,222,0.5526,5.06,Weather,47.84,15.41,40.15
T67,A28,24-09-2025 14:26,13.31,19.96,Morning Peak,Low,23.51,Fog,2,183,0.1523,4.43,Weather,24.39,14.52,15.42
T68,A21,10-09-2025 04:02,6.16,9.24,Morning Peak,Medium,24.42,Clear,0,903,0.1053,3.05,Traffic,12.29,7.21,12.46
T69,A19,18-09-2025 19:45,25.19,37.79,Evening Peak,Medium,19.5,Fog,2,220,0.3462,9.07,Weather,46.86,7.47,48.57
T70,A14,23-09-2025 10:23,25.3,37.95,Night,High,24.61,Clear,0,999,0.6965,19.59,Incident,57.54,40.48,20.56
T71,A40,23-09-2025 08:50,5.38,8.07,Morning Peak,High,25.1,Clear,0,880,0.2073,3.09,Traffic,11.16,8.42,9.86
T72,A12,28-09-2025 11:34,6.98,10.47,Night,Low,42.57,Clear,0,751,0.1007,-0.35,No Delay,10.12,7.7,5.22
T73,A25,02-09-2025 22:11,11.68,17.52,Afternoon,Low,51.66,Clear,0,974,0.0298,0.5,No Delay,18.02,8.32,11.3
T74,A1,02-09-2025 09:23,18.34,27.51,Night,Low,42.08,Clear,0,910,0.0185,0.31,No Delay,27.82,10.83,20.02
T75,A15,06-09-2025 16:44,11.01,16.52,Afternoon,Low,53.37,Clear,0,862,0.0331,0.81,No Delay,17.33,14.44,8.36
T76,A13,28-09-2025 09:08,24.75,37.12,Afternoon,Medium,36.77,Clear,0,806,0,14.02,Traffic,51.14,41.28,11.9
T77,A4,03-09-2025 05:05,4.31,6.46,Night,Medium,53.27,Clear,0,939,0.1627,0.35,No Delay,6.81,0.34,10.33
T78,A37,17-09-2025 12:45,25.09,37.63,Night,Medium,22.69,Fog,2,191,0.5337,14.61,Weather,52.24,1.61,54.69
T79,A46,02-09-2025 17:07,7.53,11.29,Night,Medium,44.44,Fog,2,176,0.4439,3.5,Weather,14.79,10.33,10.35
T80,A6,09-09-2025 14:34,6.53,9.79,Evening Peak,High,11.05,Clear,0,1049,1.0118,5.94,Incident,15.73,5.54,17.75
T81,A12,16-09-2025 14:42,7.76,11.64,Morning Peak,High,30.26,Fog,2,257,0.2704,4.29,Weather,15.93,13.66,6.41
T82,A30,11-09-2025 15:24,29.95,44.93,Morning Peak,Medium,45.12,Fog,2,260,0.1804,10.5,Weather,55.43,45.2,16.47
T83,A26,19-09-2025 16:44,29.93,44.89,Morning Peak,High,21.69,Rain,1,507,1.2372,28.68,Incident,73.57,51.7,27.32
T84,A8,06-09-2025 14:41,24.12,36.18,Morning Peak,High,37.1,Clear,0,942,0.2272,10.66,Traffic,46.84,36.94,18.02
T85,A14,06-09-2025 01:13,26.84,40.26,Morning Peak,Medium,35.09,Rain,1,754,0.2682,4.33,Weather,44.59,5.32,39.86
T86,A5,12-09-2025 06:28,16.11,24.16,Evening Peak,High,30.95,Clear,0,950,0.1466,6.21,Traffic,30.37,3.93,25.91
T87,A43,29-09-2025 13:30,24,36,Morning Peak,Low,46.19,Clear,0,1087,0.2118,0.21,Weather,36.21,29.8,9.14
T88,A48,14-09-2025 00:29,20.81,31.21,Morning Peak,Low,39.67,Clear,0,896,0.0281,-1.09,No Delay,30.12,11.76,22.76
T89,A21,06-09-2025 08:25,12.95,19.42,Evening Peak,High,17.06,Clear,0,905,0.7294,11.87,Incident,31.29,7.95,23.97
T90,A44,08-09-2025 01:49,4.12,6.18,Morning Peak,High,12.42,Storm,3,278,0.8687,2.58,Incident,8.76,0.71,12.98
T91,A12,01-09-2025 18:36,21.15,31.72,Afternoon,High,27.83,Clear,0,961,0.7459,15.98,Incident,47.7,39.51,16.01
T92,A1,22-09-2025 16:47,12.97,19.46,Evening Peak,Low,36.27,Clear,0,910,0.032,0.41,No Delay,19.87,11.79,13.21
T93,A43,03-09-2025 20:42,6.23,9.35,Night,Low,55.34,Clear,0,973,0.0739,-0.09,No Delay,9.26,7.36,9.18
T94,A28,09-09-2025 07:02,14.67,22.01,Morning Peak,Medium,30.28,Rain,1,622,0.0158,9.56,Traffic,31.57,14.48,23.7
T95,A48,09-09-2025 18:24,16.17,24.26,Afternoon,Low,45.19,Clear,0,833,0.0408,-0.7,No Delay,23.56,18.97,9.38
T96,A41,21-09-2025 01:58,4.83,7.25,Evening Peak,High,17.25,Rain,1,629,0.9081,2.39,Incident,9.64,7.84,3.98
T97,A6,25-09-2025 03:52,6.49,9.73,Afternoon,High,28.64,Fog,2,305,0.2853,1.8,Weather,11.53,10.02,8.22
T98,A25,10-09-2025 00:25,5.2,7.8,Afternoon,Low,43.71,Fog,2,347,0.0614,2.79,Weather,10.59,3.23,10.06
T99,A30,23-09-2025 00:52,24.19,36.29,Night,Low,47.79,Clear,0,862,0,-0.02,No Delay,36.27,30.53,12.81
T100,A48,02-09-2025 18:48,7.13,10.7,Night,Low,49.38,Clear,0,1031,0,0.35,No Delay,11.05,0.16,14.71
T101,A1,13-09-2025 09:54,7.56,11.34,Morning Peak,High,39.38,Clear,0,814,0.0733,5.62,Traffic,16.96,9.93,9.2
T102,A18,02-09-2025 00:44,14.73,22.1,Night,High,45.58,Rain,1,519,0.3264,7.78,Traffic,29.88,22.94,8.87
T103,A11,23-09-2025 22:38,4.86,7.29,Morning Peak,Medium,35.05,Clear,0,867,0.1622,1.84,Traffic,9.13,4.68,7.15
T104,A10,30-09-2025 16:06,5.32,7.98,Morning Peak,Medium,17.25,Clear,0,767,0.6873,4.85,Incident,12.83,9.69,9.34
T105,A47,29-09-2025 07:54,8.59,12.88,Night,Low,50.31,Clear,0,845,0.0339,-0.06,No Delay,12.82,7.42,8.83
T106,A3,16-09-2025 23:03,7.28,10.92,Night,Low,40.68,Clear,0,1049,0,-0.12,No Delay,10.8,4.93,9.35
T107,A6,05-09-2025 16:04,5.7,8.55,Afternoon,Low,40.89,Clear,0,834,0.1387,0.33,No Delay,8.88,6.04,6.1
T108,A24,06-09-2025 05:40,27.02,40.53,Afternoon,High,30.45,Clear,0,746,0.186,8.28,Traffic,48.81,6.65,41.96
T109,A48,20-09-2025 23:50,13.48,20.22,Night,High,12.47,Rain,1,744,1.31,12.72,Incident,32.94,18.24,20.5
T110,A13,01-09-2025 21:46,14.19,21.29,Morning Peak,Medium,24.17,Clear,0,1075,0.1773,7.73,Traffic,29.02,21.98,10.34
T111,A28,24-09-2025 06:41,24.81,37.21,Evening Peak,High,37.01,Rain,1,456,0.3178,13.69,Traffic,50.9,37.39,18.53
T112,A2,03-09-2025 21:22,3.29,4.94,Afternoon,Low,42.53,Clear,0,935,0.0607,0.05,No Delay,4.99,1.71,10.06
T113,A30,04-09-2025 11:12,29.74,44.61,Morning Peak,Medium,18.07,Rain,1,482,0.5317,26.95,Incident,71.56,61.42,14.96
T114,A20,15-09-2025 22:14,28.16,42.24,Night,Low,46.63,Clear,0,964,0,0.99,No Delay,43.23,11.11,33.91
T115,A10,03-09-2025 22:49,7.89,11.83,Evening Peak,High,29.32,Clear,0,969,0.0671,2.82,Traffic,14.65,12.59,7.22
T116,A31,21-09-2025 11:03,18.96,28.44,Morning Peak,Medium,19.46,Fog,2,211,0.4608,12.17,Weather,40.61,21.21,27.66
T117,A50,27-09-2025 11:14,4.08,6.12,Evening Peak,Medium,17.22,Rain,1,492,0.275,2.12,Traffic,8.24,6.58,7.34
T118,A27,03-09-2025 02:19,16.77,25.16,Morning Peak,High,41.51,Clear,0,801,0.1142,10.52,Traffic,35.68,5.64,35.59
T119,A18,30-09-2025 22:14,19.92,29.88,Night,Low,48.02,Clear,0,875,0.0491,1.37,No Delay,31.25,24.09,9.97
T120,A25,21-09-2025 06:36,15.89,23.84,Evening Peak,Medium,23.44,Rain,1,551,0.2709,12.02,Traffic,35.86,21.52,19.44
T121,A12,06-09-2025 15:47,28.13,42.19,Evening Peak,High,20.48,Clear,0,866,0,10.61,Traffic,52.8,6.85,51.1
T122,A13,27-09-2025 05:02,24.45,36.67,Night,Low,55.63,Clear,0,893,0.1115,-0.12,No Delay,36.55,4.2,43.05
T123,A22,16-09-2025 05:29,22.91,34.37,Afternoon,High,20.29,Rain,1,602,0.7535,17.09,Incident,51.46,11.66,43.74
T124,A36,28-09-2025 17:51,21.71,32.57,Night,Low,45.52,Clear,0,870,0.0076,-0.48,Weather,32.09,14.98,18.29
T125,A18,09-09-2025 22:21,27.78,41.67,Morning Peak,Medium,26.65,Clear,0,752,0.1323,13.23,Traffic,54.9,0.48,59.15
T126,A35,19-09-2025 01:18,22.51,33.77,Morning Peak,Medium,17.37,Rain,1,714,0.4741,13.21,Incident,46.98,35.43,15.61
T127,A46,19-09-2025 06:47,11.11,16.66,Evening Peak,High,29.82,Rain,1,598,0.0068,4.45,Traffic,21.11,16.16,7.1
T128,A5,02-09-2025 05:26,13.95,20.93,Night,High,26.81,Rain,1,562,1.0976,8.91,Incident,29.84,8.86,29.61
T129,A5,15-09-2025 00:54,27.08,40.62,Night,Low,40.43,Fog,2,177,0.0282,12.92,Weather,53.54,29.08,28.92
T130,A6,23-09-2025 15:51,14.7,22.05,Evening Peak,Medium,41.07,Fog,2,179,0.3416,4.25,Weather,26.3,1.08,32.41
T131,A36,11-09-2025 07:07,25.89,38.84,Afternoon,Medium,27.13,Rain,1,549,1.2464,23.65,Traffic,62.49,54.41,12.68
T132,A29,19-09-2025 06:57,14.69,22.03,Evening Peak,Medium,24.13,Fog,2,194,0.3729,4.95,Weather,26.98,13.21,18.3
T133,A15,16-09-2025 16:42,23.03,34.55,Morning Peak,High,29.12,Rain,1,435,0.0992,15.6,Traffic,50.15,13.57,43.18
T134,A2,22-09-2025 03:38,19.27,28.91,Evening Peak,High,13.75,Rain,1,673,0,8.28,Traffic,37.19,25.19,17.15
T135,A8,14-09-2025 20:55,26.35,39.53,Night,Medium,13.27,Clear,0,757,0.7475,12.91,Incident,52.44,25.09,37.62
T136,A5,05-09-2025 18:48,14.31,21.46,Evening Peak,High,7.46,Rain,1,728,0.6052,12.97,Incident,34.43,23.23,18.09
T137,A42,03-09-2025 16:49,16.01,24.02,Night,High,17.35,Rain,1,415,1.0196,10.35,Incident,34.37,4.49,31.59
T138,A27,11-09-2025 08:59,7.81,11.71,Night,Medium,38.16,Fog,2,240,0.4881,2.83,Weather,14.54,7.2,12.45
T139,A18,14-09-2025 09:39,16.07,24.11,Night,Low,44.11,Clear,0,913,0.1082,-0.34,No Delay,23.77,16.8,14.04
T140,A7,19-09-2025 16:12,20.01,30.02,Night,Low,33,Clear,0,879,0.0164,1.16,No Delay,31.18,13.13,26.21
T141,A21,16-09-2025 07:31,9.28,13.92,Afternoon,Low,36.25,Storm,3,120,0.4119,5.54,Weather,19.46,12.91,9.61
T142,A12,15-09-2025 09:57,27.02,40.53,Evening Peak,High,10.37,Fog,2,153,1.2534,18.41,Incident,58.94,37.13,23.58
T143,A21,25-09-2025 09:52,19,28.5,Evening Peak,High,26.8,Rain,1,543,0.5684,9.06,Incident,37.56,25.69,17.92
T144,A22,21-09-2025 05:42,13.5,20.25,Evening Peak,High,6.53,Rain,1,489,1.0376,7.64,Incident,27.89,7.85,28.98
T145,A26,19-09-2025 16:01,13.62,20.43,Afternoon,High,14.25,Rain,1,723,0.8708,10.56,Incident,30.99,8.41,28.39
T146,A32,23-09-2025 10:10,15.65,23.47,Evening Peak,Low,20.47,Storm,3,210,0.345,7.57,Weather,31.04,24.39,13.02
T147,A28,20-09-2025 02:45,20.17,30.26,Night,Low,34.71,Fog,2,305,0.4162,8.04,Weather,38.3,5.85,36.94
T148,A49,14-09-2025 12:52,17.05,25.58,Afternoon,Medium,15.44,Storm,3,194,0.302,3.38,Weather,28.96,13.4,17.7
T149,A28,07-09-2025 05:06,10.91,16.36,Afternoon,Low,35.97,Storm,3,155,0.3272,5.58,Weather,21.94,4.93,22.87
T150,A18,23-09-2025 18:37,16,24,Afternoon,Low,22.55,Fog,2,138,0.6225,3.5,Weather,27.5,13.11,18.38
T151,A33,28-09-2025 03:30,5.59,8.38,Evening Peak,High,32.41,Clear,0,862,0.1108,3.52,Traffic,11.9,9.42,4.83
T152,A8,18-09-2025 11:44,5.74,8.61,Morning Peak,High,19.2,Storm,3,201,1.1583,4,Incident,12.61,11.02,4.92
T153,A30,16-09-2025 19:46,10.38,15.57,Evening Peak,High,22.13,Clear,0,1020,1.1308,4.38,Incident,19.95,9.18,13.72
T154,A21,26-09-2025 20:53,15.93,23.89,Morning Peak,High,22.41,Fog,2,289,1.0708,14.31,Incident,38.2,24.13,22.81
T155,A5,29-09-2025 13:47,2.32,3.48,Morning Peak,Medium,34.63,Clear,0,748,0.3394,1.49,Traffic,4.97,1.63,8.09
T156,A22,13-09-2025 19:01,4.48,6.72,Morning Peak,Low,43.9,Clear,0,952,0,0.32,No Delay,7.04,2.33,12.87
T157,A35,18-09-2025 13:34,28.65,42.97,Morning Peak,Medium,45.81,Fog,2,253,0.4268,8.77,Weather,51.74,41.68,17
T158,A35,07-09-2025 23:43,3.98,5.97,Night,Low,44.75,Fog,2,287,0.3566,0.79,Weather,6.76,1.58,9.37
T159,A14,08-09-2025 09:00,10.98,16.47,Evening Peak,High,40.68,Rain,1,530,0.6505,6.92,Weather,23.39,0.6,32.23
T160,A1,04-09-2025 02:17,22.84,34.26,Afternoon,Low,41.73,Clear,0,837,0.1962,0.4,No Delay,34.66,19.54,19.69
T161,A3,23-09-2025 00:07,22.2,33.3,Morning Peak,Medium,25.33,Rain,1,427,0.1282,7.41,Traffic,40.71,21.88,26.57
T162,A7,04-09-2025 02:35,21.11,31.66,Afternoon,Low,26.4,Fog,2,323,0.3616,4.04,Weather,35.7,20.09,22.11
T163,A34,27-09-2025 13:38,27,40.5,Night,Low,42.07,Clear,0,945,0.0735,-1.13,No Delay,39.37,26.13,15.07
T164,A17,08-09-2025 18:08,22.45,33.68,Night,Low,49.5,Clear,0,958,0.1442,-1.18,No Delay,32.5,24.81,12.35
T165,A23,06-09-2025 02:18,8.74,13.11,Afternoon,Low,40.86,Clear,0,795,0.0315,0.38,Weather,13.49,11.1,4.84
T166,A8,20-09-2025 16:13,11.79,17.68,Morning Peak,Medium,47.05,Storm,3,115,0.7097,4.55,No Delay,22.23,14.94,11.68
T167,A24,08-09-2025 07:06,3.74,5.61,Night,Low,63.18,Clear,0,832,0,-0.18,Weather,5.43,2.64,9.14
T168,A33,02-09-2025 17:07,29.12,43.68,Morning Peak,Medium,31.82,Clear,0,747,0.3275,9.78,Traffic,53.46,3.14,51.42
T169,A23,06-09-2025 12:55,14.89,22.34,Morning Peak,Medium,45.93,Storm,3,241,0.1917,7.51,Weather,29.85,23.66,11.02
T170,A37,08-09-2025 21:22,3.83,5.75,Morning Peak,High,22.5,Clear,0,981,0.3521,1.76,Traffic,7.51,5.6,4.25
T171,A20,27-09-2025 19:01,20.28,30.42,Morning Peak,Medium,34.02,Storm,3,258,0.0761,5.41,Weather,35.83,20.86,17.69
T172,A19,15-09-2025 23:29,2.74,4.11,Evening Peak,High,49.21,Clear,0,742,0.2037,1.57,Traffic,5.68,4.6,3.54
T173,A2,30-09-2025 02:58,5.64,8.46,Afternoon,Medium,35.01,Fog,2,232,0.2036,2.45,Weather,10.91,0.72,15.27
T174,A8,12-09-2025 21:30,29.96,44.94,Night,Medium,55.02,Storm,3,175,0.3278,14.42,Weather,59.36,44.23,23.45
T175,A7,05-09-2025 15:11,21.45,32.17,Afternoon,Low,45.28,Clear,0,782,0,-0.58,No Delay,31.59,20.27,15.83
T176,A22,13-09-2025 01:48,18.93,28.39,Evening Peak,Low,34.16,Storm,3,237,0.167,9.62,Weather,38.01,5.98,35.62
T177,A41,14-09-2025 06:54,25.95,38.92,Afternoon,High,18.64,Clear,0,845,0.7871,15.65,Incident,54.57,43.22,15.72
T178,A4,23-09-2025 09:01,15.91,23.86,Night,Low,40.96,Fog,2,331,0.1563,2.71,Weather,26.57,12.15,19.74
T179,A50,18-09-2025 12:27,7.63,11.45,Night,Low,53.16,Clear,0,928,0,0.68,No Delay,12.13,10.11,4.4
T180,A49,27-09-2025 02:35,15.5,23.25,Morning Peak,High,31.76,Clear,0,757,0.1579,11.64,Traffic,34.89,30.04,8.45
T181,A6,07-09-2025 11:31,28.28,42.42,Afternoon,High,9.38,Storm,3,212,0.7949,24.04,Incident,66.46,57.92,13.83
T182,A27,03-09-2025 10:53,9.9,14.85,Afternoon,Medium,56.7,Fog,2,255,0.2254,6.14,Weather,20.99,11.29,15.62
T183,A41,04-09-2025 06:43,9.11,13.66,Morning Peak,High,19.14,Rain,1,515,0.2866,4.3,Traffic,17.96,8.71,18.22
T184,A9,24-09-2025 04:19,25.34,38.01,Night,Low,44.01,Clear,0,908,0,0.43,No Delay,38.44,14.59,28.22
T185,A48,21-09-2025 10:36,15.07,22.61,Night,Medium,30.61,Fog,2,171,0.577,8.29,Weather,30.9,24.16,8.29
T186,A12,24-09-2025 20:27,29.36,44.04,Afternoon,Medium,44.47,Storm,3,209,0.4231,5.95,No Delay,49.99,9.19,44.88
T187,A45,08-09-2025 20:19,14.24,21.36,Night,Low,29.13,Storm,3,140,0.0246,4.77,Weather,26.13,18.02,14.47
T188,A49,30-09-2025 07:17,18.41,27.61,Afternoon,Low,50.74,Rain,1,671,0.2408,5.78,Weather,33.39,2.77,30.48
T189,A28,06-09-2025 17:24,6.36,9.54,Afternoon,Low,50.32,Clear,0,981,0.0847,-0.13,No Delay,9.41,3.87,13.06
T190,A18,07-09-2025 05:40,26.83,40.24,Morning Peak,Medium,32.99,Clear,0,801,0.3013,19.08,Traffic,59.32,46.51,14.89
T191,A44,25-09-2025 21:05,24.43,36.65,Night,Low,58.43,Clear,0,1049,0.1291,-0.37,No Delay,36.28,24.05,18.61
T192,A49,30-09-2025 13:22,29.63,44.45,Morning Peak,High,8.27,Clear,0,1036,1.3533,25.73,Incident,70.18,44.58,30.58
T193,A31,18-09-2025 04:17,25.32,37.98,Afternoon,High,11.93,Clear,0,945,1.0659,20.16,Incident,58.14,48.19,11.3
T194,A11,18-09-2025 10:18,11.73,17.59,Night,Medium,23.85,Storm,3,298,1.1894,5.25,Incident,22.84,3.81,21.02
T195,A26,21-09-2025 02:17,13.81,20.71,Afternoon,High,25.49,Rain,1,750,0.2949,8.78,Traffic,29.49,25.92,10.51
T196,A16,07-09-2025 08:35,9.87,14.8,Night,Low,39.61,Clear,0,944,0,-0.57,No Delay,14.23,4.18,15.24
T197,A18,18-09-2025 07:57,22.3,33.45,Afternoon,Low,55.78,Clear,0,903,0.0115,-0.22,No Delay,33.23,0.26,43.23
T198,A39,08-09-2025 03:23,17.31,25.96,Evening Peak,Low,50.71,Fog,2,285,0.17,6.3,Weather,32.26,11.61,25.32
T199,A18,30-09-2025 23:08,3.81,5.71,Afternoon,High,19.66,Fog,2,181,1.1185,2.65,Incident,8.36,4.91,10.57
T200,A26,15-09-2025 05:17,21.2,31.8,Night,Medium,21,Rain,1,588,1.2154,18.52,Incident,50.32,26.52,27.72
T201,A49,13-09-2025 09:06,24.82,37.23,Evening Peak,High,19.33,Fog,2,190,1.1952,11,Incident,48.23,34.28,19.54
T202,A20,01-09-2025 13:32,12.05,18.08,Night,Low,37.49,Clear,0,931,0.0811,0.95,No Delay,19.03,13.81,11.96
T203,A3,25-09-2025 02:54,23,34.5,Afternoon,Low,35.41,Storm,3,287,0.2405,11.81,Weather,46.31,27.96,25.75
T204,A43,30-09-2025 19:18,11.68,17.52,Evening Peak,High,13.19,Clear,0,753,1.0048,10.29,Incident,27.81,15.46,20.59
T205,A7,27-09-2025 22:09,24.43,36.65,Afternoon,Medium,40.92,Storm,3,197,0.3454,13.08,Weather,49.73,21.99,33.87
T206,A49,29-09-2025 10:49,10.3,15.45,Morning Peak,High,31.93,Clear,0,964,0.3979,4.82,Traffic,20.27,14.06,12.69
T207,A13,21-09-2025 23:41,17.99,26.98,Evening Peak,High,39.13,Clear,0,809,0.4155,8.71,Traffic,35.69,12.69,25.43
T208,A5,24-09-2025 14:05,10.92,16.38,Afternoon,Medium,50.59,Fog,2,302,0.3448,2.81,Weather,19.19,12.57,14.36
T209,A15,07-09-2025 06:52,14.56,21.84,Night,Medium,26.06,Rain,1,700,0.5273,7.17,Incident,29.01,15.57,15.57
T210,A35,17-09-2025 06:20,16.06,24.09,Night,Low,44,Clear,0,848,0,-0.93,No Delay,23.16,14.72,15.73
T211,A1,23-09-2025 00:18,21.99,32.98,Afternoon,Medium,22.07,Storm,3,130,0.4605,9.25,Weather,42.23,11.35,33.34
T212,A39,27-09-2025 00:07,2.52,3.78,Night,Low,55.56,Clear,0,846,0,0.1,No Delay,3.88,0.84,6.64
T213,A7,14-09-2025 08:37,8.85,13.28,Afternoon,Low,49.54,Fog,2,216,0.0868,2.11,Weather,15.39,8.11,15.48
T214,A5,02-09-2025 14:59,2.77,4.16,Evening Peak,High,17.39,Clear,0,878,0.2855,0.95,Traffic,5.11,1.15,6.98
T215,A6,21-09-2025 21:08,22.98,34.47,Afternoon,High,16.76,Storm,3,167,0.4108,13.81,Incident,48.28,27.95,25.96
T216,A13,18-09-2025 22:11,4.64,6.96,Evening Peak,High,36.12,Clear,0,791,0.2546,3.54,Traffic,10.5,3.53,14.46
T217,A12,19-09-2025 16:34,20.39,30.59,Afternoon,High,21.86,Fog,2,227,0.9901,12.14,Incident,42.73,16.39,29.34
T218,A31,28-09-2025 10:32,8.09,12.13,Evening Peak,Low,40.81,Clear,0,974,0.0366,-0.18,No Delay,11.95,8.21,9.06
T219,A12,23-09-2025 01:49,18.72,28.08,Evening Peak,Medium,13.64,Fog,2,232,0.7673,14.94,Incident,43.02,20.71,28.53
T220,A8,01-09-2025 22:07,9.21,13.82,Afternoon,Low,46.06,Clear,0,920,0.0205,0.72,No Delay,14.54,0.12,18.96
T221,A26,20-09-2025 15:14,14.08,21.12,Afternoon,Medium,20.41,Clear,0,857,0.216,10.01,Traffic,31.13,21.08,14.55
T222,A47,21-09-2025 20:55,26.76,40.14,Afternoon,Low,45.13,Clear,0,769,0,0,No Delay,40.14,13.14,31.2
T223,A35,25-09-2025 10:15,22.25,33.38,Afternoon,High,11.29,Clear,0,768,1.3291,12.24,Incident,45.62,21.16,26.88
T224,A4,08-09-2025 10:59,25.95,38.92,Afternoon,Medium,21.64,Rain,1,453,0,12.38,Weather,51.3,9.02,51.42
T225,A23,03-09-2025 09:01,25.04,37.56,Evening Peak,High,30.96,Rain,1,561,0.0488,14.79,Traffic,52.35,43.35,13.58
T226,A32,03-09-2025 09:54,16.05,24.07,Evening Peak,Low,43.4,Fog,2,360,0.4045,8.49,Weather,32.56,19.16,18.38
T227,A22,09-09-2025 01:31,15.81,23.71,Afternoon,Medium,26.74,Storm,3,217,0.1959,4.78,Weather,28.49,19.25,13.37
T228,A11,20-09-2025 05:42,19.33,28.99,Afternoon,Medium,37.66,Storm,3,195,0.4578,9.3,Weather,38.29,11.02,30.4
T229,A17,25-09-2025 11:36,12.69,19.04,Night,Low,38.59,Clear,0,834,0.0019,-0.39,No Delay,18.65,1.29,23.53
T230,A35,16-09-2025 18:47,2.37,3.56,Night,High,25,Clear,0,894,0.034,1.66,Traffic,5.22,0.33,10.59
T231,A13,04-09-2025 13:16,18.12,27.18,Night,Low,48.42,Clear,0,977,0.0755,-0.48,No Delay,26.7,10.23,22.14
T232,A41,23-09-2025 07:17,3.3,4.95,Afternoon,Medium,6.4,Clear,0,852,0.514,2.41,Traffic,7.36,0.94,13.45
T233,A1,15-09-2025 19:50,18.08,27.12,Morning Peak,High,35.34,Clear,0,854,0.0976,10.04,Traffic,37.16,22.53,23.74
T234,A9,06-09-2025 00:58,24.43,36.65,Night,High,16.79,Fog,2,152,0.8084,11.45,Incident,48.1,11.04,37.55
T235,A7,07-09-2025 22:56,9.65,14.48,Afternoon,Low,44.45,Clear,0,1053,0.0114,0.38,No Delay,14.86,12.82,4.52
T236,A14,24-09-2025 06:41,15.05,22.58,Night,Medium,41.42,Fog,2,341,0.4557,3.71,Weather,26.29,4.45,22.51
T237,A18,04-09-2025 23:09,28,42,Afternoon,Medium,26.39,Fog,2,205,0.6149,10.29,Weather,52.29,5.32,55.61
T238,A17,28-09-2025 06:04,22.36,33.54,Morning Peak,Low,53.16,Clear,0,978,0.1007,-1.15,No Delay,32.39,23.92,16.31
T239,A11,25-09-2025 05:39,20.93,31.39,Morning Peak,Low,43.14,Rain,1,541,0.1263,10.15,Weather,41.54,19.04,30.25
T240,A16,06-09-2025 08:35,11.76,17.64,Afternoon,High,10.34,Fog,2,323,1.3299,10.56,Incident,28.2,22.29,11.25
T241,A44,24-09-2025 04:47,11.83,17.75,Afternoon,Low,50.4,Clear,0,914,0.0388,-0.39,No Delay,17.36,1.68,19.5
T242,A23,13-09-2025 06:37,25.23,37.84,Afternoon,Low,42.3,Clear,0,811,0.2479,1.27,No Delay,39.11,21.04,22.48
T243,A6,14-09-2025 03:18,14.3,21.45,Evening Peak,High,10.06,Storm,3,259,0.5875,10.62,Incident,32.07,19.52,16.17
T244,A18,19-09-2025 18:50,5.25,7.88,Night,High,19.17,Fog,2,236,0.569,2.99,Incident,10.87,0.08,16.73
T245,A4,28-09-2025 06:58,11.16,16.74,Afternoon,Medium,23.9,Clear,0,941,0.3145,6.37,Traffic,23.11,20.23,6
T246,A36,06-09-2025 03:14,28.49,42.73,Evening Peak,High,26.75,Rain,1,599,0.0703,19.33,Traffic,62.06,26.12,42.12
T247,A15,29-09-2025 08:54,15.82,23.73,Morning Peak,High,31.07,Rain,1,521,0.2229,11.73,Incident,35.46,17.54,25.52
T248,A38,22-09-2025 18:19,2.92,4.38,Evening Peak,High,40.88,Rain,1,563,0.0638,2.2,Traffic,6.58,5.52,5.01
T249,A43,15-09-2025 04:07,14.47,21.71,Evening Peak,Medium,24.32,Clear,0,860,0.0023,4.37,Traffic,26.08,22.15,10.73
T250,A21,22-09-2025 13:14,3.44,5.16,Night,High,19.76,Fog,2,181,0.6986,2.3,Incident,7.46,2.29,9.12
T251,A38,14-09-2025 09:16,20.43,30.65,Afternoon,High,22.25,Fog,2,335,1.4295,15.17,Incident,45.82,28.21,25.16
T252,A49,04-09-2025 22:48,29.78,44.67,Afternoon,High,11.17,Clear,0,921,1.038,20.23,Incident,64.9,21.37,51.58
T253,A21,13-09-2025 20:09,28.35,42.52,Morning Peak,High,24.81,Rain,1,621,0.3178,12.38,Traffic,54.9,28.72,33.44
T254,A26,10-09-2025 00:14,19.85,29.78,Evening Peak,Medium,31.83,Clear,0,866,0.3363,13.56,Traffic,43.34,16.08,32.07
T255,A15,28-09-2025 05:35,11.75,17.62,Morning Peak,High,19.94,Rain,1,671,0.177,6.55,Traffic,24.17,11.77,19.96
T256,A19,19-09-2025 23:16,9.62,14.43,Night,Low,59.17,Clear,0,1037,0.1031,0.2,No Delay,14.63,9.64,12.06
T257,A7,02-09-2025 19:48,11.41,17.12,Morning Peak,High,39.22,Storm,3,159,0.5221,2.3,Weather,19.42,14.94,11.53
T258,A3,22-09-2025 01:57,16.09,24.13,Morning Peak,Medium,19.06,Clear,0,821,0.1185,9.21,Traffic,33.34,1.85,41.62
T259,A40,09-09-2025 04:52,14.48,21.72,Morning Peak,Low,33.69,Clear,0,782,0.0956,-0.01,No Delay,21.71,2.64,19.65
T260,A7,10-09-2025 20:31,7.96,11.94,Night,Low,47.53,Clear,0,1042,0,-0.21,No Delay,11.73,3.42,15.7
T261,A21,06-09-2025 22:16,4.95,7.42,Morning Peak,High,26.23,Clear,0,972,0.4338,3.11,Traffic,10.53,6.31,12.74
T262,A26,04-09-2025 14:03,6.92,10.38,Morning Peak,High,25.07,Clear,0,821,0.3998,2.67,Traffic,13.05,4.63,13.88
T263,A36,19-09-2025 08:46,28.4,42.6,Evening Peak,Medium,16.09,Rain,1,603,0.2532,19.61,Traffic,62.21,22.47,43.31
T264,A29,01-09-2025 07:32,14.67,22.01,Morning Peak,High,26.09,Rain,1,389,0.5244,8.6,Incident,30.61,18.85,16.93
T265,A13,28-09-2025 00:50,12.63,18.95,Morning Peak,Medium,26.94,Rain,1,720,0.2586,6.43,Traffic,25.38,20.33,9.93
T266,A6,02-09-2025 22:54,18.93,28.39,Evening Peak,High,39.35,Clear,0,873,0.1755,10.88,Traffic,39.27,32.12,11.03
T267,A13,25-09-2025 01:08,11.05,16.57,Morning Peak,High,37.15,Rain,1,572,0.312,5.37,Traffic,21.94,9,16.88
T268,A17,08-09-2025 12:53,26.39,39.59,Afternoon,Low,44.76,Fog,2,359,0.1563,4.22,Weather,43.81,38.21,11.26
T269,A41,04-09-2025 13:28,7.67,11.51,Afternoon,Low,36.15,Fog,2,345,0,3.04,Weather,14.55,5.74,16.15
T270,A49,13-09-2025 17:27,3.97,5.96,Afternoon,Medium,41.21,Clear,0,902,0.0524,-0.03,No Delay,5.93,0.84,9.02
T271,A29,13-09-2025 12:38,10.52,15.78,Afternoon,Low,51.92,Clear,0,856,0.089,-0.33,No Delay,15.45,8.89,8.97
T272,A1,14-09-2025 02:53,22.19,33.29,Evening Peak,High,27.33,Clear,0,1012,0.265,12.16,Traffic,45.45,15.31,32.73
T273,A14,23-09-2025 15:39,17.21,25.82,Evening Peak,High,12.62,Rain,1,663,0.8821,13.34,Incident,39.16,15.03,30.13
T274,A44,30-09-2025 19:50,28.5,42.75,Morning Peak,Medium,48.15,Clear,0,893,0.0167,2,No Delay,44.75,17.56,31.26
T275,A23,22-09-2025 08:30,6.77,10.15,Afternoon,High,24.91,Rain,1,680,0.3008,5.25,Traffic,15.4,10.99,7.64
T276,A27,19-09-2025 12:09,15.21,22.82,Night,Medium,35.71,Fog,2,197,0.3298,8.09,Weather,30.91,3.52,30.51
T277,A28,06-09-2025 17:42,9.7,14.55,Afternoon,High,30.46,Clear,0,816,0.2084,3.11,Traffic,17.66,5.93,19.66
T278,A15,11-09-2025 19:22,14.56,21.84,Night,Low,36.35,Storm,3,123,0.5516,7.11,Weather,28.95,8.78,27.5
T279,A4,20-09-2025 05:10,19.83,29.74,Night,Low,40.91,Storm,3,269,0.2522,4.56,Weather,34.3,15.82,23.49
T280,A47,10-09-2025 13:02,25.19,37.79,Night,Medium,30.73,Rain,1,547,0.5425,9.11,Traffic,46.9,31.71,23.7
T281,A14,01-09-2025 16:11,23.36,35.04,Night,High,15.35,Rain,1,432,0.4471,14.12,Incident,49.16,17.5,37.99
T282,A16,27-09-2025 08:06,5.89,8.83,Morning Peak,High,17.99,Rain,1,677,1.2212,3.87,Incident,12.7,0.63,19.03
T283,A33,21-09-2025 00:46,8.91,13.37,Night,Low,50.77,Clear,0,923,0.0288,0.12,No Delay,13.49,6.82,14.15
T284,A49,11-09-2025 06:57,19.19,28.79,Afternoon,Low,55.44,Clear,0,1005,0.0954,1.2,No Delay,29.99,4.8,25.36
T285,A25,24-09-2025 04:08,17.53,26.3,Morning Peak,High,19.93,Clear,0,783,0.1918,9.53,Traffic,35.83,9.66,28.65
T286,A8,17-09-2025 12:04,4.11,6.17,Morning Peak,High,21,Clear,0,1008,0.5884,2.91,Incident,9.08,0.69,15.24
T287,A6,30-09-2025 20:19,13.37,20.05,Night,Low,41.37,Clear,0,917,0.0489,1.19,No Delay,21.24,12.99,15.02
T288,A3,23-09-2025 07:58,5.4,8.1,Afternoon,Low,50.25,Storm,3,253,0.33,2.03,Weather,10.13,8.25,6.29
T289,A6,14-09-2025 03:36,18.61,27.91,Evening Peak,High,31.6,Rain,1,516,0.0442,13.75,Traffic,41.66,12.48,32.82
T290,A5,14-09-2025 19:10,26.41,39.62,Night,Low,54.84,Clear,0,1041,0.0286,-1.37,No Delay,38.25,18.07,29.45
T291,A37,19-09-2025 18:02,8.09,12.13,Afternoon,Low,39.69,Clear,0,902,0,0.38,No Delay,12.51,9.06,9.1
T292,A13,14-09-2025 01:14,11.29,16.93,Evening Peak,Medium,25.94,Fog,2,178,0.2637,6.54,Weather,23.47,3.5,24.1
T293,A44,30-09-2025 03:38,27.42,41.13,Morning Peak,High,26.88,Rain,1,420,0.0967,15.5,Traffic,56.63,15.59,50.61
T294,A39,11-09-2025 08:13,19.23,28.84,Morning Peak,High,24.21,Rain,1,476,0.139,7.95,Traffic,36.79,6.63,35.6
T295,A10,20-09-2025 00:50,21.84,32.76,Evening Peak,Medium,51.28,Fog,2,197,0.3121,7.65,Weather,40.41,31.31,12.57
T296,A28,26-09-2025 11:08,20.02,30.03,Night,Low,39.21,Clear,0,888,0,1.39,No Delay,31.42,2.85,35.82
T297,A17,16-09-2025 01:38,20.76,31.14,Night,Medium,19,Rain,1,469,0.0224,12.07,Traffic,43.21,9.95,35.98
T298,A15,28-09-2025 23:38,3.47,5.21,Afternoon,High,16.18,Clear,0,904,0.4501,1.27,Traffic,6.48,1.64,10.38
T299,A21,24-09-2025 05:29,21.77,32.66,Evening Peak,High,25.85,Clear,0,919,0.8882,9.35,Incident,42.01,20.48,25.39
T300,A39,19-09-2025 01:45,11.89,17.84,Night,Low,46.7,Clear,0,1030,0,0.34,No Delay,18.18,15.8,5.63
T301,A39,17-09-2025 08:39,7,10.5,Morning Peak,Medium,33.9,Clear,0,1068,0.042,0.55,No Delay,11.05,1.56,13.66
T302,A45,10-09-2025 03:32,25.81,38.71,Afternoon,Low,41.01,Clear,0,865,0,0.78,No Delay,39.49,7.15,35.77
T303,A33,16-09-2025 06:30,9.22,13.83,Night,High,29.6,Fog,2,259,0.3168,2.77,Weather,16.6,5.32,14.56
T304,A31,24-09-2025 16:35,29.36,44.04,Morning Peak,High,29.07,Clear,0,978,0.396,19.75,Traffic,63.79,26.11,45.19
T305,A36,24-09-2025 14:43,11.54,17.31,Afternoon,Low,48.98,Fog,2,229,0.0405,4.65,Weather,21.96,1,26.62
T306,A24,19-09-2025 17:47,22.01,33.02,Evening Peak,High,20.62,Rain,1,691,0.667,10.55,Incident,43.57,35.24,12.11
T307,A44,23-09-2025 04:58,17.38,26.07,Night,High,14.67,Rain,1,588,1.0788,13.43,Incident,39.5,32.08,9.61
T308,A40,16-09-2025 01:59,7.23,10.85,Night,Medium,33.41,Storm,3,257,0.2438,4.65,Weather,15.5,1.56,19.71
T309,A13,11-09-2025 22:13,26.03,39.05,Night,Low,42.5,Clear,0,1019,0,-1.46,No Delay,37.59,10.78,37.9
T310,A40,10-09-2025 23:29,25.63,38.44,Morning Peak,Medium,16.61,Clear,0,880,0,17.41,Traffic,55.85,33.49,31.12
T311,A2,11-09-2025 20:54,24.57,36.85,Evening Peak,High,30.16,Fog,2,195,0.3223,4.21,Weather,41.06,14.87,29.95
T312,A45,10-09-2025 14:38,25.98,38.97,Evening Peak,Low,40.95,Fog,2,360,0.2327,15.95,Weather,54.92,27.49,29.8
T313,A7,15-09-2025 23:31,19.27,28.91,Night,Medium,25.24,Clear,0,1079,0.2747,10.66,Traffic,39.57,25.13,19.15
T314,A14,04-09-2025 22:22,22.56,33.84,Morning Peak,High,17.5,Clear,0,990,0.4983,19.56,Incident,53.4,6.16,52.66
T315,A20,14-09-2025 17:01,28,42,Morning Peak,High,41.33,Fog,2,277,0,14.75,Traffic,56.75,22.47,38.69
T316,A4,06-09-2025 07:42,14.51,21.77,Night,Low,57.49,Clear,0,1026,0,1.24,No Delay,23.01,7.2,20.21
T317,A19,03-09-2025 09:04,4.72,7.08,Morning Peak,High,22.45,Clear,0,1006,0.1964,3.22,Incident,10.3,1.51,12.39
T318,A26,28-09-2025 19:12,26.95,40.42,Morning Peak,High,47.65,Rain,1,646,0.3819,16.08,Weather,56.5,39.63,22.5
T319,A25,24-09-2025 00:07,28.4,42.6,Night,Medium,21.75,Clear,0,899,1.2434,17.18,Incident,59.78,39.93,26.51
T320,A49,18-09-2025 11:56,5.71,8.56,Afternoon,High,25.89,Rain,1,598,0.3487,1.3,Weather,9.86,2.39,14.22
T321,A36,13-09-2025 08:17,15.65,23.47,Evening Peak,High,18.48,Fog,2,196,0.9077,10.95,Incident,34.42,0.6,38.36
T322,A30,29-09-2025 05:31,27.35,41.03,Afternoon,High,21.45,Fog,2,275,0.5433,23.54,Incident,64.57,21.92,43.58
T323,A3,25-09-2025 19:47,28.25,42.38,Evening Peak,Medium,22.41,Clear,0,805,0.2456,21.68,Traffic,64.06,45.43,24.73
T324,A34,15-09-2025 13:18,16.91,25.37,Afternoon,Low,33.61,Rain,1,600,0.4794,3.93,Weather,29.3,16.06,15.15
T325,A20,04-09-2025 05:29,2.17,3.25,Night,Low,42,Clear,0,901,0,0,Weather,3.25,0.35,9.02
T326,A38,26-09-2025 10:44,16.66,24.99,Afternoon,Low,53.03,Clear,0,830,0,0.81,No Delay,25.8,4.58,26.9
T327,A47,16-09-2025 10:04,20.96,31.44,Evening Peak,Medium,30.58,Clear,0,776,0.3716,5.73,Traffic,37.17,29.37,11.32
T328,A44,24-09-2025 13:15,19.77,29.65,Morning Peak,Low,47.63,Clear,0,904,0,0.31,No Delay,29.96,20.78,16.72
T329,A13,22-09-2025 23:25,13.99,20.98,Night,High,32.16,Clear,0,866,1.1605,12.68,Incident,33.66,20.26,22.52
T330,A37,25-09-2025 17:12,26.75,40.12,Morning Peak,High,24.45,Storm,3,241,1.1727,16.95,Incident,57.07,18.19,44.57
T331,A24,14-09-2025 08:45,21.7,32.55,Morning Peak,Medium,12.99,Storm,3,146,1.2337,14.62,Incident,47.17,32.65,22.16
T332,A16,04-09-2025 03:48,7.72,11.58,Night,Low,40.19,Clear,0,743,0.0309,-0.18,No Delay,11.4,7.92,6.83
T333,A9,26-09-2025 06:38,15.29,22.93,Afternoon,High,16.95,Rain,1,731,1.0878,6.71,Incident,29.64,3.72,34.91
T334,A48,18-09-2025 23:42,17.96,26.94,Night,Low,40.8,Clear,0,812,0.0122,-0.19,No Delay,26.75,7.73,26.08
T335,A22,20-09-2025 03:03,3.52,5.28,Night,Low,51.96,Clear,0,793,0.0097,-0.15,No Delay,5.13,3.02,5.68
T336,A37,29-09-2025 07:46,6.29,9.44,Night,Medium,54.49,Clear,0,864,0.0405,-0.18,No Delay,9.26,0.71,15.53
T337,A7,24-09-2025 03:36,14.35,21.53,Afternoon,Low,33.22,Clear,0,831,0.1788,0.66,No Delay,22.19,8.09,18.28
T338,A27,09-09-2025 09:05,5.43,8.14,Afternoon,Low,43.06,Clear,0,881,0,0.24,No Delay,8.38,2.4,7.7
T339,A43,10-09-2025 19:25,4.73,7.1,Afternoon,High,17.31,Fog,2,237,1.3697,2.41,Incident,9.51,3.4,11.19
T340,A23,18-09-2025 16:47,25.13,37.7,Evening Peak,Low,48.96,Clear,0,787,0.1335,1.13,No Delay,38.83,24.08,20.5
T341,A9,09-09-2025 03:27,18.84,28.26,Night,High,19.82,Fog,2,194,0.7621,13.11,Incident,41.37,16.96,28.52
T342,A36,15-09-2025 15:09,22.69,34.04,Evening Peak,Medium,18.3,Fog,2,389,0.6954,17.03,Incident,51.07,19.15,36.03
T343,A39,04-09-2025 07:21,24.37,36.56,Evening Peak,Medium,24.91,Clear,0,974,0.3491,16.14,Traffic,52.7,8.18,46.2
T344,A48,18-09-2025 03:29,9.35,14.02,Morning Peak,Medium,31.96,Clear,0,886,0.121,4.36,Traffic,18.38,9.81,10.43
T345,A32,18-09-2025 01:20,7.55,11.32,Morning Peak,Medium,37.56,Fog,2,293,0.4635,1.47,Weather,12.79,1.3,17.56
T346,A12,07-09-2025 18:46,2.02,3.03,Morning Peak,Low,48.45,Storm,3,98,0.2657,0.32,Weather,3.35,1.12,4.44
T347,A35,08-09-2025 22:56,16.49,24.73,Evening Peak,Medium,18.69,Clear,0,883,1.1439,13.59,Incident,38.32,24.78,17.72
T348,A32,06-09-2025 07:57,29.98,44.97,Afternoon,Low,39.69,Fog,2,128,0.4633,18.23,Weather,63.2,29.49,37.82
T349,A23,24-09-2025 10:22,23.05,34.58,Morning Peak,High,35.09,Clear,0,960,0.1751,8.26,Traffic,42.84,37.73,11.43
T350,A16,17-09-2025 19:59,17.47,26.2,Evening Peak,High,17.93,Clear,0,813,0.3293,8.17,Traffic,34.37,29.26,10.04
T351,A23,11-09-2025 16:37,26.53,39.8,Afternoon,Low,26.93,Fog,2,254,0.0727,11.07,Weather,50.87,7.16,46.18
T352,A44,12-09-2025 16:06,14.08,21.12,Afternoon,High,18.74,Storm,3,218,0.6999,10.64,Incident,31.76,0.5,38.47
T353,A39,18-09-2025 01:34,23.8,35.7,Night,Medium,39.54,Clear,0,903,0.3804,8.86,Traffic,44.56,34.69,18.4
T354,A12,13-09-2025 09:41,17,25.5,Morning Peak,Low,36.64,Clear,0,873,0.1501,0.78,No Delay,26.28,0.29,31.26
T355,A46,02-09-2025 05:40,28.15,42.23,Afternoon,High,15.18,Storm,3,232,0.6786,12.49,Incident,54.72,45.45,15.96
T356,A12,23-09-2025 23:00,4.27,6.4,Night,Medium,46.7,Clear,0,966,0.0432,0.04,No Delay,6.44,4.34,7.96
T357,A18,11-09-2025 14:05,2.6,3.9,Night,High,51.66,Rain,1,503,0.1979,0.93,Weather,4.83,3.79,3.78
T358,A46,26-09-2025 18:45,24.91,37.37,Night,Low,44.44,Clear,0,977,0,0.24,No Delay,37.61,14.85,24.85
T359,A48,20-09-2025 00:49,24.3,36.45,Afternoon,Low,43.18,Clear,0,1049,0,1.64,No Delay,38.09,21.45,20.71
T360,A36,04-09-2025 07:54,29.38,44.07,Evening Peak,High,24.45,Clear,0,746,0.0249,21.52,Incident,65.59,15.63,49.06
T361,A26,14-09-2025 23:08,11.01,16.52,Afternoon,Low,48.4,Clear,0,986,0.0863,-0.5,No Delay,16.02,8.93,13.19
T362,A39,08-09-2025 09:28,7.69,11.54,Evening Peak,Medium,42.58,Clear,0,872,0.0849,-0.45,No Delay,11.09,0.66,15.3
T363,A3,20-09-2025 17:40,8.93,13.39,Afternoon,Low,28.43,Fog,2,356,0.0151,1.61,Weather,15,8.95,9.42
T364,A13,18-09-2025 03:30,25.14,37.71,Evening Peak,High,38.24,Clear,0,910,0.2399,7.96,Traffic,45.67,27.49,25.91
T365,A22,28-09-2025 04:06,26.25,39.38,Night,Low,64.01,Clear,0,806,0.041,1.87,No Delay,41.25,29.91,13.8
T366,A3,18-09-2025 13:39,25.81,38.71,Afternoon,Low,21.43,Fog,2,298,0.362,5.62,Weather,44.33,28.12,21.91
T367,A11,27-09-2025 18:07,6.46,9.69,Evening Peak,Low,50.24,Clear,0,947,0.0858,0.43,No Delay,10.12,7.08,8.26
T368,A36,16-09-2025 00:10,10.11,15.16,Evening Peak,Low,46.55,Clear,0,771,0.0479,0.34,No Delay,15.5,12.81,10.3
T369,A26,14-09-2025 08:33,22.29,33.44,Night,Medium,40.86,Clear,0,946,0,0.64,No Delay,34.08,26.41,15.57
T370,A15,01-09-2025 09:32,5.79,8.68,Afternoon,High,18.41,Fog,2,262,0.8019,3.64,Incident,12.32,5.74,11.4
T371,A12,19-09-2025 21:12,13.09,19.63,Evening Peak,High,27.26,Fog,2,187,0.7739,7.92,Incident,27.55,23.29,8.72
T372,A44,05-09-2025 19:20,17.45,26.17,Morning Peak,Medium,23.15,Storm,3,119,0.6199,6.2,Weather,32.37,9.35,30.67
T373,A12,05-09-2025 22:55,2.15,3.23,Evening Peak,High,18.26,Clear,0,851,0.1284,1.48,Traffic,4.71,1.23,6.85
T374,A16,24-09-2025 18:48,27.81,41.71,Morning Peak,High,25.38,Clear,0,1011,0.0511,15.34,Traffic,57.05,1.48,56.67
T375,A5,11-09-2025 20:04,19.69,29.54,Evening Peak,Medium,32.27,Rain,1,641,0.1676,10.17,Traffic,39.71,3.35,43.82
T376,A22,16-09-2025 08:27,18.09,27.13,Night,High,9,Fog,2,172,0.6248,15.9,Incident,43.03,15.71,34.09
T377,A15,06-09-2025 15:07,14.23,21.34,Evening Peak,Medium,35.54,Fog,2,271,0.1814,3.27,Weather,24.61,3.1,29.7
T378,A21,17-09-2025 15:23,23.91,35.87,Afternoon,Low,26.67,Clear,0,824,0.0591,0.28,No Delay,36.15,13.99,29.27
T379,A40,27-09-2025 07:45,13.93,20.89,Morning Peak,Low,44.9,Clear,0,936,0.1238,-0.54,No Delay,20.35,18.13,7.05
T380,A15,27-09-2025 16:18,19.84,29.76,Morning Peak,High,10.96,Fog,2,224,1.3672,10.2,Incident,39.96,14.79,30
T381,A20,19-09-2025 13:03,13.33,20,Evening Peak,High,18.4,Rain,1,565,1.4386,11.86,Incident,31.86,4.45,30.51
T382,A31,17-09-2025 19:49,4.89,7.33,Evening Peak,High,24.38,Fog,2,278,0.6712,3.72,Incident,11.05,8.65,8.51
T383,A22,25-09-2025 01:13,29.42,44.13,Afternoon,Medium,34.61,Fog,2,194,0.1571,12.67,Weather,56.8,23.44,34.68
T384,A43,20-09-2025 09:12,7.94,11.91,Evening Peak,High,15.6,Rain,1,413,0.1689,2.62,Traffic,14.53,5.7,17.5
T385,A29,28-09-2025 19:07,8.15,12.23,Morning Peak,High,23.5,Clear,0,869,0.3965,2.75,Traffic,14.98,6.46,13.85
T386,A22,14-09-2025 19:24,7.35,11.03,Morning Peak,High,27.49,Clear,0,810,0.0947,5.45,Traffic,16.48,9.32,14.83
T387,A37,27-09-2025 03:23,14.06,21.09,Evening Peak,High,15.44,Clear,0,937,1.0766,12.23,Incident,33.32,10.38,26.62
T388,A23,12-09-2025 23:46,25.91,38.87,Night,Low,40.26,Clear,0,1029,0.0399,0.75,No Delay,39.62,32.56,11.1
T389,A3,17-09-2025 04:56,23.66,35.49,Afternoon,Low,50.28,Clear,0,930,0.1336,1.71,No Delay,37.2,10.76,33.45
T390,A26,16-09-2025 16:12,4.48,6.72,Morning Peak,High,26.17,Fog,2,233,0.1689,1.44,Traffic,8.16,1.32,13.83
T391,A22,15-09-2025 13:48,5.5,8.25,Morning Peak,High,31.36,Clear,0,910,0.2869,2.05,Traffic,10.3,8.53,8.88
T392,A41,28-09-2025 15:23,2.41,3.62,Night,High,13.82,Rain,1,749,0.6831,1.67,Incident,5.29,2.6,4.67
T393,A16,01-09-2025 02:34,15.09,22.63,Morning Peak,Low,33.17,Fog,2,303,0.5885,5.86,Weather,28.49,1.36,28.17
T394,A19,07-09-2025 11:12,24.36,36.54,Night,Low,48.29,Clear,0,844,0.0336,0.63,No Delay,37.17,17.64,27.2
T395,A30,14-09-2025 01:38,13.91,20.87,Night,Low,50.48,Clear,0,985,0,0.13,No Delay,21,4.27,26.4
T396,A48,07-09-2025 04:14,28.08,42.12,Night,Low,42.88,Fog,2,336,0.1479,16.23,Weather,58.35,32.85,29.69
T397,A8,10-09-2025 12:22,7.71,11.56,Evening Peak,High,13.69,Rain,1,674,0.2118,3.16,Traffic,14.72,8.48,10.26
T398,A41,22-09-2025 07:18,20,30,Evening Peak,High,36.27,Clear,0,1011,0.1369,11.03,Traffic,41.03,16.26,30.07
T399,A30,13-09-2025 07:44,11.27,16.91,Evening Peak,High,5,Rain,1,726,0.4381,5.02,Incident,21.93,13.71,16.12
T400,A38,10-09-2025 10:50,3.66,5.49,Morning Peak,Medium,33.14,Storm,3,216,0.0329,0.87,Weather,6.36,4.88,7.42
T401,A25,19-09-2025 23:27,18.81,28.21,Night,Low,50.38,Clear,0,864,0,0.79,No Delay,29,1.88,28.01
T402,A18,19-09-2025 05:10,22.69,34.04,Night,High,13,Rain,1,573,0.7753,16.56,Incident,50.6,14.3,40.6
T403,A30,22-09-2025 15:06,9.76,14.64,Afternoon,Medium,43.74,Clear,0,861,0,0.76,No Delay,15.4,13.42,8.22
T404,A43,29-09-2025 03:46,2.29,3.44,Morning Peak,Medium,45.47,Storm,3,98,0.1398,1.36,Weather,4.8,0.39,11.9
T405,A42,17-09-2025 06:26,25.51,38.27,Morning Peak,Low,41.89,Rain,1,687,0.4297,10.46,Weather,48.73,3.33,51.27
T406,A12,28-09-2025 07:57,9.51,14.26,Morning Peak,High,28.52,Rain,1,523,0.3166,5,Traffic,19.26,2.03,21.84
T407,A14,08-09-2025 11:04,28.56,42.84,Morning Peak,High,24.01,Clear,0,725,0.2186,9.85,Traffic,52.69,42.81,13.28
T408,A19,26-09-2025 06:27,13.56,20.34,Morning Peak,Medium,50.23,Clear,0,917,0,-0.69,No Delay,19.65,9.05,17.18
T409,A30,30-09-2025 18:39,20.28,30.42,Night,Low,51.41,Clear,0,934,0.0744,1.37,No Delay,31.79,2.52,33.56
T410,A38,18-09-2025 22:24,12.2,18.3,Morning Peak,Low,27.2,Fog,2,272,0.2051,7.57,Weather,25.87,15.89,11.79
T411,A12,14-09-2025 15:10,23.37,35.05,Night,Low,45.81,Clear,0,863,0.0695,-0.46,No Delay,34.59,16.74,20.95
T412,A4,10-09-2025 10:55,7.63,11.45,Evening Peak,Low,48.64,Storm,3,175,0.2544,4.58,Weather,16.03,11.78,9.31
T413,A13,03-09-2025 19:11,6.32,9.48,Night,Low,38.33,Fog,2,267,0.353,3.92,Weather,13.4,6.88,11.36
T414,A24,07-09-2025 06:45,11.06,16.59,Evening Peak,Medium,37.15,Clear,0,894,0.2085,3.37,Traffic,19.96,3.33,19.32
T415,A24,11-09-2025 07:38,4.24,6.36,Evening Peak,Low,37.58,Clear,0,1064,0.1612,0.2,No Delay,6.56,1.37,10.78
T416,A21,02-09-2025 00:51,21.77,32.66,Afternoon,High,19.03,Clear,0,1032,0.6841,20.27,Traffic,52.93,19.66,37.88
T417,A20,26-09-2025 16:17,3.04,4.56,Night,Low,31.62,Clear,0,858,0.0211,-0.04,Weather,4.52,3.47,5.2
T418,A12,20-09-2025 03:37,18.1,27.15,Afternoon,Medium,23.7,Clear,0,1019,1.196,13.41,Incident,40.56,2.07,46.82
T419,A41,22-09-2025 21:08,9.18,13.77,Evening Peak,Medium,31.73,Storm,3,103,0.4502,3.47,Weather,17.24,5.68,19.69
T420,A44,29-09-2025 11:03,24.08,36.12,Evening Peak,Medium,31.38,Fog,2,344,0.2725,8.79,Weather,44.91,19.85,35.01
T421,A19,25-09-2025 14:55,16.87,25.3,Morning Peak,Low,37.76,Fog,2,187,0.2642,6.03,Weather,31.33,3.09,33.57
T422,A50,16-09-2025 19:10,9.06,13.59,Morning Peak,Medium,40.54,Fog,2,253,0.4832,4.09,Weather,17.68,10.68,15.28
T423,A45,25-09-2025 07:40,16.82,25.23,Evening Peak,High,19.44,Clear,0,743,0.2544,8.19,Incident,33.42,25.59,11.09
T424,A30,18-09-2025 07:54,18.36,27.54,Afternoon,Low,51.04,Clear,0,769,0.0875,-1.1,No Delay,26.44,5.1,22.92
T425,A34,27-09-2025 05:42,2.38,3.57,Morning Peak,High,35.11,Clear,0,871,0.2081,0.9,Traffic,4.47,2.48,6.1
T426,A24,04-09-2025 12:27,8.52,12.78,Afternoon,High,19.52,Clear,0,895,0.41,7.59,Incident,20.37,16.42,11.77
T427,A32,04-09-2025 06:55,16.4,24.6,Afternoon,Low,27.19,Clear,0,999,0.0232,-0.43,No Delay,24.17,14.53,16.26
T428,A35,12-09-2025 08:03,13.65,20.48,Afternoon,Medium,37.32,Clear,0,870,0.3179,7.49,Traffic,27.97,11.71,23.35
T429,A26,22-09-2025 19:51,7.65,11.47,Morning Peak,High,17.43,Rain,1,697,1.3697,6.57,Incident,18.04,11.2,11.71
T430,A4,09-09-2025 20:03,20.04,30.06,Night,Low,49.69,Clear,0,947,0.0784,1.44,No Delay,31.5,24.21,11.64
T431,A28,28-09-2025 13:33,27.28,40.92,Night,Low,46.28,Clear,0,949,0.0146,-0.34,No Delay,40.58,5.51,37.56
T432,A9,04-09-2025 08:53,9.15,13.73,Afternoon,High,15.9,Clear,0,1082,0.3806,5.27,Incident,19,13.57,9.31
T433,A30,18-09-2025 14:56,9.76,14.64,Morning Peak,High,29.64,Rain,1,603,0.2626,7.19,Traffic,21.83,15.22,12.9
T434,A4,12-09-2025 09:51,27.12,40.68,Morning Peak,Medium,27.25,Storm,3,170,0.3724,17.48,Weather,58.16,46.98,13.06
T435,A28,22-09-2025 23:21,15.36,23.04,Night,High,25.83,Rain,1,614,0.2075,4.6,Traffic,27.64,4.95,26.47
T436,A36,08-09-2025 06:58,20.68,31.02,Morning Peak,High,31.32,Fog,2,353,0.2371,7.96,Weather,38.98,12.88,29.75
T437,A30,05-09-2025 14:38,25.71,38.57,Morning Peak,High,19,Rain,1,608,0.353,13.49,Traffic,52.06,4.36,49.65
T438,A4,11-09-2025 15:35,4.15,6.23,Evening Peak,High,27,Rain,1,511,0.9324,1.89,Incident,8.12,1.72,10.77
T439,A36,29-09-2025 20:04,25.32,37.98,Night,Low,49.42,Clear,0,832,0.0624,1.06,No Delay,39.04,15.89,26.73
T440,A35,07-09-2025 12:42,24.8,37.2,Evening Peak,Low,32.05,Storm,3,192,0.2136,14.22,Weather,51.42,35.13,22.86
T441,A33,03-09-2025 01:09,21.48,32.22,Afternoon,High,24.7,Fog,2,317,0.2895,5.27,Weather,37.49,33.2,13.13
T442,A3,12-09-2025 09:09,29.68,44.52,Night,Medium,54.62,Clear,0,837,0.0624,0.7,No Delay,45.22,26.66,23.31
T443,A34,18-09-2025 22:35,6.2,9.3,Afternoon,Medium,28.32,Fog,2,182,0.2153,3.95,Weather,13.25,10.39,7.75
T444,A26,06-09-2025 18:52,9.9,14.85,Afternoon,Medium,29.84,Rain,1,540,0.2054,7.41,Traffic,22.26,8.81,18.59
T445,A8,25-09-2025 04:54,18.82,28.23,Morning Peak,Medium,29.62,Clear,0,863,0.2042,7.44,Traffic,35.67,5.3,33.84
T446,A28,26-09-2025 12:08,5.68,8.52,Evening Peak,High,25.77,Clear,0,1029,0.1909,3.66,Traffic,12.18,10.75,3.5
T447,A37,15-09-2025 20:18,4.31,6.46,Morning Peak,Medium,23.53,Clear,0,1005,0.3391,2.7,Incident,9.16,4.11,6.76
T448,A39,19-09-2025 09:04,9.51,14.26,Morning Peak,Medium,13.33,Fog,2,198,0.7272,8.41,Incident,22.67,14.38,10.97
T449,A19,09-09-2025 10:57,9.79,14.68,Evening Peak,Low,29.37,Clear,0,886,0.0101,-0.32,No Delay,14.36,11.19,9.37
T450,A47,21-09-2025 17:21,14.57,21.86,Afternoon,Low,55.24,Clear,0,855,0.0437,0.66,No Delay,22.52,17.81,9.15
T451,A17,24-09-2025 04:54,28.96,43.44,Night,Low,48.02,Fog,2,234,0.2912,10.82,Weather,54.26,4.7,51.1
T452,A2,16-09-2025 18:19,17.66,26.49,Afternoon,High,21.92,Fog,2,290,0.0624,3.79,Weather,30.28,27.13,5.92
T453,A9,25-09-2025 13:58,16.15,24.22,Afternoon,High,17.7,Fog,2,260,0.6624,7.99,Incident,32.21,24.01,12.88
T454,A25,24-09-2025 09:35,23.62,35.43,Evening Peak,Medium,23.38,Clear,0,839,0.0358,16.78,Traffic,52.21,37.88,20.3
T455,A23,26-09-2025 19:07,16.29,24.43,Night,Medium,25.73,Rain,1,736,1.1368,10.32,Incident,34.75,3.86,34.1
T456,A35,08-09-2025 10:12,16.97,25.45,Afternoon,High,18.55,Rain,1,418,0,12.98,Traffic,38.43,22.17,25.04
T457,A45,30-09-2025 04:26,11.28,16.92,Morning Peak,Medium,32.3,Clear,0,730,0.441,6.22,Traffic,23.14,10.21,17.99
T458,A24,03-09-2025 20:23,15.79,23.68,Night,High,33.88,Storm,3,201,0.0698,2.44,Weather,26.12,16.55,13.34
T459,A49,01-09-2025 15:04,20.39,30.59,Evening Peak,Low,25.27,Rain,1,707,0.3073,9.34,Weather,39.93,8.16,37.2
T460,A27,10-09-2025 21:21,16.9,25.35,Night,Low,45.85,Clear,0,877,0.0211,-0.32,No Delay,25.03,18.96,12.63
T461,A38,01-09-2025 03:13,22.86,34.29,Morning Peak,High,33.43,Clear,0,769,0.3316,12.8,Traffic,47.09,26.83,21.99
T462,A23,30-09-2025 03:25,28.2,42.3,Night,Low,50.16,Clear,0,973,0,0.97,No Delay,43.27,28.89,19.45
T463,A48,20-09-2025 15:32,11.67,17.5,Morning Peak,Medium,16.81,Clear,0,893,0.2454,4.51,Traffic,22.01,16.07,8.6
T464,A8,24-09-2025 07:37,18.46,27.69,Evening Peak,Medium,22.12,Storm,3,149,0.8811,6.63,Weather,34.32,4.69,34.36
T465,A27,08-09-2025 06:15,19.87,29.8,Night,Low,24.4,Storm,3,132,0.1739,3.16,Weather,32.96,29.22,10.78
T466,A37,14-09-2025 06:08,19.92,29.88,Night,High,23.11,Storm,3,270,0.3456,13.09,Weather,42.97,24.75,23.08
T467,A49,30-09-2025 17:59,14.96,22.44,Night,High,37.69,Fog,2,382,0.2501,8.76,Weather,31.2,6.18,27.25
T468,A35,22-09-2025 03:23,18.16,27.24,Evening Peak,High,7.38,Rain,1,453,0.6891,8.32,Incident,35.56,10.02,31.29
T469,A1,18-09-2025 19:54,16.05,24.07,Evening Peak,High,16.04,Clear,0,969,1.0997,12.19,Incident,36.26,32.35,12.53
T470,A17,27-09-2025 00:06,10.93,16.39,Morning Peak,Medium,15.93,Storm,3,262,1.0565,7.28,Incident,23.67,16.18,15.08
T471,A34,16-09-2025 00:17,15.55,23.33,Afternoon,Low,48.4,Fog,2,287,0.2397,8.48,Weather,31.81,18.75,18.98
T472,A7,23-09-2025 02:42,28,42,Night,Low,33.14,Storm,3,189,0.1619,11.77,Weather,53.77,20.84,39.35
T473,A45,24-09-2025 19:05,11.62,17.43,Morning Peak,Low,52.78,Clear,0,1027,0.0517,0.73,No Delay,18.16,0.64,26.91
T474,A35,22-09-2025 21:23,28.95,43.42,Night,Low,32.8,Fog,2,179,0.5826,18,Weather,61.42,22.4,43.65
T475,A22,22-09-2025 19:43,21.78,32.67,Night,Medium,33.57,Fog,2,254,0.648,9.56,Weather,42.23,7.97,40.99
T476,A33,24-09-2025 04:20,28.51,42.77,Afternoon,Medium,41.32,Fog,2,241,0.0419,13.12,Weather,55.89,35.69,22.77
T477,A50,15-09-2025 12:53,11.15,16.73,Evening Peak,Medium,24.1,Fog,2,245,0.5608,2.14,Weather,18.87,0.26,24.54
T478,A34,28-09-2025 21:20,17.45,26.17,Evening Peak,High,24.41,Clear,0,929,0.2164,5.93,Traffic,32.1,17.64,23.29
T479,A19,18-09-2025 08:01,25.46,38.19,Morning Peak,Low,36.46,Clear,0,906,0.0366,0.35,No Delay,38.54,2.85,40.4
T480,A36,12-09-2025 08:57,20.93,31.39,Night,Low,36.11,Clear,0,893,0,0.97,No Delay,32.36,17.94,21.63
T481,A48,21-09-2025 00:41,25.34,38.01,Night,High,14.83,Fog,2,256,0.4791,11.28,Incident,49.29,26.45,24.56
T482,A19,23-09-2025 02:53,15.25,22.88,Evening Peak,High,23.18,Clear,0,760,1.128,8.82,Incident,31.7,24.12,9.13
T483,A7,08-09-2025 14:59,4.98,7.47,Evening Peak,Medium,25.1,Clear,0,1004,0.4445,3.51,Traffic,10.98,7.87,7.03
T484,A47,23-09-2025 00:30,17.74,26.61,Morning Peak,Low,42.8,Fog,2,225,0.2875,7.13,Weather,33.74,29.11,12.36
T485,A24,09-09-2025 19:02,21.46,32.19,Afternoon,Medium,5.41,Clear,0,881,0.8599,10.48,Incident,42.67,20.18,25.61
T486,A41,05-09-2025 07:15,28.64,42.96,Afternoon,Medium,16.33,Rain,1,588,1.1898,18.75,Incident,61.71,44.42,19.98
T487,A50,19-09-2025 23:26,23.37,35.05,Afternoon,Low,57.28,Clear,0,789,0.0371,-1.39,No Delay,33.66,30.17,11.62
T488,A30,10-09-2025 01:18,20.65,30.97,Night,Medium,34.07,Fog,2,303,0.6995,4.46,No Delay,35.43,13.86,26.61
T489,A16,25-09-2025 06:57,8.85,13.28,Evening Peak,Low,43.17,Clear,0,892,0.0534,0.27,No Delay,13.55,6.56,8.41
T490,A21,19-09-2025 18:32,20.33,30.49,Afternoon,Low,45.58,Clear,0,889,0.0635,0.47,No Delay,30.96,13.68,19.58
T491,A42,04-09-2025 11:29,8.19,12.29,Evening Peak,Medium,51.29,Clear,0,856,0.0373,0.24,No Delay,12.53,4.84,12.84
T492,A41,25-09-2025 13:20,9.14,13.71,Morning Peak,High,19.96,Clear,0,849,0.2689,2.85,Traffic,16.56,1.7,19.81
T493,A1,19-09-2025 22:57,21.36,32.04,Night,Low,45.07,Clear,0,939,0,0.72,No Delay,32.76,14.41,18.95
T494,A36,09-09-2025 01:11,25.18,37.77,Afternoon,Medium,32.24,Storm,3,148,0.5251,13.69,Weather,51.46,39.83,19.46
T495,A24,26-09-2025 19:11,26.91,40.36,Afternoon,Low,54.14,Clear,0,1004,0,-0.74,No Delay,39.62,31.25,12.25
T496,A12,16-09-2025 08:02,5.43,8.14,Night,High,27.24,Rain,1,504,0.8765,2.5,Incident,10.64,8.56,7.86
T497,A14,29-09-2025 18:20,20.59,30.89,Afternoon,Medium,56.92,Clear,0,778,0.0046,1.31,No Delay,32.2,18.11,21.39
T498,A43,18-09-2025 18:06,16.15,24.22,Afternoon,Low,43.6,Clear,0,775,0.1033,-0.6,No Delay,23.62,15.44,11.06
T499,A16,20-09-2025 17:33,27.22,40.83,Night,Medium,23.64,Clear,0,843,0.3667,14.28,Traffic,55.11,41.32,14.41
T500,A30,11-09-2025 19:22,5.9,8.85,Afternoon,Low,17.82,Fog,2,341,0.3721,1.93,Weather,10.78,5.83,9.26
T501,A48,16-09-2025 06:06,24.66,36.99,Afternoon,Medium,42.44,Fog,2,316,0,16.52,Weather,53.51,5.84,51.5
T502,A10,25-09-2025 17:57,17.84,26.76,Morning Peak,Medium,20.07,Fog,2,155,0.6342,9.66,Incident,36.42,22.1,15.3
T503,A43,08-09-2025 06:59,5.55,8.32,Night,Low,51.07,Clear,0,1046,0.1672,0.47,No Delay,8.79,4.82,8.87
T504,A2,30-09-2025 08:21,13.48,20.22,Morning Peak,High,20.53,Rain,1,441,1.1136,7.7,Incident,27.92,14.03,17.36
T505,A44,06-09-2025 19:34,22.61,33.91,Morning Peak,Medium,19.15,Clear,0,887,0.271,12.8,Traffic,46.71,17.39,35.2
T506,A18,01-09-2025 08:37,7.69,11.54,Afternoon,Low,44.83,Clear,0,947,0.089,-0.28,No Delay,11.26,5.94,9.98
T507,A21,26-09-2025 08:23,10.28,15.42,Evening Peak,High,13.21,Clear,0,869,0.1349,4.7,Traffic,20.12,14.43,9.6
T508,A5,16-09-2025 22:48,5.46,8.19,Morning Peak,Low,59.89,Clear,0,920,0.0119,0.3,No Delay,8.49,2.88,11.33
T509,A9,06-09-2025 16:58,18.58,27.87,Morning Peak,High,25.7,Clear,0,976,0.0642,5.3,Traffic,33.17,4.81,33.32
T510,A15,06-09-2025 21:51,25.2,37.8,Morning Peak,High,34.11,Clear,0,799,0.1571,15.03,Traffic,52.83,43.57,12.79
T511,A18,25-09-2025 14:55,17.38,26.07,Evening Peak,High,19.12,Fog,2,177,0.9248,8.73,Incident,34.8,8.09,33.28
T512,A17,14-09-2025 13:30,17.33,25.99,Night,Medium,40.09,Fog,2,303,0.4932,6.31,Weather,32.3,10.12,26.08
T513,A25,10-09-2025 15:02,24.56,36.84,Afternoon,High,42.69,Rain,1,451,0.2735,16.03,Traffic,52.87,46.4,11.76
T514,A6,30-09-2025 15:13,16.54,24.81,Night,Low,61.95,Clear,0,862,0,-0.85,Weather,23.96,19.72,7.21
T515,A17,02-09-2025 12:20,18.21,27.32,Afternoon,Low,45.96,Clear,0,808,0,1.35,No Delay,28.67,6.6,26.83
T516,A21,16-09-2025 06:05,8.99,13.48,Afternoon,Low,54.35,Clear,0,895,0.0991,-0.33,No Delay,13.15,6.37,14.34
T517,A38,23-09-2025 09:04,22,33,Evening Peak,Medium,24.16,Clear,0,835,0.2261,13.56,Traffic,46.56,40.52,10.67
T518,A26,28-09-2025 04:23,2.09,3.13,Night,Medium,48.86,Clear,0,855,0.0996,-0.11,No Delay,3.02,1.94,7.45
T519,A37,29-09-2025 10:35,5.89,8.83,Night,Low,43.09,Clear,0,999,0,0.09,No Delay,8.92,7.54,4.29
T520,A14,17-09-2025 10:13,7.94,11.91,Morning Peak,High,14.06,Rain,1,610,0.727,6.04,Incident,17.95,15.01,9.93
T521,A29,25-09-2025 13:29,4.94,7.41,Afternoon,High,15.6,Clear,0,940,0.8935,4.61,Incident,12.02,1.88,16.3
T522,A9,07-09-2025 00:27,16.31,24.46,Night,Medium,36.93,Fog,2,284,0.5524,6.67,Weather,31.13,15.81,20.9
T523,A50,11-09-2025 09:37,20.81,31.21,Afternoon,Low,35.71,Clear,0,914,0,0.36,No Delay,31.57,25.18,9.46
T524,A6,17-09-2025 07:21,12.07,18.11,Night,High,16.92,Rain,1,566,0.1127,4.1,Weather,22.21,5.76,23.68
T525,A1,18-09-2025 10:14,9.42,14.13,Morning Peak,Medium,21.96,Clear,0,1080,0.1924,4.04,Traffic,18.17,16.13,5.06
T526,A17,02-09-2025 22:32,17.34,26.01,Night,Low,49.61,Clear,0,930,0.0544,-0.38,No Delay,25.63,12.08,19.13
T527,A38,14-09-2025 04:14,20.7,31.05,Morning Peak,Medium,7.75,Fog,2,164,0.4514,12.03,Incident,43.08,15.79,35.83
T528,A23,12-09-2025 07:21,15.12,22.68,Night,Low,29.8,Storm,3,109,0.1429,4.98,Weather,27.66,12.57,21.31
T529,A10,01-09-2025 05:12,14.86,22.29,Night,Low,42.91,Fog,2,145,0.1581,3.77,Weather,26.06,20.93,12.07
T530,A35,13-09-2025 14:47,29.67,44.51,Afternoon,High,15.09,Clear,0,961,0.7778,15.09,Incident,59.6,40.44,20.57
T531,A7,07-09-2025 08:18,28.11,42.16,Night,Medium,40.98,Storm,3,157,0.6434,12.32,Weather,54.48,39.43,19.43
T532,A26,10-09-2025 16:29,27.54,41.31,Night,Low,54.18,Clear,0,918,0,1.15,No Delay,42.46,11.29,31.85
T533,A5,02-09-2025 16:16,7.47,11.21,Evening Peak,Medium,42.11,Fog,2,359,0.3347,2.43,Weather,13.64,8.92,10.6
T534,A43,21-09-2025 09:24,28.65,42.97,Night,Low,61.89,Clear,0,1006,0,1.1,No Delay,44.07,2.54,44.23
T535,A48,02-09-2025 09:33,26.9,40.35,Afternoon,Low,34.05,Rain,1,411,0.4075,6.33,Weather,46.68,13.97,38.8
T536,A35,05-09-2025 05:04,29.29,43.93,Morning Peak,Medium,46,Fog,2,261,0.4573,14.94,Weather,58.87,9.4,53.1
T537,A33,29-09-2025 10:56,24.78,37.17,Afternoon,Low,48.55,Clear,0,896,0,0.38,No Delay,37.55,4.59,42.69
T538,A9,07-09-2025 07:21,17.83,26.74,Night,High,50.09,Fog,2,368,0.3835,5.65,Weather,32.39,11.5,22.68
T539,A21,15-09-2025 07:46,27.74,41.61,Night,Low,27.82,Fog,2,268,0.5039,10.82,Weather,52.43,32.09,26.77
T540,A49,20-09-2025 13:51,10.96,16.44,Night,High,12.14,Rain,1,591,0.9141,10.01,Incident,26.45,23.74,10.97
T541,A21,19-09-2025 05:37,20.55,30.83,Morning Peak,Medium,17.57,Rain,1,620,0.3199,9.81,Traffic,40.64,11.91,32.71
T542,A46,12-09-2025 00:03,19.64,29.46,Night,Medium,44.34,Storm,3,199,0.2527,5.03,Weather,34.49,21.21,19.03
T543,A17,17-09-2025 20:49,25.93,38.89,Evening Peak,High,27.26,Clear,0,1000,0.2666,16.85,Traffic,55.74,1.74,54.99
T544,A6,05-09-2025 01:41,6.47,9.71,Night,High,19.13,Clear,0,864,0.8582,3.21,Incident,12.92,10.15,8.53
T545,A12,14-09-2025 17:26,2.58,3.87,Morning Peak,High,16.1,Storm,3,277,0.4899,1.81,Incident,5.68,0.34,9.15
T546,A13,15-09-2025 10:52,28.31,42.46,Morning Peak,Low,36.39,Fog,2,401,0.0884,16.28,Weather,58.74,12.7,49.91
T547,A11,26-09-2025 10:40,5.89,8.83,Morning Peak,Medium,42.68,Fog,2,249,0.1042,1.14,Weather,9.97,7.69,10.15
T548,A21,17-09-2025 00:54,20.51,30.77,Night,High,13.85,Clear,0,949,0.9809,19.55,Incident,50.32,11.26,41.87
T549,A24,02-09-2025 07:43,10.25,15.37,Afternoon,High,26.74,Rain,1,431,0.2383,3.55,Weather,18.92,12.02,10.29
T550,A14,13-09-2025 03:14,7.5,11.25,Morning Peak,Low,59.57,Clear,0,848,0.1847,-0.13,No Delay,11.12,5.3,8.64
T551,A36,18-09-2025 01:49,21.2,31.8,Night,High,44.43,Storm,3,249,0.3054,11.13,Weather,42.93,17.4,35.15
T552,A50,09-09-2025 10:43,12.02,18.03,Afternoon,High,16.14,Clear,0,929,0.1218,6.45,Traffic,24.48,10.25,21.06
T553,A37,29-09-2025 10:34,8.08,12.12,Afternoon,High,24.15,Rain,1,683,1.3319,7.78,Incident,19.9,12.1,14.01
T554,A42,27-09-2025 16:15,23.27,34.91,Night,Low,44.74,Clear,0,1071,0.1832,0.51,Weather,35.42,21.37,22.28
T555,A12,16-09-2025 18:45,25.71,38.57,Evening Peak,Medium,35.52,Clear,0,789,0.2069,14.2,Traffic,52.77,8.05,51.43
T556,A31,08-09-2025 09:23,15.91,23.86,Evening Peak,High,24.78,Rain,1,458,0.3949,8.6,Traffic,32.46,27.91,8.78
T557,A18,01-09-2025 06:27,26.93,40.4,Evening Peak,Medium,8.14,Clear,0,738,0.7951,22.88,Incident,63.28,48.29,21.12
T558,A11,01-09-2025 12:51,19.77,29.65,Morning Peak,High,18.59,Clear,0,1046,1.2598,17.42,Incident,47.07,29.22,21.91
T559,A4,26-09-2025 14:15,5.08,7.62,Afternoon,High,20.69,Fog,2,240,1.163,3.86,Incident,11.48,3.6,11.95
T560,A44,21-09-2025 13:15,22.46,33.69,Morning Peak,Medium,40.13,Fog,2,300,0.1528,14.26,Weather,47.95,23.24,26.32
T561,A15,04-09-2025 09:09,21.94,32.91,Afternoon,High,18.25,Storm,3,237,0.9696,19.34,Traffic,52.25,13.35,47.76
T562,A43,29-09-2025 14:44,22.37,33.55,Morning Peak,Low,42.17,Fog,2,273,0.3161,7.04,Weather,40.59,12.97,33.71
T563,A5,02-09-2025 05:21,4.22,6.33,Night,Low,33.97,Fog,2,267,0.4043,2.78,Weather,9.11,0.24,11.57
T564,A3,28-09-2025 21:13,3.06,4.59,Morning Peak,High,23.08,Rain,1,447,0.4176,2.32,Traffic,6.91,2.5,10.37
T565,A8,21-09-2025 22:03,13.73,20.59,Night,Low,38.11,Clear,0,953,0.1026,0.96,No Delay,21.55,13.94,13.76
T566,A15,04-09-2025 06:40,6.36,9.54,Evening Peak,High,11.52,Clear,0,916,0.9035,3.65,Incident,13.19,7.95,9.66
T567,A35,04-09-2025 18:56,22.32,33.48,Evening Peak,High,15.64,Rain,1,552,1.1714,16.82,Incident,50.3,39.56,18.16
T568,A29,16-09-2025 04:22,11.08,16.62,Morning Peak,High,19.53,Clear,0,880,0.293,5.73,Traffic,22.35,2.11,25.48
T569,A28,29-09-2025 22:13,5.89,8.83,Morning Peak,Medium,30.57,Storm,3,89,0.2666,1.81,Weather,10.64,7.85,8.86
T570,A29,25-09-2025 22:25,17.91,26.86,Night,High,11.96,Fog,2,265,0.6732,12.27,Incident,39.13,20.78,23.44
T571,A16,15-09-2025 00:08,17.29,25.93,Evening Peak,High,25.04,Fog,2,211,1.1481,7.85,Incident,33.78,9.21,25.77
T572,A17,15-09-2025 13:41,8.55,12.83,Afternoon,High,8.87,Clear,0,839,0.723,7.72,Incident,20.55,3.76,21.19
T573,A48,28-09-2025 23:34,10.56,15.84,Night,High,17.44,Storm,3,99,1.3861,8.09,Incident,23.93,17.48,8.9
T574,A47,27-09-2025 02:51,4.13,6.19,Morning Peak,High,25.18,Clear,0,971,0.1941,2.97,Traffic,9.16,1.93,13.46
T575,A34,25-09-2025 04:54,17.52,26.28,Night,Low,47.23,Clear,0,922,0.0511,0.78,No Delay,27.06,0.41,32.44
T576,A14,26-09-2025 05:33,5.64,8.46,Night,High,16.58,Clear,0,993,1.1878,4.44,Incident,12.9,4.66,13.67
T577,A23,03-09-2025 01:50,8.29,12.43,Afternoon,Low,46.19,Clear,0,826,0,0.29,No Delay,12.72,9.67,7.64
T578,A15,03-09-2025 10:03,9.77,14.65,Afternoon,High,5.36,Rain,1,623,1.0781,5.01,Incident,19.66,16.75,4.77
T579,A43,09-09-2025 00:46,6.37,9.55,Evening Peak,Medium,21.66,Storm,3,252,0.1883,2.44,Weather,11.99,0.36,12.91
T580,A17,19-09-2025 03:22,29.46,44.19,Evening Peak,High,12.13,Clear,0,945,0.6878,24.04,Incident,68.23,24.95,53.42
T581,A39,14-09-2025 14:41,26.82,40.23,Afternoon,Low,42.55,Clear,0,788,0,-0.38,No Delay,39.85,25.61,18.41
T582,A45,22-09-2025 18:25,29.36,44.04,Evening Peak,High,15.04,Fog,2,272,0.5236,22.48,Incident,66.52,13.17,57.54
T583,A11,26-09-2025 17:23,27.85,41.78,Night,Medium,43.31,Clear,0,1009,0.0707,-0.94,No Delay,40.84,10.97,33.6
T584,A29,09-09-2025 10:57,22.96,34.44,Afternoon,High,9.77,Storm,3,214,0.9077,18.26,Incident,52.7,10.24,46.87
T585,A19,18-09-2025 22:47,8,12,Morning Peak,High,34.11,Clear,0,818,0.0922,4,Traffic,16,13.34,8.76
T586,A8,05-09-2025 00:54,22.14,33.21,Morning Peak,Low,30.19,Storm,3,112,0.6482,9.33,Weather,42.54,37.16,8.18
T587,A17,23-09-2025 10:35,8.18,12.27,Morning Peak,High,22.75,Rain,1,558,0.6867,7.74,Incident,20.01,4.98,15.77
T588,A47,05-09-2025 20:42,10.34,15.51,Afternoon,High,22.8,Rain,1,503,0.1408,3.91,Traffic,19.42,1.21,22.38
T589,A46,05-09-2025 16:39,18.68,28.02,Afternoon,Low,57.29,Clear,0,763,0,-0.8,No Delay,27.22,2.03,29.79
T590,A6,07-09-2025 06:25,8.96,13.44,Afternoon,High,26.85,Clear,0,899,0.6953,4.93,Incident,18.37,16.28,3.88
T591,A14,01-09-2025 20:12,18.12,27.18,Evening Peak,High,23.83,Fog,2,264,1.1485,12.12,Incident,39.3,3.54,40.3
T592,A21,19-09-2025 05:14,11.73,17.59,Evening Peak,High,13.64,Clear,0,885,0.1732,8.7,Traffic,26.29,23.47,10.05
T593,A44,11-09-2025 06:50,9.89,14.84,Evening Peak,High,31.43,Clear,0,865,0.3951,3.58,Traffic,18.42,10.88,13.71
T594,A45,23-09-2025 03:08,22,33,Evening Peak,High,9.71,Fog,2,179,0.8764,17.44,Incident,50.44,30.76,22.32
T595,A2,28-09-2025 13:12,9.29,13.93,Afternoon,High,9.42,Fog,2,224,0.5974,5.94,Incident,19.87,0.33,24.32
T596,A23,14-09-2025 08:24,20.35,30.53,Night,Low,44.86,Clear,0,779,0,1.44,No Delay,31.97,0.49,35.55
T597,A39,21-09-2025 17:54,13.79,20.68,Morning Peak,Low,29.65,Fog,2,265,0.0427,5.45,No Delay,26.13,18.02,10.71
T598,A29,01-09-2025 04:03,8.7,13.05,Evening Peak,High,35.31,Clear,0,948,0.106,3.95,Traffic,17,12.48,8.38
T599,A22,27-09-2025 19:12,24.44,36.66,Afternoon,Low,54.45,Clear,0,958,0.0536,2.19,No Delay,38.85,18.51,21.97
T600,A6,03-09-2025 02:39,26.2,39.3,Evening Peak,High,28.84,Rain,1,615,0.2412,13.42,Traffic,52.72,12.12,47.96
T601,A44,26-09-2025 22:48,10.29,15.43,Night,Low,39.21,Clear,0,879,0.035,0.23,No Delay,15.66,0.21,19.32
T602,A49,10-09-2025 13:43,18.35,27.53,Morning Peak,High,20.47,Fog,2,188,1.002,14.11,Incident,41.64,10.48,38.1
T603,A18,11-09-2025 04:06,10.49,15.73,Evening Peak,Low,51.49,Clear,0,848,0.2301,0.32,No Delay,16.05,5.92,12.88
T604,A20,20-09-2025 18:34,22.35,33.53,Evening Peak,High,9.71,Rain,1,559,1.0356,17.12,Incident,50.65,0.53,59.78
T605,A6,27-09-2025 23:56,20.97,31.45,Evening Peak,Medium,16.32,Fog,2,325,1.165,18.32,Incident,49.77,18.31,33.56
T606,A7,14-09-2025 05:50,18.06,27.09,Evening Peak,Low,38.4,Fog,2,151,0.0508,11.79,Weather,38.88,31.27,11.57
T607,A13,09-09-2025 07:38,18.97,28.45,Night,Low,53.53,Clear,0,874,0,0.26,No Delay,28.71,0.74,37.55
T608,A21,16-09-2025 07:49,21.59,32.38,Night,Low,28.88,Storm,3,278,0.1274,9.84,Weather,42.22,30.58,15.65
T609,A45,27-09-2025 22:29,27.72,41.58,Evening Peak,High,19.51,Fog,2,262,1.0656,18.18,Incident,59.76,30.6,33.16
T610,A22,16-09-2025 07:58,3.3,4.95,Night,Medium,12.64,Rain,1,492,1.0808,1.42,Incident,6.37,3.09,6.68
T611,A41,13-09-2025 22:01,16.04,24.06,Afternoon,Low,55.48,Clear,0,878,0,0.67,No Delay,24.73,6.12,19.79
T612,A11,01-09-2025 16:35,10.16,15.24,Afternoon,High,9.06,Storm,3,187,1.2195,6.2,Incident,21.44,10.1,15.13
T613,A37,29-09-2025 12:43,7.69,11.54,Morning Peak,High,23.41,Clear,0,868,0.3971,5.53,Traffic,17.07,9.56,12.28
T614,A40,01-09-2025 10:50,16.71,25.07,Night,Low,41.41,Clear,0,945,0,-0.3,No Delay,24.77,9.08,20.82
T615,A45,11-09-2025 14:37,7.83,11.75,Evening Peak,High,22.11,Clear,0,907,0.9721,5.36,Incident,17.11,7.37,16.06
T616,A24,25-09-2025 16:05,15.67,23.5,Evening Peak,High,25.05,Clear,0,791,0.358,4.81,Traffic,28.31,1.72,28.42
T617,A45,05-09-2025 12:52,11.96,17.94,Afternoon,High,31.21,Clear,0,933,0.2288,7.37,Traffic,25.31,14.48,15.79
T618,A3,28-09-2025 15:00,13.08,19.62,Morning Peak,Low,34.24,Clear,0,985,0.0709,-0.07,No Delay,19.55,14.59,9.93
T619,A35,09-09-2025 08:47,13.22,19.83,Night,Low,44.87,Clear,0,947,0.02,-0.13,No Delay,19.7,15.59,9.77
T620,A15,30-09-2025 21:54,16.76,25.14,Morning Peak,Low,55.42,Clear,0,867,0.1343,0.22,Weather,25.36,6.96,22.49
T621,A28,09-09-2025 07:27,12.79,19.18,Evening Peak,High,22.55,Rain,1,447,0.2343,4.4,Traffic,23.58,3.33,23.94
T622,A2,12-09-2025 00:25,9.85,14.78,Afternoon,Low,39.3,Rain,1,632,0.1485,3.74,Weather,18.52,8.25,16.44
T623,A48,19-09-2025 20:40,14.84,22.26,Night,Low,36.51,Clear,0,936,0.1807,1.18,No Delay,23.44,8.23,19.29
T624,A14,20-09-2025 08:39,7.55,11.32,Afternoon,Medium,45.38,Storm,3,235,0.5494,3.2,Weather,14.52,2.72,16.97
T625,A29,01-09-2025 17:25,26.38,39.57,Morning Peak,High,9.32,Clear,0,832,0.6568,13.77,Incident,53.34,13.51,48
T626,A4,28-09-2025 18:51,10.83,16.25,Morning Peak,Medium,16.52,Rain,1,721,1.2554,5.1,Incident,21.35,8.25,17.57
T627,A17,15-09-2025 23:34,5.01,7.51,Morning Peak,High,33.11,Clear,0,989,0.1335,2.84,Incident,10.35,9.03,3.41
T628,A47,29-09-2025 16:07,24.68,37.02,Morning Peak,High,27.97,Rain,1,665,0.2791,14.88,Traffic,51.9,3.99,52.76
T629,A8,21-09-2025 09:38,16.98,25.47,Morning Peak,Medium,24.74,Clear,0,921,0.1929,12.98,Traffic,38.45,9.98,32.61
T630,A26,14-09-2025 06:52,18.26,27.39,Night,Low,53.63,Clear,0,915,0.0168,-0.14,No Delay,27.25,15.4,18.72
T631,A25,11-09-2025 09:11,22.01,33.02,Evening Peak,High,24.83,Clear,0,950,0.1698,7.13,Traffic,40.15,3.39,43.45
T632,A6,27-09-2025 13:29,19.7,29.55,Night,Low,48.73,Clear,0,937,0.0566,0.13,No Delay,29.68,23.6,13.47
T633,A1,15-09-2025 14:09,21.52,32.28,Night,Low,52.72,Clear,0,864,0,0.29,No Delay,32.57,17.95,23.51
T634,A36,05-09-2025 04:39,10.55,15.83,Morning Peak,Low,42.29,Fog,2,243,0.2073,5.52,Weather,21.35,7.75,18.25
T635,A41,19-09-2025 06:09,6.17,9.25,Night,High,25.74,Clear,0,886,0.1545,3.73,Traffic,12.98,1.6,16.11
T636,A3,24-09-2025 08:09,4.29,6.43,Afternoon,Low,41.3,Clear,0,838,0,0.2,No Delay,6.63,4.34,8.03
T637,A27,30-09-2025 16:31,14.34,21.51,Evening Peak,Medium,37.16,Clear,0,995,0.0725,-0.29,No Delay,21.22,9.3,16.28
T638,A2,27-09-2025 05:51,18.9,28.35,Morning Peak,High,18.8,Clear,0,861,0.8263,9.9,Incident,38.25,4.13,37.67
T639,A34,22-09-2025 22:06,29.66,44.49,Afternoon,High,9.3,Fog,2,343,1.0553,25.07,Incident,69.56,53.56,23.31
T640,A29,05-09-2025 17:09,8.07,12.11,Evening Peak,Medium,22.04,Rain,1,454,0.031,2.73,Weather,14.84,12.49,6.27
T641,A11,16-09-2025 00:09,6.69,10.04,Night,High,47.42,Fog,2,220,0.507,3.28,Weather,13.32,9.23,11.03
T642,A14,16-09-2025 14:09,7.03,10.55,Night,Medium,41.91,Storm,3,282,0.3952,1.63,Weather,12.18,0.79,16.18
T643,A32,22-09-2025 07:28,20.13,30.2,Morning Peak,Medium,25.3,Rain,1,670,0.4907,11.59,Weather,41.79,19.32,31.91
T644,A30,25-09-2025 15:10,18.72,28.08,Afternoon,High,26.89,Fog,2,146,0.1788,5.25,Traffic,33.33,26.91,12.62
T645,A16,13-09-2025 08:00,27.2,40.8,Afternoon,Medium,22.58,Clear,0,960,0.6073,15.79,Incident,56.59,3.08,58.78
T646,A39,14-09-2025 18:39,13.78,20.67,Morning Peak,High,42.04,Fog,2,330,0.438,7.3,Weather,27.97,1.6,34.54
T647,A13,17-09-2025 18:07,27.22,40.83,Afternoon,Low,49.12,Fog,2,295,0.0992,11.92,Weather,52.75,4.27,55.35
T648,A28,18-09-2025 01:11,14.53,21.79,Morning Peak,High,20.99,Rain,1,736,1.1494,10.61,Incident,32.4,8.79,32.91
T649,A43,30-09-2025 07:07,14.19,21.29,Night,Low,63.19,Clear,0,943,0.0631,0.29,No Delay,21.58,3.81,23.86
T650,A10,08-09-2025 11:57,2.17,3.25,Morning Peak,Medium,12.38,Clear,0,949,1.1634,1.74,Incident,4.99,1.79,5.99
T651,A16,13-09-2025 23:36,21.07,31.61,Morning Peak,Low,33.5,Storm,3,243,0.4335,3.36,Weather,34.97,29.6,13.45
T652,A32,06-09-2025 10:10,5.77,8.65,Afternoon,Low,51.08,Clear,0,886,0.0812,0.22,Weather,8.87,5.7,8.25
T653,A31,10-09-2025 09:39,9.61,14.41,Afternoon,Medium,28.06,Fog,2,297,1.364,4.23,Incident,18.64,7.73,19.51
T654,A28,04-09-2025 03:03,5.86,8.79,Morning Peak,Low,37.76,Fog,2,242,0.646,1.71,Weather,10.5,4.63,13.64
T655,A3,17-09-2025 22:33,2.18,3.27,Afternoon,Low,36.66,Clear,0,926,0.079,0.17,No Delay,3.44,2.03,7.03
T656,A19,02-09-2025 08:14,14.27,21.41,Evening Peak,High,38.83,Clear,0,872,0.1364,10.28,Traffic,31.69,0.7,32.73
T657,A38,11-09-2025 01:07,19.76,29.64,Afternoon,High,11.84,Clear,0,968,1.1424,18.94,Incident,48.58,40.07,12.66
T658,A45,12-09-2025 03:57,4.59,6.88,Night,Low,53.39,Clear,0,874,0.069,0.1,Weather,6.98,4.35,7.22
T659,A50,10-09-2025 22:41,12.74,19.11,Afternoon,Low,40.07,Clear,0,965,0.1324,-0.1,No Delay,19.01,10.3,14.03
T660,A38,26-09-2025 04:16,15.58,23.37,Afternoon,Low,49.93,Clear,0,932,0,-0.13,No Delay,23.24,19.45,8.68
T661,A13,11-09-2025 10:18,27.53,41.3,Night,Low,35.48,Clear,0,835,0.2184,1.2,No Delay,42.5,21.81,23.21
T662,A16,13-09-2025 13:05,25.97,38.95,Afternoon,Low,51.88,Clear,0,1025,0.0375,1.59,No Delay,40.54,6.55,41.2
T663,A39,23-09-2025 20:45,24.87,37.3,Afternoon,Medium,40.73,Fog,2,189,0.4044,6.51,Weather,43.81,0.3,44.82
T664,A9,26-09-2025 11:14,28.65,42.97,Night,Low,38.75,Clear,0,987,0.0238,0.49,No Delay,43.46,27.23,18.96
T665,A1,09-09-2025 05:58,20.78,31.17,Evening Peak,Medium,34.26,Rain,1,628,0.0109,7.51,Traffic,38.68,4.76,37.59
T666,A47,19-09-2025 07:35,16.08,24.12,Morning Peak,Low,43.98,Rain,1,508,0.3382,2.6,Weather,26.72,0.05,28.26
T667,A29,16-09-2025 04:00,3.73,5.59,Afternoon,Low,30.8,Clear,0,1035,0,0.06,No Delay,5.65,0.16,9.44
T668,A48,16-09-2025 22:31,8.2,12.3,Morning Peak,Medium,29.91,Fog,2,278,0.0228,4.7,Weather,17,13.48,10.43
T669,A19,04-09-2025 10:11,26.61,39.91,Afternoon,High,17.47,Clear,0,941,1.0773,22.95,Incident,62.86,18.26,49.41
T670,A32,06-09-2025 05:50,8.4,12.6,Night,Low,53.71,Clear,0,978,0.081,0.63,No Delay,13.23,4.75,14.75
T671,A25,03-09-2025 09:05,16.97,25.45,Morning Peak,Low,35.19,Storm,3,245,0.0904,3.08,Weather,28.53,21.27,14.4
T672,A46,02-09-2025 10:26,14.38,21.57,Afternoon,Low,31.09,Clear,0,856,0.0711,0.87,No Delay,22.44,7.75,17.8
T673,A26,15-09-2025 02:08,10.61,15.91,Night,Medium,48.19,Clear,0,1008,0.0916,0.61,Weather,16.52,4.9,18.88
T674,A49,15-09-2025 07:11,27.61,41.41,Afternoon,Low,40.83,Clear,0,810,0.0436,0.34,No Delay,41.75,2.68,44.76
T675,A33,19-09-2025 12:01,22.59,33.88,Evening Peak,High,23.59,Clear,0,872,0.1647,15.19,Traffic,49.07,31.44,19.62
T676,A20,21-09-2025 15:42,16.21,24.32,Afternoon,High,53.73,Storm,3,140,0.3799,4.41,Weather,28.73,14.36,19.39
T677,A15,08-09-2025 06:17,18.55,27.82,Night,Medium,32.25,Fog,2,215,0.4513,5.34,Weather,33.16,2.59,35.24
T678,A5,26-09-2025 07:12,6.53,9.79,Night,High,23.96,Clear,0,900,0.3256,3.01,Traffic,12.8,3.14,13.61
T679,A40,25-09-2025 08:46,8.09,12.13,Night,High,7.1,Fog,2,308,0.9746,6.82,Incident,18.95,1.32,25.2
T680,A9,22-09-2025 00:51,17.81,26.71,Morning Peak,Medium,35.21,Fog,2,226,0.1992,4.11,Weather,30.82,3.85,30.12
T681,A29,28-09-2025 17:45,28.51,42.77,Afternoon,Medium,16.08,Storm,3,165,0.4594,5.12,Weather,47.89,7.52,45.38
T682,A38,26-09-2025 15:51,27.46,41.19,Night,Low,49.17,Clear,0,836,0.152,2.42,No Delay,43.61,29.92,21.39
T683,A17,28-09-2025 08:32,25.08,37.62,Afternoon,Low,48.05,Clear,0,899,0.0761,0.03,No Delay,37.65,29.9,15
T684,A41,04-09-2025 04:26,5.56,8.34,Evening Peak,Low,40.38,Fog,2,347,0.1541,3.64,Weather,11.98,8.87,8.05
T685,A14,17-09-2025 14:45,26.77,40.16,Morning Peak,High,12.2,Rain,1,520,1.1273,17.96,Incident,58.12,16.61,44.94
T686,A33,01-09-2025 09:48,22.91,34.37,Evening Peak,High,21.39,Clear,0,888,0.5789,19.27,Incident,53.64,32.8,21.79
T687,A47,22-09-2025 20:59,16.54,24.81,Afternoon,Low,34.72,Clear,0,834,0.0216,0.84,No Delay,25.65,13.91,14.08
T688,A13,28-09-2025 09:25,28.26,42.39,Night,High,35.51,Clear,0,834,0.0905,15.61,Traffic,58,22.23,44.32
T689,A42,16-09-2025 13:05,22.75,34.12,Afternoon,High,12.71,Storm,3,195,0.8671,12.11,Incident,46.23,3.05,43.81
T690,A11,18-09-2025 23:32,12.04,18.06,Morning Peak,High,12.34,Storm,3,109,0.6755,8.35,Incident,26.41,1.38,29.93
T691,A38,09-09-2025 07:11,9.15,13.73,Morning Peak,High,22.51,Rain,1,559,0.4372,7.09,Incident,20.82,13.22,12.55
T692,A29,13-09-2025 20:09,15.73,23.59,Night,High,25.62,Storm,3,123,1.1775,13.44,Incident,37.03,7.87,35.33
T693,A21,05-09-2025 18:15,20.33,30.49,Night,Low,43.27,Clear,0,748,0.1968,-0.93,No Delay,29.56,4.23,31.74
T694,A45,27-09-2025 16:07,19.8,29.7,Morning Peak,Medium,27.98,Rain,1,554,0.2719,12.59,Traffic,42.29,29.43,20.93
T695,A20,26-09-2025 16:25,14.88,22.32,Morning Peak,High,34.92,Clear,0,960,0.0797,9.77,Traffic,32.09,11.71,23.51
T696,A26,29-09-2025 03:08,9.46,14.19,Afternoon,High,30.89,Clear,0,907,0.1736,3.14,Traffic,17.33,10.98,12.32
T697,A25,17-09-2025 17:28,3.03,4.54,Evening Peak,Low,49.06,Clear,0,946,0.0756,0.01,No Delay,4.55,3.67,4.47
T698,A7,18-09-2025 10:03,2.24,3.36,Evening Peak,High,18.81,Clear,0,907,0.4602,1.32,Traffic,4.68,3.05,7.78
T699,A31,10-09-2025 23:50,24.42,36.63,Afternoon,Medium,28.18,Rain,1,594,0.3601,7.26,Traffic,43.89,8.65,41.67
T700,A25,28-09-2025 00:35,25.15,37.72,Afternoon,Low,46.1,Clear,0,884,0,-1.45,No Delay,36.27,21.67,21.46
T701,A32,13-09-2025 08:40,7.9,11.85,Afternoon,High,21.2,Fog,2,381,1.2774,5.32,Incident,17.17,5.2,16.94
T702,A21,26-09-2025 09:27,22.17,33.26,Afternoon,High,18.27,Rain,1,675,0.7829,13.57,Incident,46.83,10.36,40.15
T703,A43,28-09-2025 02:27,25.7,38.55,Night,High,37.65,Rain,1,646,0.6628,14.51,Weather,53.06,8.36,46.93
T704,A41,08-09-2025 22:19,28.52,42.78,Afternoon,High,45.82,Fog,2,362,0.1613,15.35,Weather,58.13,30.13,32.49
T705,A33,30-09-2025 04:01,6.93,10.39,Afternoon,High,29.89,Clear,0,900,0.8864,4.96,Incident,15.35,1.99,17.4
T706,A44,03-09-2025 17:45,22.89,34.34,Evening Peak,High,14.76,Clear,0,807,0.9497,18.46,Traffic,52.8,21.35,35.47
T707,A33,29-09-2025 20:28,14.25,21.38,Evening Peak,High,32.47,Clear,0,858,0.2324,6.67,Traffic,28.05,14.3,22.79
T708,A40,16-09-2025 01:36,11.06,16.59,Afternoon,Low,51.51,Clear,0,923,0.2348,-0.13,No Delay,16.46,10.41,12.77
T709,A36,05-09-2025 14:21,3.86,5.79,Night,High,38.76,Storm,3,151,0.2843,1.5,Weather,7.29,4.3,9.65
T710,A48,22-09-2025 13:52,21.77,32.66,Evening Peak,Medium,36.84,Rain,1,570,0.414,14.27,Weather,46.93,31.28,16.25
T711,A21,02-09-2025 11:57,27.42,41.13,Morning Peak,Medium,29.43,Rain,1,501,1.1638,23.15,Traffic,64.28,17.49,57.09
T712,A24,17-09-2025 06:14,14.84,22.26,Night,Medium,24.69,Clear,0,908,0.2743,10.51,Traffic,32.77,6.47,34.04
T713,A37,18-09-2025 04:21,9.49,14.24,Morning Peak,Low,58.95,Clear,0,768,0.0302,-0.41,No Delay,13.83,5.81,11.85
T714,A35,30-09-2025 13:44,15.08,22.62,Afternoon,High,14.96,Clear,0,830,0.6036,10.17,Incident,32.79,1.92,36.84
T715,A30,26-09-2025 17:54,13.89,20.84,Evening Peak,Medium,21.78,Rain,1,440,0.2053,3.97,Weather,24.81,19.32,11.25
T716,A18,21-09-2025 18:57,6.61,9.92,Afternoon,High,35.15,Clear,0,887,0.0326,4.7,Traffic,14.62,5.41,17.64
T717,A10,17-09-2025 20:32,13.05,19.58,Afternoon,Medium,40.94,Rain,1,580,0.5358,2.7,Weather,22.28,13.12,18.15
T718,A49,07-09-2025 07:54,6.74,10.11,Afternoon,Low,42.1,Clear,0,915,0.1067,0.1,No Delay,10.21,6.79,7.37
T719,A25,18-09-2025 04:50,11.51,17.27,Evening Peak,High,22.63,Clear,0,846,0.2232,6.77,Traffic,24.04,8.05,21.78
T720,A15,09-09-2025 14:19,13.92,20.88,Afternoon,Medium,32.66,Rain,1,578,0.5169,3.73,Weather,24.61,17.64,11.65
T721,A33,22-09-2025 17:31,21.42,32.13,Morning Peak,High,7.89,Clear,0,1014,0.5378,16.86,Incident,48.99,41.72,14.47
T722,A20,16-09-2025 05:39,5.83,8.74,Afternoon,Low,69.32,Clear,0,837,0,-0.05,No Delay,8.69,1.66,14.02
T723,A23,22-09-2025 17:24,21.9,32.85,Night,Low,30.02,Clear,0,901,0,-0.61,No Delay,32.24,6.35,32.76
T724,A39,05-09-2025 04:48,16,24,Morning Peak,High,18.27,Fog,2,295,1.2376,14.45,Incident,38.45,13.38,26.28
T725,A6,25-09-2025 16:08,11.64,17.46,Evening Peak,Low,49.37,Rain,1,662,0.4173,3.05,Weather,20.51,10.04,19
T726,A8,27-09-2025 23:13,8.51,12.77,Afternoon,High,22.84,Storm,3,142,1.0324,7.11,Incident,19.88,13.57,10.62
T727,A1,04-09-2025 06:37,5.18,7.77,Night,Low,51.73,Clear,0,887,0,-0.17,No Delay,7.6,4.4,12.02
T728,A46,18-09-2025 15:36,24.54,36.81,Night,Low,39.18,Clear,0,831,0,1.85,No Delay,38.66,25.83,17.73
T729,A22,15-09-2025 09:36,16.62,24.93,Evening Peak,Medium,32.95,Storm,3,210,0.352,9.2,Weather,34.13,5.05,34.37
T730,A20,18-09-2025 23:56,28.7,43.05,Morning Peak,Low,21.26,Fog,2,153,0.5147,9.87,Weather,52.92,46.81,7.44
T731,A4,07-09-2025 13:29,11.73,17.59,Afternoon,High,13.75,Clear,0,743,0.8337,6.58,Incident,24.17,20.41,7.9
T732,A12,17-09-2025 17:25,7.05,10.57,Afternoon,Low,41.87,Clear,0,917,0.0634,-0.13,No Delay,10.44,5.33,9.53
T733,A48,26-09-2025 16:15,12.17,18.26,Night,High,20.51,Rain,1,452,1.0212,10.74,Incident,29,15.99,15.83
T734,A2,23-09-2025 20:27,19.52,29.28,Afternoon,Low,44.89,Clear,0,799,0,0.6,No Delay,29.88,26.3,6.34
T735,A46,07-09-2025 00:26,24.65,36.97,Evening Peak,High,17.54,Rain,1,545,0.8233,23.21,Incident,60.18,44.85,21.45
T736,A4,21-09-2025 04:43,13.12,19.68,Evening Peak,Medium,14.91,Rain,1,446,0.8342,9.4,Incident,29.08,17.41,17.33
T737,A35,17-09-2025 04:53,19.16,28.74,Evening Peak,Low,32.13,Clear,0,826,0.0955,1.28,No Delay,30.02,18.42,18.11
T738,A39,14-09-2025 06:28,29.68,44.52,Evening Peak,Low,57.18,Clear,0,846,0.0312,-0.19,No Delay,44.33,13.92,37.28
T739,A4,18-09-2025 11:23,22.48,33.72,Evening Peak,Low,29.64,Storm,3,261,0.1582,13.07,No Delay,46.79,29.32,20.64
T740,A26,13-09-2025 15:10,20.58,30.87,Afternoon,Low,61.11,Clear,0,819,0.2366,1.06,No Delay,31.93,25.55,13.36
T741,A49,24-09-2025 13:19,9.43,14.14,Evening Peak,Low,35.34,Storm,3,293,0.3365,5.74,Weather,19.88,2.99,26.3
T742,A1,09-09-2025 16:31,19.41,29.12,Night,Low,44.42,Clear,0,841,0.0203,0,No Delay,29.12,10.8,22.11
T743,A50,26-09-2025 17:41,29.65,44.47,Evening Peak,Low,14.14,Storm,3,219,0.7169,9.99,Weather,54.46,33.94,27.46
T744,A6,09-09-2025 21:14,2.91,4.37,Evening Peak,Medium,19.6,Clear,0,1029,1.2281,1.8,Incident,6.17,0.99,9.02
T745,A9,19-09-2025 21:22,7.41,11.12,Morning Peak,Medium,16.08,Rain,1,506,0.5074,4.55,Incident,15.67,8.01,14.66
T746,A24,25-09-2025 19:40,22.63,33.95,Night,Low,33.5,Storm,3,124,0.2531,10.88,Weather,44.83,25.52,26.5
T747,A32,28-09-2025 20:43,27.3,40.95,Afternoon,Low,53.27,Clear,0,922,0.0274,-0.05,No Delay,40.9,16.35,30.34
T748,A21,07-09-2025 17:43,5.93,8.89,Afternoon,Low,48.18,Clear,0,789,0.0785,0,No Delay,8.89,2.99,11.76
T749,A40,09-09-2025 04:13,8.92,13.38,Afternoon,Low,33.86,Clear,0,1050,0.0248,-0.41,Weather,12.97,10.84,6.9
T750,A10,16-09-2025 10:18,21.81,32.72,Evening Peak,High,10.63,Fog,2,157,1.0476,11.56,Incident,44.28,28.97,19.88
T751,A6,18-09-2025 12:00,20.08,30.12,Evening Peak,High,23.14,Clear,0,842,0.2861,12.01,Traffic,42.13,22.12,25.16
T752,A1,15-09-2025 11:04,11.77,17.66,Evening Peak,Low,39.69,Fog,2,380,0.0055,7.11,Weather,24.77,9.83,22.82
T753,A17,23-09-2025 20:30,11.37,17.05,Night,High,7.01,Rain,1,454,0.7465,5.48,Incident,22.53,15.57,10.8
T754,A17,02-09-2025 08:59,13.91,20.87,Afternoon,High,14,Clear,0,753,1.0859,13.47,Incident,34.34,0.36,35.34
T755,A12,02-09-2025 20:47,13.07,19.61,Afternoon,High,20.51,Rain,1,659,0.5005,9.88,Incident,29.49,26.54,6.12
T756,A29,12-09-2025 00:58,21.12,31.68,Night,Low,40.11,Clear,0,926,0,0.45,No Delay,32.13,15.39,22.09
T757,A45,11-09-2025 11:50,20.27,30.41,Evening Peak,High,35.21,Rain,1,500,0.3209,15.23,Traffic,45.64,7.22,43.74
T758,A7,05-09-2025 11:23,27.03,40.55,Morning Peak,Low,30.61,Fog,2,314,0.5048,8.82,Weather,49.37,10.5,44.81
T759,A49,19-09-2025 00:53,10.03,15.04,Evening Peak,High,23.26,Clear,0,893,0.5088,6.64,Incident,21.68,10.24,15.75
T760,A22,28-09-2025 19:37,13.96,20.94,Night,High,24.8,Fog,2,233,0.2769,6.34,Weather,27.28,18.43,10.15
T761,A24,23-09-2025 15:31,18.82,28.23,Morning Peak,Medium,15.53,Rain,1,480,0.3563,10.55,Weather,38.78,5.68,39.43
T762,A10,25-09-2025 01:20,8.6,12.9,Morning Peak,High,16.63,Clear,0,930,0.1103,4.64,Traffic,17.54,5.84,18.54
T763,A31,15-09-2025 11:29,4.98,7.47,Evening Peak,High,36.06,Rain,1,475,0.1949,2.27,Traffic,9.74,0.29,16.03
T764,A37,19-09-2025 00:15,29.09,43.63,Morning Peak,Medium,25.42,Fog,2,220,0.3853,15.82,Weather,59.45,4.12,63.12
T765,A1,25-09-2025 16:03,8.28,12.42,Morning Peak,High,14.28,Fog,2,338,0.8495,5.55,Incident,17.97,1.61,18.21
T766,A18,30-09-2025 17:40,22.31,33.46,Afternoon,Low,39.07,Clear,0,895,0,1.21,No Delay,34.67,17.13,23.09
T767,A37,12-09-2025 01:15,11.17,16.75,Night,Medium,49.05,Clear,0,1021,0,0.82,No Delay,17.57,3.61,16.82
T768,A13,14-09-2025 22:31,14.3,21.45,Morning Peak,Medium,28.88,Fog,2,179,0.3771,3.99,Weather,25.44,11.54,18.08
T769,A11,30-09-2025 06:19,12.21,18.32,Evening Peak,Low,40,Fog,2,145,0.4095,2.22,Weather,20.54,15.06,13.15
T770,A39,21-09-2025 14:10,19.38,29.07,Morning Peak,Medium,44.69,Rain,1,648,0.3586,13.47,Traffic,42.54,13.52,34.72
T771,A23,24-09-2025 02:25,15.1,22.65,Morning Peak,High,23.68,Clear,0,961,0.2736,10.49,Traffic,33.14,17.02,24.84
T772,A42,04-09-2025 07:28,27.1,40.65,Night,Low,39.96,Clear,0,885,0.1335,1.98,No Delay,42.63,9.37,35.92
T773,A25,20-09-2025 04:32,18.07,27.11,Evening Peak,High,22.87,Clear,0,895,0.2454,13.23,Traffic,40.34,21.1,25.57
T774,A1,24-09-2025 10:35,13.29,19.93,Morning Peak,Low,52.44,Clear,0,855,0.0065,-0.29,No Delay,19.64,15.11,7.78
T775,A9,04-09-2025 01:15,14.09,21.14,Morning Peak,High,25.7,Fog,2,350,0.9171,7.94,Incident,29.08,6.28,28.23
T776,A42,07-09-2025 22:48,6.35,9.53,Afternoon,Low,33.07,Fog,2,166,0.2073,1.11,No Delay,10.64,1.37,11.44
T777,A45,06-09-2025 10:12,26.88,40.32,Night,Low,46.13,Clear,0,881,0.0501,2.12,No Delay,42.44,25.54,21.21
T778,A18,11-09-2025 10:44,5.56,8.34,Afternoon,Low,34.78,Clear,0,931,0.1178,-0.18,No Delay,8.16,2.46,8.31
T779,A3,04-09-2025 08:03,29.8,44.7,Night,Low,49.96,Clear,0,881,0,0.46,No Delay,45.16,4.56,43.85
T780,A41,01-09-2025 12:37,26.09,39.13,Morning Peak,High,13.05,Rain,1,523,0.853,21.46,Incident,60.59,17.37,46.95
T781,A49,30-09-2025 07:29,26.41,39.62,Night,Low,26.93,Fog,2,347,0.1158,6.65,Weather,46.27,21.23,31.37
T782,A16,18-09-2025 00:03,22.97,34.45,Evening Peak,High,31.22,Clear,0,1084,0,13.4,Traffic,47.85,11.12,41.83
T783,A39,06-09-2025 11:00,20.6,30.9,Evening Peak,High,25.48,Clear,0,939,1.1158,15.07,Traffic,45.97,29.2,21.96
T784,A22,30-09-2025 07:42,4.69,7.04,Evening Peak,Medium,37.67,Storm,3,152,0.1438,2.61,Weather,9.65,4.67,10.87
T785,A11,27-09-2025 17:16,23.69,35.54,Morning Peak,Medium,14.4,Fog,2,176,1.2812,19.59,Incident,55.13,26.65,31.92
T786,A5,21-09-2025 14:54,22.62,33.93,Night,Medium,37.12,Rain,1,443,0.3256,12.58,Weather,46.51,15.19,37.65
T787,A27,14-09-2025 07:35,4.3,6.45,Evening Peak,High,7.68,Storm,3,152,1.2787,2,Traffic,8.45,4.46,9.17
T788,A24,04-09-2025 18:07,17.02,25.53,Afternoon,Low,51.87,Clear,0,906,0.0528,-0.33,No Delay,25.2,21.38,12.22
T789,A5,15-09-2025 21:05,28.45,42.67,Evening Peak,Low,22.74,Fog,2,172,0.395,8.1,Weather,50.77,6.11,50.87
T790,A15,01-09-2025 18:55,11.43,17.14,Evening Peak,High,26.69,Clear,0,986,0.2119,5.12,Traffic,22.26,6.71,18.26
T791,A33,21-09-2025 01:06,27.44,41.16,Afternoon,Low,26.43,Storm,3,198,0.5615,7.92,Weather,49.08,1.55,47.02
T792,A44,10-09-2025 20:57,27.29,40.94,Morning Peak,High,49.3,Clear,0,988,0.1043,11.57,Traffic,52.51,32.92,25.03
T793,A7,04-09-2025 03:47,26.03,39.05,Afternoon,High,18.13,Rain,1,496,0.4956,13.77,Incident,52.82,37.68,17.63
T794,A34,23-09-2025 22:05,19.88,29.82,Evening Peak,Low,58.85,Clear,0,858,0.1963,1.1,No Delay,30.92,0.95,39.77
T795,A43,28-09-2025 14:45,10.33,15.49,Morning Peak,High,14.44,Rain,1,619,0.8157,5.24,Incident,20.73,7.72,20.47
T796,A3,10-09-2025 23:15,4.05,6.07,Night,Medium,33.37,Clear,0,894,0.1144,2.64,Traffic,8.71,4.11,5.98
T797,A27,15-09-2025 07:48,24.18,36.27,Night,Low,35.06,Clear,0,910,0.0835,2.05,No Delay,38.32,6.42,39.9
T798,A40,21-09-2025 21:08,11.91,17.87,Night,High,33.18,Fog,2,146,0.5412,2.55,Weather,20.42,2.92,24.27
T799,A6,08-09-2025 14:13,10.82,16.23,Morning Peak,High,17.88,Storm,3,220,1.1947,6.02,Incident,22.25,1.77,26.29
T800,A47,09-09-2025 03:43,3.73,5.59,Afternoon,Low,38.33,Clear,0,814,0.0521,-0.12,No Delay,5.47,2.22,9.53
T801,A24,29-09-2025 10:57,6.65,9.98,Evening Peak,Medium,43.72,Fog,2,351,0.1399,1.14,Weather,11.12,10,3.45
T802,A3,19-09-2025 12:49,18.49,27.73,Afternoon,High,29.74,Clear,0,788,0.2503,5.35,Traffic,33.08,23.17,15.26
T803,A22,22-09-2025 13:59,7.69,11.54,Night,High,32.56,Rain,1,449,0.0873,4.08,Traffic,15.62,6.88,15.52
T804,A31,19-09-2025 10:19,11.26,16.89,Evening Peak,High,19.61,Clear,0,819,0.1866,4.96,Traffic,21.85,19.49,7.28
T805,A18,17-09-2025 00:24,10.6,15.9,Night,High,35.53,Clear,0,995,0.2833,8.06,Traffic,23.96,19.56,7.48
T806,A4,30-09-2025 02:56,15.29,22.93,Night,High,21.16,Fog,2,360,1.1328,11.62,Incident,34.55,6.66,35.82
T807,A38,11-09-2025 10:37,2.6,3.9,Night,Low,46.56,Storm,3,254,0.3581,1.32,Weather,5.22,2.81,7.13
T808,A13,09-09-2025 21:10,28.74,43.11,Afternoon,Medium,14.41,Rain,1,590,1.2772,22.88,Incident,65.99,28.14,38.23
T809,A47,25-09-2025 16:07,26.17,39.26,Night,Low,53.41,Clear,0,941,0,-1.19,No Delay,38.07,10.29,32.21
T810,A43,12-09-2025 13:20,16.92,25.38,Morning Peak,High,13.49,Clear,0,1023,0.6286,12.74,Incident,38.12,26.31,16.33
T811,A11,15-09-2025 23:23,16.44,24.66,Night,Low,43.41,Clear,0,927,0,-0.1,No Delay,24.56,0.81,24.85
T812,A46,24-09-2025 05:35,6.39,9.59,Morning Peak,High,29.14,Clear,0,855,0.1667,1.95,Traffic,11.54,9.26,5.46
T813,A39,28-09-2025 17:57,11.93,17.89,Night,Low,38.13,Clear,0,1000,0,-0.04,No Delay,17.85,0.31,22.27
T814,A39,17-09-2025 06:15,16.45,24.68,Evening Peak,Medium,34.25,Rain,1,459,0,9.42,Traffic,34.1,5.43,32.88
T815,A9,05-09-2025 20:22,16.3,24.45,Morning Peak,Medium,42.95,Rain,1,608,0.3467,6.05,Weather,30.5,3.44,33.13
T816,A32,25-09-2025 14:42,16.46,24.69,Afternoon,Medium,35.04,Storm,3,88,0,5.16,Weather,29.85,25.54,6.84
T817,A19,04-09-2025 13:53,17.57,26.36,Night,High,30.27,Clear,0,992,0.1435,10.96,Traffic,37.32,32.79,12.06
T818,A47,08-09-2025 12:45,16.48,24.72,Afternoon,Medium,39.47,Fog,2,295,0.3069,6.94,Weather,31.66,17.63,21.55
T819,A21,14-09-2025 04:49,12.73,19.1,Night,High,18.99,Storm,3,198,0.5095,6.59,Traffic,25.69,18.61,12.18
T820,A27,24-09-2025 14:01,22.34,33.51,Morning Peak,Medium,23.07,Rain,1,410,0.1501,6.99,Traffic,40.5,23.56,25.41
T821,A2,19-09-2025 16:16,24.04,36.06,Afternoon,Low,49.12,Clear,0,844,0.138,1.14,No Delay,37.2,22.33,20.77
T822,A42,25-09-2025 19:26,19.32,28.98,Evening Peak,High,19.34,Clear,0,797,1.0379,9.92,Incident,38.9,26.37,14.78
T823,A13,11-09-2025 14:50,3.35,5.03,Evening Peak,Low,43.85,Storm,3,254,0.4254,1.63,Weather,6.66,4.55,4.98
T824,A35,03-09-2025 10:52,3.91,5.87,Evening Peak,Medium,10.72,Fog,2,304,0.8906,3.32,Incident,9.19,6.48,10.38
T825,A12,16-09-2025 01:41,7.05,10.57,Afternoon,Low,46.96,Fog,2,167,0.4383,2.22,Weather,12.79,9.27,11.8
T826,A21,24-09-2025 14:40,13.87,20.8,Evening Peak,High,19.24,Clear,0,794,0.0716,10.69,Traffic,31.49,25.77,9.19
T827,A42,14-09-2025 13:19,19.02,28.53,Night,Low,44.78,Clear,0,766,0.1496,-0.04,No Delay,28.49,2,27.56
T828,A45,27-09-2025 02:57,20.15,30.22,Night,Low,43.46,Clear,0,790,0.0187,0.41,No Delay,30.63,9.64,24.52
T829,A28,22-09-2025 11:00,14.57,21.86,Morning Peak,Medium,15.63,Rain,1,714,1.0964,11.44,Incident,33.3,11.92,28.37
T830,A12,02-09-2025 07:11,23.97,35.95,Afternoon,Low,24.75,Fog,2,248,0.3524,8.66,Weather,44.61,2.1,48.52
T831,A11,05-09-2025 23:52,22.15,33.22,Afternoon,High,20.09,Rain,1,627,0.2488,14.99,Incident,48.21,29.65,23.61
T832,A9,11-09-2025 16:02,29.19,43.79,Night,High,33.43,Clear,0,848,0.0685,15.58,Traffic,59.37,22.86,41.26
T833,A27,06-09-2025 16:48,6.8,10.2,Night,Low,39.31,Clear,0,749,0,0.06,No Delay,10.26,2.24,14.4
T834,A43,25-09-2025 17:39,26.31,39.46,Evening Peak,Medium,7.94,Storm,3,107,1.0215,11.11,Incident,50.57,8.22,51.54
T835,A41,23-09-2025 22:38,21.23,31.85,Night,Medium,22.81,Rain,1,672,0,4.36,Weather,36.21,28.45,12.64
T836,A49,21-09-2025 21:50,3.64,5.46,Night,Medium,32.13,Rain,1,683,0.4853,0.8,Weather,6.26,2.22,9.47
T837,A31,04-09-2025 17:11,4.69,7.04,Afternoon,High,21.82,Rain,1,515,0.3576,3.21,Incident,10.25,7.79,4.85
T838,A29,30-09-2025 21:50,16.57,24.86,Night,Low,52.77,Clear,0,922,0.006,1.47,No Delay,26.33,11.91,16.29
T839,A46,11-09-2025 22:50,15.19,22.79,Morning Peak,Low,31.69,Fog,2,228,0.3357,7.25,Weather,30.04,0.05,30.43
T840,A42,13-09-2025 17:58,6.95,10.43,Night,Medium,37.21,Fog,2,411,0.2788,3.18,Weather,13.61,11.89,4.31
T841,A26,01-09-2025 19:59,22.26,33.39,Evening Peak,Medium,15.48,Clear,0,1012,0.9139,13.23,Incident,46.62,12.18,36.39
T842,A37,18-09-2025 07:03,20.43,30.65,Evening Peak,Low,51.27,Clear,0,914,0,-1.15,No Delay,29.5,17.38,16.91
T843,A10,06-09-2025 21:11,24.81,37.21,Afternoon,High,34.37,Rain,1,588,0.2852,16.05,Traffic,53.26,7.1,46.06
T844,A3,08-09-2025 19:51,22.14,33.21,Night,Low,31.48,Clear,0,871,0,1.75,No Delay,34.96,10.23,29.09
T845,A15,16-09-2025 03:21,4.67,7,Morning Peak,Low,58.39,Clear,0,944,0.1168,-0.26,No Delay,6.74,0.33,11.88
T846,A26,21-09-2025 05:22,9.87,14.8,Morning Peak,Medium,25.66,Rain,1,622,1.0031,4.91,Incident,19.71,14.86,13.71
T847,A33,05-09-2025 05:19,11.83,17.75,Night,Medium,25.64,Rain,1,686,0.149,5.44,Traffic,23.19,6.01,23.95
T848,A19,26-09-2025 05:59,13.34,20.01,Evening Peak,High,19.78,Clear,0,979,0.7758,7.87,Incident,27.88,6.57,24.28
T849,A26,24-09-2025 16:55,19.82,29.73,Evening Peak,High,23.08,Rain,1,496,0.8837,10.42,Traffic,40.15,6.93,39.33
T850,A18,25-09-2025 13:58,15.04,22.56,Evening Peak,High,17.72,Storm,3,88,1.196,10.82,Incident,33.38,24.93,17.17
T851,A25,14-09-2025 22:59,2.91,4.37,Afternoon,High,33.62,Rain,1,490,0.2078,2.23,Traffic,6.6,5.34,4.83
T852,A10,23-09-2025 14:09,19.65,29.47,Morning Peak,Low,46.99,Clear,0,846,0,0.76,No Delay,30.23,8.14,26.65
T853,A8,29-09-2025 00:25,29.79,44.69,Evening Peak,Medium,26.98,Clear,0,779,0.182,8.17,Traffic,52.86,37.9,21.74
T854,A8,21-09-2025 09:37,5.43,8.14,Night,Low,46.73,Storm,3,114,0.2148,2.59,Weather,10.73,0.96,16.08
T855,A47,24-09-2025 14:09,19.29,28.93,Evening Peak,High,26.54,Fog,2,298,0.5332,8.68,Weather,37.61,17.05,27.08
T856,A32,30-09-2025 21:55,2.3,3.45,Night,Medium,43.16,Clear,0,817,0.0398,-0.07,No Delay,3.38,2.11,6.82
T857,A2,27-09-2025 16:46,25.51,38.27,Evening Peak,Medium,41.9,Clear,0,889,0.2936,13.49,Traffic,51.76,45.37,11.51
T858,A2,08-09-2025 09:03,20.43,30.65,Afternoon,Medium,57,Clear,0,875,0,1.45,No Delay,32.1,16.85,22.7
T859,A6,20-09-2025 22:05,27.97,41.95,Morning Peak,High,15.39,Clear,0,961,0.5941,13.02,Incident,54.97,45.36,15.33
T860,A43,07-09-2025 01:11,23.54,35.31,Afternoon,Low,32.48,Fog,2,324,0.2097,6.82,Weather,42.13,18.83,24.72
T861,A1,23-09-2025 16:54,3.21,4.82,Night,Medium,33.21,Fog,2,386,0.3689,1.14,Weather,5.96,3.79,7.47
T862,A40,22-09-2025 16:04,12.63,18.95,Afternoon,Low,36.3,Storm,3,270,0.2466,4.67,Weather,23.62,14.77,16.93
T863,A47,27-09-2025 04:57,22.23,33.34,Evening Peak,Low,34.22,Storm,3,154,0.0942,4.15,Weather,37.49,4.19,37.6
T864,A12,21-09-2025 01:08,12.21,18.32,Morning Peak,High,7.07,Rain,1,576,1.0485,11.3,Incident,29.62,16,20.94
T865,A47,05-09-2025 07:23,12.8,19.2,Night,Medium,46.76,Storm,3,186,0.06,6.49,Weather,25.69,19.23,9.85
T866,A41,06-09-2025 19:12,16.89,25.34,Night,Low,33.18,Fog,2,332,0.1814,5.04,Weather,30.38,14.62,18.85
T867,A40,06-09-2025 10:58,20.87,31.31,Afternoon,Low,30.19,Clear,0,944,0.0113,-0.43,No Delay,30.88,20.43,14
T868,A48,23-09-2025 04:54,14.44,21.66,Afternoon,Medium,39.81,Storm,3,84,0.3535,8.63,Weather,30.29,5.51,29.67
T869,A50,04-09-2025 15:50,20.31,30.46,Night,High,39.83,Clear,0,874,0.3781,8.83,Traffic,39.29,2.97,45.04
T870,A13,22-09-2025 00:02,24.2,36.3,Morning Peak,High,14.34,Clear,0,897,0.8146,15.11,Incident,51.41,30.07,25.59
T871,A30,07-09-2025 23:45,22.3,33.45,Evening Peak,High,28.48,Clear,0,942,0.2327,6.83,Traffic,40.28,2.67,49.06
T872,A17,22-09-2025 12:48,6.05,9.07,Evening Peak,Low,40.72,Clear,0,957,0.0029,0.45,No Delay,9.52,5.8,10.18
T873,A6,24-09-2025 02:02,4.33,6.5,Afternoon,Low,52.55,Clear,0,901,0.0599,-0.16,No Delay,6.34,4.67,8.72
T874,A14,29-09-2025 06:55,12.67,19,Morning Peak,High,20.51,Clear,0,1032,0.8637,5.85,Incident,24.85,6.27,21.77
T875,A42,10-09-2025 23:22,12.37,18.55,Evening Peak,High,48.56,Storm,3,118,0.276,6.6,Weather,25.15,12.02,18.47
T876,A48,04-09-2025 13:01,20.18,30.27,Night,High,42.95,Rain,1,549,0.0954,13.49,Weather,43.76,5.12,42.42
T877,A11,24-09-2025 13:04,9.87,14.8,Night,Medium,46.8,Fog,2,138,0.0191,1.93,Weather,16.73,15,6.74
T878,A43,27-09-2025 16:08,6.92,10.38,Afternoon,Low,49.12,Clear,0,983,0,-0.4,No Delay,9.98,2.32,11.89
T879,A14,28-09-2025 04:32,16.37,24.55,Morning Peak,High,36.38,Clear,0,915,0.4805,9.03,Traffic,33.58,28.77,9.92
T880,A47,03-09-2025 19:44,22.02,33.03,Night,Low,44.95,Clear,0,817,0.011,0.74,No Delay,33.77,1.44,40.02
T881,A25,04-09-2025 14:01,21.47,32.2,Evening Peak,Medium,36.65,Rain,1,736,0.0655,16.34,Incident,48.54,4.66,51.38
T882,A48,03-09-2025 00:05,3.25,4.88,Morning Peak,Medium,26.85,Clear,0,910,0.149,1.86,Traffic,6.74,1.28,7.48
T883,A20,17-09-2025 19:35,2.8,4.2,Morning Peak,High,17.62,Clear,0,781,0.2928,1.98,Traffic,6.18,4.33,3.83
T884,A5,11-09-2025 04:35,29.84,44.76,Afternoon,Medium,36.64,Storm,3,220,0.2828,8.51,Weather,53.27,35.87,24.45
T885,A13,04-09-2025 19:46,17.92,26.88,Night,Low,40.7,Clear,0,921,0,0.88,No Delay,27.76,13.2,18.45
T886,A33,22-09-2025 17:20,11.71,17.57,Afternoon,Medium,22.8,Clear,0,902,0,7.31,Traffic,24.88,12.94,17.97
T887,A38,30-09-2025 13:26,10.09,15.13,Night,High,17.52,Fog,2,294,0.7225,7.24,Incident,22.37,12.49,14.95
T888,A27,04-09-2025 10:02,9.57,14.36,Morning Peak,Low,32.88,Storm,3,126,0.1868,4.58,Weather,18.94,9.31,13.71
T889,A49,18-09-2025 04:06,8.97,13.46,Afternoon,Low,52.88,Clear,0,856,0.0564,0.03,No Delay,13.49,2.02,14.27
T890,A37,24-09-2025 18:07,12.95,19.42,Afternoon,High,17.96,Clear,0,907,0.988,7.4,Incident,26.82,13.1,15.43
T891,A41,02-09-2025 00:53,24.31,36.47,Night,Medium,21.78,Fog,2,394,0.5281,7.05,Weather,43.52,3.14,50.16
T892,A2,27-09-2025 03:44,16.55,24.82,Evening Peak,High,22.8,Clear,0,955,1.1419,12.19,Incident,37.01,7.1,32.6
T893,A12,01-09-2025 02:24,2.96,4.44,Night,Low,33.75,Storm,3,239,0.1328,1.81,Weather,6.25,3.91,6.98
T894,A11,13-09-2025 02:11,16.86,25.29,Evening Peak,Medium,38.74,Storm,3,143,0.0666,9.38,Weather,34.67,1.13,36.21
T895,A36,12-09-2025 03:00,15.09,22.63,Night,High,17.99,Fog,2,298,1.0227,12.9,Incident,35.53,29.26,9.39
T896,A17,27-09-2025 23:39,21.52,32.28,Afternoon,Low,40.72,Rain,1,512,0.1144,8.76,Weather,41.04,21.7,21.97
T897,A5,13-09-2025 10:58,21.97,32.95,Evening Peak,High,16.91,Rain,1,512,0.1999,7.77,Traffic,40.72,8.42,43.93
T898,A22,09-09-2025 10:47,25.32,37.98,Evening Peak,Low,30.14,Rain,1,546,0.0274,8.63,Weather,46.61,13.91,39.94
T899,A31,08-09-2025 03:19,3.4,5.1,Morning Peak,Low,35.56,Storm,3,209,0.5741,1.16,Weather,6.26,5.07,9.12
T900,A41,20-09-2025 02:14,5.55,8.32,Afternoon,Low,25.39,Storm,3,181,0.4283,3.57,Weather,11.89,5.16,13.29
T901,A21,05-09-2025 11:36,7.11,10.67,Morning Peak,Low,31.88,Clear,0,920,0.0547,-0.34,No Delay,10.33,8.32,5.62
T902,A26,25-09-2025 03:24,2.35,3.53,Morning Peak,Medium,44.62,Rain,1,421,0.0543,0.78,Weather,4.31,0.19,6.53
T903,A25,16-09-2025 22:34,18.52,27.78,Afternoon,Medium,30.7,Clear,0,988,1.0856,15.98,Incident,43.76,20.19,30.19
T904,A1,17-09-2025 12:41,23.4,35.1,Evening Peak,Medium,36.73,Fog,2,173,0.334,12.12,Weather,47.22,22.02,27.02
T905,A14,03-09-2025 15:35,28.28,42.42,Evening Peak,High,17.41,Rain,1,638,0.9937,25.01,Incident,67.43,28.64,38.34
T906,A26,03-09-2025 18:33,14.17,21.25,Night,Low,36.4,Clear,0,1030,0.0967,-0.2,No Delay,21.05,3.42,23.19
T907,A33,10-09-2025 07:08,24.47,36.7,Morning Peak,Low,29.96,Rain,1,603,0.0593,11.34,Weather,48.04,43.11,7.73
T908,A39,13-09-2025 10:54,18.76,28.14,Night,Low,50.22,Clear,0,914,0.163,-1.05,No Delay,27.09,8,26.25
T909,A44,09-09-2025 01:29,21.37,32.05,Night,High,31.18,Fog,2,264,0.3164,14.2,No Delay,46.25,38.49,13.71
T910,A50,17-09-2025 03:24,17.33,25.99,Morning Peak,High,17.61,Storm,3,141,0.8137,8.79,Incident,34.78,3.28,37.12
T911,A9,21-09-2025 20:09,2.25,3.38,Afternoon,Low,54.05,Clear,0,1028,0,0.19,No Delay,3.57,1.59,8.59
T912,A44,18-09-2025 22:26,22.7,34.05,Morning Peak,High,27.36,Clear,0,832,0.3339,7.45,Traffic,41.5,9.86,35.18
T913,A34,08-09-2025 09:05,16.02,24.03,Evening Peak,High,26.02,Clear,0,962,0.3199,8.94,Traffic,32.97,29.11,8.95
T914,A12,22-09-2025 16:40,3.23,4.84,Afternoon,Medium,36.29,Clear,0,901,0.1361,2.22,Traffic,7.06,5.05,7.69
T915,A18,06-09-2025 06:44,9.13,13.7,Evening Peak,Medium,13.86,Rain,1,726,0.7962,8.03,Incident,21.73,8.61,15.48
T916,A15,25-09-2025 13:27,28.7,43.05,Morning Peak,High,25.72,Rain,1,463,0.3617,13.38,Traffic,56.43,30.77,31.61
T917,A28,01-09-2025 15:46,15.02,22.53,Evening Peak,Low,35.54,Fog,2,177,0.1146,3.35,Weather,25.88,8.78,22.28
T918,A5,18-09-2025 16:13,17.33,25.99,Afternoon,High,21.32,Clear,0,1044,1.088,16.65,Incident,42.64,29.82,20.07
T919,A49,12-09-2025 23:10,6.92,10.38,Morning Peak,High,20.32,Fog,2,154,0.8974,4.72,Incident,15.1,1.35,16.86
T920,A14,24-09-2025 04:32,17.21,25.82,Night,Low,49.56,Clear,0,924,0.0368,0.72,No Delay,26.54,17.81,10.51
T921,A24,10-09-2025 00:17,2.44,3.66,Evening Peak,Medium,14.13,Fog,2,156,1.1944,1.64,Incident,5.3,2.62,9.98
T922,A4,18-09-2025 13:12,5.7,8.55,Evening Peak,Medium,35.13,Clear,0,778,0.2191,2.46,Traffic,11.01,1.16,14.49
T923,A2,05-09-2025 08:31,8.54,12.81,Night,High,21.02,Clear,0,1020,0.2076,4.78,Traffic,17.59,12.1,8.73
T924,A43,04-09-2025 12:50,26.19,39.29,Afternoon,Low,50.69,Clear,0,815,0.0716,-1.18,No Delay,38.11,9.07,35.6
T925,A14,12-09-2025 14:03,18.26,27.39,Morning Peak,High,14.5,Clear,0,1006,0.9384,17.68,Incident,45.07,29.26,20.97
T926,A20,21-09-2025 16:38,20.64,30.96,Night,Medium,49.34,Rain,1,592,0.2709,9.8,Weather,40.76,9.8,38.64
T927,A4,19-09-2025 10:51,26.47,39.7,Night,High,22.11,Storm,3,240,0.4048,14.45,Incident,54.15,11.48,49.32
T928,A42,23-09-2025 14:30,29.45,44.17,Morning Peak,Medium,25.48,Rain,1,522,0.7036,19.86,Incident,64.03,56.01,13.35
T929,A7,02-09-2025 04:34,14.81,22.21,Night,Low,45.46,Clear,0,913,0.1367,0.43,No Delay,22.64,2.79,27.78
T930,A37,09-09-2025 09:06,19.17,28.76,Morning Peak,High,20.66,Rain,1,532,0.318,12.33,Traffic,41.09,4.77,43.48
T931,A10,12-09-2025 19:59,8.6,12.9,Afternoon,Medium,54.51,Clear,0,936,0.0736,0.58,No Delay,13.48,11.82,8.7
T932,A46,12-09-2025 02:41,14.66,21.99,Morning Peak,High,22.52,Storm,3,220,0.8887,6.47,Incident,28.46,12.66,23.8
T933,A43,08-09-2025 08:03,5.35,8.02,Evening Peak,High,29.38,Fog,2,223,0.0826,1.46,Traffic,9.48,1.93,12.45
T934,A13,29-09-2025 14:11,16.95,25.42,Afternoon,Low,54.37,Clear,0,808,0,-0.7,No Delay,24.72,4.16,26.02
T935,A31,23-09-2025 02:09,14.08,21.12,Evening Peak,High,36.77,Fog,2,179,0.2666,8.54,Traffic,29.66,24.88,11.27
T936,A26,29-09-2025 11:29,3.41,5.12,Afternoon,Medium,44.93,Clear,0,922,0,0.17,No Delay,5.29,0.94,8.2
T937,A16,01-09-2025 02:44,14.44,21.66,Night,High,8.94,Clear,0,890,1.0727,13.67,Incident,35.33,2.11,40.96
T938,A7,07-09-2025 12:45,11.08,16.62,Night,High,30.33,Fog,2,221,0.2281,1.96,Weather,18.58,10.34,10.74
T939,A20,29-09-2025 00:38,6.59,9.88,Night,Low,53.54,Clear,0,948,0.0543,0.37,No Delay,10.25,5.59,10.13
T940,A39,24-09-2025 02:14,27.64,41.46,Morning Peak,High,23.03,Fog,2,342,0.6046,13.32,Incident,54.78,43.8,14.86
T941,A46,15-09-2025 14:54,2.18,3.27,Evening Peak,Low,31.8,Storm,3,261,0.501,0.94,Weather,4.21,3.76,3.77
T942,A48,28-09-2025 00:06,2.84,4.26,Evening Peak,Medium,12.25,Rain,1,489,0.7665,1.49,Incident,5.75,3.61,6.87
T943,A40,09-09-2025 12:54,21.44,32.16,Afternoon,High,20.53,Storm,3,179,0.7945,14.25,Incident,46.41,39.15,12.93
T944,A4,11-09-2025 17:51,29.56,44.34,Evening Peak,High,25.44,Clear,0,835,0.3372,18.89,Traffic,63.23,6.98,61.76
T945,A7,17-09-2025 18:07,9.6,14.4,Morning Peak,Medium,25.11,Clear,0,954,0.2879,6.31,Traffic,20.71,8.99,15.77
T946,A45,21-09-2025 21:30,16.76,25.14,Evening Peak,High,20.47,Rain,1,457,0.3715,9.76,Traffic,34.9,12.56,25.94
T947,A18,13-09-2025 17:39,13.48,20.22,Evening Peak,High,16.01,Clear,0,862,0.3694,7.74,Traffic,27.96,17.27,14.65
T948,A24,25-09-2025 23:04,24.75,37.12,Morning Peak,High,34.02,Clear,0,876,0.291,8.99,Traffic,46.11,11.92,43.03
T949,A27,15-09-2025 18:32,28.48,42.72,Afternoon,Low,53.72,Clear,0,840,0.0529,1.51,No Delay,44.23,30.55,18.31
T950,A5,10-09-2025 12:31,13.87,20.8,Morning Peak,High,29.11,Clear,0,746,0.3209,9.52,Traffic,30.32,19.18,15.53
T951,A15,11-09-2025 16:57,16.07,24.11,Morning Peak,High,38.53,Fog,2,149,0.1869,5.11,Weather,29.22,5.81,24.97
T952,A37,05-09-2025 13:09,2.61,3.92,Evening Peak,High,15.4,Fog,2,295,1.3177,1.58,Incident,5.5,2.28,6.2
T953,A8,07-09-2025 02:49,3.97,5.96,Afternoon,Low,46.81,Clear,0,919,0.1347,-0.08,No Delay,5.88,0.26,13.18
T954,A20,09-09-2025 00:00,3.13,4.7,Afternoon,High,14.12,Storm,3,258,0.7284,2.83,Incident,7.53,1.57,12.5
T955,A15,11-09-2025 03:41,26.18,39.27,Night,Low,53.91,Clear,0,961,0,-0.02,No Delay,39.25,30.49,11.02
T956,A16,17-09-2025 04:47,17.9,26.85,Night,Medium,42.84,Clear,0,833,0,-0.07,No Delay,26.78,13.01,20.93
T957,A16,18-09-2025 16:34,25.67,38.51,Evening Peak,Medium,29.73,Clear,0,1000,0.2305,12.24,Traffic,50.75,7.09,42.84
T958,A46,14-09-2025 09:21,26.99,40.48,Morning Peak,High,31.75,Clear,0,786,0.0944,18.54,Traffic,59.02,29.68,30.94
T959,A47,09-09-2025 06:19,20.77,31.16,Morning Peak,High,16.21,Storm,3,92,1.2567,11.09,Incident,42.25,20.62,28.07
T960,A34,14-09-2025 03:38,27.72,41.58,Night,Low,38.31,Storm,3,99,0.2202,9.38,Weather,50.96,11.66,40.96
T961,A43,25-09-2025 13:49,12.17,18.26,Evening Peak,High,31.64,Clear,0,760,0.4166,9.15,Traffic,27.41,4.12,27.65
T962,A45,19-09-2025 10:21,26.46,39.69,Night,Low,57.69,Clear,0,875,0.1853,-1.56,No Delay,38.13,6.35,38.43
T963,A30,22-09-2025 10:35,11.98,17.97,Evening Peak,High,52.18,Storm,3,221,0.2106,6.47,Weather,24.44,20.92,8.65
T964,A22,24-09-2025 21:16,29.11,43.66,Night,High,34.24,Clear,0,966,0.2345,14.57,Traffic,58.23,7.95,55.7
T965,A28,16-09-2025 19:49,7.06,10.59,Evening Peak,High,37.07,Storm,3,220,0.3375,2.29,Weather,12.88,2.82,17.83
T966,A22,05-09-2025 04:23,3.48,5.22,Afternoon,High,20.33,Clear,0,893,0.5011,1.79,Incident,7.01,0.02,13
T967,A32,16-09-2025 13:04,23.42,35.13,Night,Low,44.1,Clear,0,918,0.0361,-0.02,No Delay,35.11,25.77,15.83
T968,A11,27-09-2025 01:17,24.59,36.88,Morning Peak,High,30.5,Clear,0,902,0.3815,17.39,Traffic,54.27,17.39,42.64
T969,A32,13-09-2025 05:27,7.03,10.55,Morning Peak,High,27.93,Clear,0,844,0.1185,2.18,Traffic,12.73,5.93,13.06
T970,A18,13-09-2025 12:20,28.23,42.34,Afternoon,Low,40.04,Storm,3,262,0.4694,10.42,Weather,52.76,41.72,17.3
T971,A28,29-09-2025 15:59,2.2,3.3,Evening Peak,High,32.39,Rain,1,558,0,0.79,Traffic,4.09,0.71,9.29
T972,A12,12-09-2025 10:55,8.51,12.77,Night,Low,39.47,Clear,0,969,0,-0.5,No Delay,12.27,0.35,20.41
T973,A8,08-09-2025 14:44,10.44,15.66,Night,Low,36.66,Clear,0,900,0.2158,0.34,No Delay,16,13.07,8.69
T974,A31,03-09-2025 23:45,22.6,33.9,Afternoon,High,27.22,Clear,0,838,0.1154,16.73,Traffic,50.63,43.07,10.81
T975,A5,15-09-2025 13:45,10.94,16.41,Morning Peak,High,21.97,Storm,3,119,0.1695,7.03,Weather,23.44,1,31.47
T976,A15,21-09-2025 03:44,26.3,39.45,Night,High,28.5,Fog,2,278,0.2598,5.81,Weather,45.26,22.25,26.36
T977,A27,29-09-2025 20:53,12.5,18.75,Night,Medium,41.82,Rain,1,523,0.3514,4.14,Weather,22.89,9.86,19.1
T978,A27,15-09-2025 15:35,14.33,21.5,Afternoon,High,32.04,Rain,1,648,0.4173,9.34,Traffic,30.84,13.91,26.23
T979,A7,16-09-2025 14:10,10.89,16.34,Night,High,7.97,Storm,3,145,1.3139,8.7,Traffic,25.04,18.04,11.87
T980,A32,15-09-2025 05:07,7.09,10.63,Evening Peak,Low,47.64,Fog,2,331,0.4534,4.76,Weather,15.39,6.11,13.64
T981,A1,24-09-2025 16:18,26.58,39.87,Afternoon,Low,46.54,Clear,0,954,0.0725,-0.71,No Delay,39.16,23.89,19.75
T982,A15,19-09-2025 00:58,3.72,5.58,Afternoon,Low,35.1,Clear,0,971,0,0.01,No Delay,5.59,4.94,5.79
T983,A14,25-09-2025 14:42,3.83,5.75,Night,Medium,11.98,Rain,1,675,0.9744,3.04,Incident,8.79,0.03,14.09
T984,A11,01-09-2025 19:40,17.87,26.81,Afternoon,Low,22.95,Fog,2,370,0.4196,6.74,Weather,33.55,24.53,12.06
T985,A13,29-09-2025 03:08,29.13,43.7,Night,Low,27.18,Storm,3,216,0.2249,16.65,Weather,60.35,39.6,24.7
T986,A36,20-09-2025 21:06,25.01,37.52,Evening Peak,High,34.24,Clear,0,918,0.0273,9.65,Traffic,47.17,33.97,20.02
T987,A38,23-09-2025 12:54,29.92,44.88,Night,Low,39,Storm,3,171,0.3706,11.4,Weather,56.28,32.42,31.46
T988,A32,12-09-2025 13:05,6.26,9.39,Morning Peak,Low,41.34,Clear,0,989,0.0149,0.42,No Delay,9.81,2.79,11.11
T989,A44,09-09-2025 04:16,8.04,12.06,Night,High,18.81,Fog,2,217,0.9693,3.78,Incident,15.84,4.41,17.11
T990,A34,27-09-2025 19:55,12.77,19.15,Evening Peak,High,5,Rain,1,726,0.9948,10.9,Incident,30.05,19.09,17.74
T991,A1,11-09-2025 03:53,9.91,14.87,Afternoon,Low,54.16,Clear,0,831,0.0523,-0.46,No Delay,14.41,3.54,18.71
T992,A11,28-09-2025 00:36,21.51,32.27,Evening Peak,Medium,25.91,Rain,1,684,0.0607,6.39,Traffic,38.66,5.29,40.33
T993,A41,01-09-2025 01:33,20.38,30.57,Morning Peak,High,25.89,Clear,0,914,1.0016,12.29,Incident,42.86,2.14,46.54
T994,A27,26-09-2025 08:07,12.66,18.99,Morning Peak,Medium,27.18,Clear,0,1042,0.3886,7.64,Traffic,26.63,14.4,13.74
T995,A22,09-09-2025 14:29,9.77,14.65,Morning Peak,High,21.62,Rain,1,605,0.6573,6.95,Incident,21.6,9.21,17.38
T996,A37,11-09-2025 00:19,25.51,38.27,Evening Peak,High,8.23,Storm,3,175,1.3404,16.02,Incident,54.29,16.85,40.77
T997,A31,13-09-2025 07:11,6.56,9.84,Evening Peak,High,35.43,Rain,1,477,0.2868,3.07,Traffic,12.91,2.44,13.41
T998,A18,09-09-2025 12:31,4.3,6.45,Morning Peak,Low,42.3,Fog,2,256,0.6263,2.41,Weather,8.86,1.54,12.17
T999,A39,22-09-2025 23:14,19.98,29.97,Afternoon,Medium,33.1,Fog,2,355,0.4659,5.66,Weather,35.63,26.66,17.41
T1000,A50,23-09-2025 07:36,19.59,29.39,Morning Peak,Medium,24.74,Rain,1,685,0.0422,11.87,Traffic,41.26,22.2,23.6
T1001,A47,26-09-2025 21:56,26.95,40.42,Night,Medium,14.6,Storm,3,116,0.4395,25.38,Incident,65.8,13.07,58.47
T1002,A36,30-09-2025 10:05,13.52,20.28,Morning Peak,High,22.53,Fog,2,178,0.6669,9.84,Incident,30.12,12.57,22.89
T1003,A26,11-09-2025 14:27,25.91,38.87,Night,Medium,45.8,Clear,0,823,0.0855,-1.39,No Delay,37.48,14.05,33.57
T1004,A41,16-09-2025 14:20,5.71,8.56,Morning Peak,Medium,27.12,Rain,1,559,0.5378,1.3,Weather,9.86,7.65,9.94
T1005,A1,29-09-2025 02:27,21.61,32.41,Afternoon,High,29.54,Rain,1,573,0.8119,17.99,Incident,50.4,7.63,50.68
T1006,A39,20-09-2025 09:55,25.14,37.71,Afternoon,High,31.44,Fog,2,251,0.1126,11.41,Weather,49.12,16.91,32.39
T1007,A47,03-09-2025 16:07,23.95,35.92,Evening Peak,Medium,16.99,Fog,2,270,0.5134,16.7,Incident,52.62,12.95,41.59
T1008,A28,16-09-2025 13:29,24.68,37.02,Afternoon,High,15.58,Rain,1,639,1.1647,22.15,Incident,59.17,23.07,42.21
T1009,A21,13-09-2025 21:13,22.39,33.59,Night,Medium,32.97,Fog,2,343,0.2296,8.13,Weather,41.72,4.9,43.43
T1010,A29,15-09-2025 01:50,23.19,34.78,Morning Peak,High,40.76,Storm,3,155,0.198,10.58,Weather,45.36,18.61,34.56
T1011,A18,01-09-2025 12:20,6.97,10.46,Night,High,24.23,Clear,0,917,0.4082,3.71,Incident,14.17,8.1,8.21
T1012,A34,17-09-2025 11:23,17.63,26.45,Morning Peak,Medium,31.99,Clear,0,893,0.0998,12.15,Traffic,38.6,9.35,37.98
T1013,A49,23-09-2025 14:32,6.1,9.15,Morning Peak,High,22.65,Rain,1,539,0.9294,5.93,Incident,15.08,10.1,10.09
T1014,A25,21-09-2025 04:29,11.23,16.84,Morning Peak,High,20.7,Fog,2,328,0.9316,8.68,Incident,25.52,8.92,22.42
T1015,A35,21-09-2025 21:31,7.43,11.14,Evening Peak,Medium,29.66,Clear,0,935,0.3397,4.79,Traffic,15.93,1.06,19.2
T1016,A40,14-09-2025 14:52,26.02,39.03,Morning Peak,Medium,37.2,Rain,1,630,0.1452,12.87,Traffic,51.9,35.14,18.73
T1017,A6,05-09-2025 21:19,17.18,25.77,Evening Peak,Low,37.96,Clear,0,1089,0.1285,1.31,No Delay,27.08,12.68,21.54
T1018,A43,28-09-2025 14:16,23.74,35.61,Morning Peak,High,16.3,Rain,1,550,0.9801,17.15,Traffic,52.76,1.39,56.64
T1019,A41,19-09-2025 03:37,4.53,6.79,Morning Peak,Medium,45.91,Fog,2,377,0.2518,0.89,Weather,7.68,2.23,9.67
T1020,A35,04-09-2025 09:08,23.93,35.89,Evening Peak,High,15.94,Rain,1,499,0.6758,17.87,Traffic,53.76,5.46,55.55
T1021,A19,09-09-2025 19:09,14.04,21.06,Afternoon,High,11.91,Clear,0,822,1.1461,8.35,Incident,29.41,26.2,9.52
T1022,A20,30-09-2025 16:47,14.71,22.07,Evening Peak,High,11.98,Rain,1,468,0.7144,12.3,Traffic,34.37,29.45,11.49
T1023,A18,04-09-2025 15:34,15.11,22.66,Night,Low,40.16,Clear,0,1016,0,1.19,No Delay,23.85,9.9,19.54
T1024,A37,10-09-2025 07:36,15.5,23.25,Night,Medium,5.05,Fog,2,235,1.0225,13.53,Incident,36.78,25.62,14.62
T1025,A45,05-09-2025 14:33,12.04,18.06,Evening Peak,High,37.17,Clear,0,920,0.2421,6.82,Traffic,24.88,5.5,25.84
T1026,A19,17-09-2025 15:33,3.86,5.79,Morning Peak,Medium,15.86,Clear,0,872,0.2777,2.29,Traffic,8.08,3.45,6.89
T1027,A19,26-09-2025 22:53,17.87,26.81,Morning Peak,Low,30.23,Rain,1,651,0.3717,7.21,Weather,34.02,13.96,22.87
T1028,A42,21-09-2025 10:49,5.58,8.37,Morning Peak,High,14.65,Rain,1,519,0.5956,3.37,Incident,11.74,2.54,12.32
T1029,A17,16-09-2025 03:44,27.45,41.18,Night,High,23.64,Fog,2,188,1.2644,23.51,Incident,64.69,43.88,23.44
T1030,A43,16-09-2025 00:05,13.82,20.73,Evening Peak,High,25.78,Clear,0,846,0.2242,4.46,Traffic,25.19,10.43,19.81
T1031,A22,17-09-2025 11:03,12.16,18.24,Evening Peak,Medium,36.64,Rain,1,624,0.2155,4.27,Traffic,22.51,13.62,16.52
T1032,A1,22-09-2025 03:33,28.84,43.26,Evening Peak,High,20.12,Rain,1,584,0.341,13.81,Incident,57.07,48.41,15.75
T1033,A17,11-09-2025 10:43,15.1,22.65,Afternoon,Medium,34.46,Fog,2,345,0.265,6.87,Weather,29.52,13.37,19.02
T1034,A46,29-09-2025 00:28,7.09,10.63,Evening Peak,Medium,32.03,Fog,2,347,0.1878,4.2,Weather,14.83,3.57,14.49
T1035,A4,25-09-2025 23:55,11.37,17.05,Night,High,22.16,Rain,1,675,0.6358,8.64,Incident,25.69,14.65,17.59
T1036,A42,14-09-2025 06:35,17.33,25.99,Night,High,8.29,Storm,3,112,0.6716,15.53,Incident,41.52,21.45,22.85
T1037,A19,23-09-2025 21:35,2.97,4.46,Night,Low,44.54,Clear,0,994,0,0.1,Weather,4.56,0.74,6.94
T1038,A48,11-09-2025 09:49,26.91,40.36,Evening Peak,Medium,29.66,Rain,1,592,0.196,10.05,Traffic,50.41,28.24,26
T1039,A44,18-09-2025 16:53,26.82,40.23,Morning Peak,High,42.91,Clear,0,875,0.222,17.31,Traffic,57.54,1.8,63.33
T1040,A12,28-09-2025 06:19,17.39,26.09,Afternoon,Low,44.25,Clear,0,976,0.1014,0.77,No Delay,26.86,12.71,17.68
T1041,A34,23-09-2025 23:41,29.27,43.91,Evening Peak,High,31.63,Clear,0,885,0.228,8.25,Traffic,52.16,24.45,30.64
T1042,A5,08-09-2025 07:39,16.42,24.63,Morning Peak,High,37.58,Rain,1,679,0.4401,11.8,Traffic,36.43,24.77,14.06
T1043,A32,15-09-2025 20:05,6.18,9.27,Evening Peak,Medium,23.06,Rain,1,458,0.4692,4.66,Traffic,13.93,5.42,10.54
T1044,A39,13-09-2025 13:01,25,37.5,Morning Peak,Medium,27.96,Clear,0,915,0.1183,17.83,Traffic,55.33,6.42,55.45
T1045,A8,24-09-2025 07:42,22.23,33.34,Morning Peak,Low,47.73,Clear,0,917,0.0097,0.97,No Delay,34.31,17.77,20.94
T1046,A32,01-09-2025 00:20,4.25,6.38,Morning Peak,Medium,23.17,Clear,0,788,0,2.27,Traffic,8.65,3.67,7.86
T1047,A26,17-09-2025 01:34,19.88,29.82,Afternoon,Low,34.5,Storm,3,278,0.177,3.25,Weather,33.07,20.55,13.94
T1048,A21,13-09-2025 07:22,22.23,33.34,Afternoon,Low,56.35,Clear,0,1042,0,1.55,No Delay,34.89,21.98,18.47
T1049,A50,15-09-2025 04:57,16.57,24.86,Morning Peak,Low,36.26,Fog,2,211,0.4991,2.83,Weather,27.69,15.67,18.14
T1050,A4,14-09-2025 14:41,10.08,15.12,Morning Peak,High,24.03,Storm,3,162,1.2613,9.08,Incident,24.2,1.14,29.15
T1051,A5,13-09-2025 11:05,19.75,29.62,Evening Peak,Medium,27.96,Clear,0,815,0.2152,11.54,Traffic,41.16,21.92,25.48
T1052,A32,17-09-2025 12:16,14.63,21.95,Evening Peak,Medium,28.2,Clear,0,887,0.3001,8.63,Traffic,30.58,18.85,17.16
T1053,A50,04-09-2025 03:44,22.68,34.02,Evening Peak,Low,35.38,Fog,2,171,0.2901,11.53,Weather,45.55,16.68,34.54
T1054,A8,10-09-2025 16:26,11.32,16.98,Evening Peak,Medium,34.89,Rain,1,651,0.3323,5.6,Weather,22.58,4.61,22.93
T1055,A46,27-09-2025 12:26,11.03,16.54,Evening Peak,High,32.32,Rain,1,518,0.3228,1.87,Weather,18.41,10.9,10.21
T1056,A37,27-09-2025 12:09,27.82,41.73,Afternoon,Medium,20.22,Storm,3,209,0.2215,16.7,Weather,58.43,35.1,27.78
T1057,A49,03-09-2025 03:00,16.43,24.64,Afternoon,High,19.04,Clear,0,916,1.2773,8.49,Incident,33.13,8.26,31.44
T1058,A10,05-09-2025 01:20,6.54,9.81,Night,Medium,20.59,Rain,1,599,0.2409,2.3,Weather,12.11,7.72,10.69
T1059,A8,09-09-2025 00:37,6.32,9.48,Morning Peak,High,21.92,Clear,0,808,0.1089,3.56,Traffic,13.04,5.43,16.45
T1060,A44,25-09-2025 20:54,12.11,18.16,Evening Peak,Low,48.21,Clear,0,890,0,0.98,No Delay,19.14,15.1,8.83
T1061,A39,25-09-2025 03:37,9.77,14.65,Night,Low,52.13,Clear,0,846,0.0934,-0.12,No Delay,14.53,5.22,16.61
T1062,A9,04-09-2025 22:12,19.08,28.62,Afternoon,Low,50.63,Clear,0,986,0.0328,0.7,No Delay,29.32,0.86,34.74
T1063,A22,08-09-2025 10:15,21.23,31.85,Evening Peak,High,34.26,Clear,0,976,0.2523,11.35,Traffic,43.2,25.17,20.27
T1064,A19,25-09-2025 09:47,3.37,5.06,Night,Medium,59.45,Clear,0,1038,0.0077,0.3,No Delay,5.36,0.69,10.53
T1065,A30,27-09-2025 22:47,24.21,36.32,Night,Low,58.73,Clear,0,1008,0,0.47,No Delay,36.79,26.78,16.17
T1066,A10,29-09-2025 15:13,19.9,29.85,Night,High,6.46,Clear,0,922,0.4789,14.64,Incident,44.49,12.9,34.19
T1067,A48,18-09-2025 05:59,8.16,12.24,Evening Peak,Medium,31.33,Clear,0,911,0.035,5.21,Traffic,17.45,6.07,17.49
T1068,A42,26-09-2025 19:12,24.78,37.17,Afternoon,Medium,49.59,Rain,1,743,0.254,14.51,Weather,51.68,32.83,25.66
T1069,A25,13-09-2025 19:43,13.6,20.4,Afternoon,Medium,39.78,Clear,0,870,0.0563,0,No Delay,20.4,12.33,12.39
T1070,A12,23-09-2025 12:27,24.97,37.45,Afternoon,Low,43.98,Clear,0,946,0.0437,-0.98,No Delay,36.47,16.47,24.25
T1071,A20,15-09-2025 04:52,24.33,36.49,Night,Medium,47.33,Storm,3,98,0.3286,12.68,Weather,49.17,28.16,24.78
T1072,A3,11-09-2025 03:19,4.96,7.44,Morning Peak,Medium,43.67,Storm,3,181,0.4807,0.85,Weather,8.29,4.58,6.74
T1073,A4,16-09-2025 19:21,19.49,29.23,Evening Peak,High,17.51,Clear,0,1034,1.2352,9.66,Incident,38.89,6.45,35.77
T1074,A9,01-09-2025 16:14,28.68,43.02,Afternoon,Low,40.93,Clear,0,892,0.0037,2.44,No Delay,45.46,5.1,44.13
T1075,A7,29-09-2025 08:25,21.5,32.25,Morning Peak,High,17.49,Rain,1,638,0.8082,12.39,Incident,44.64,18.72,35.49
T1076,A8,18-09-2025 15:29,13.5,20.25,Evening Peak,High,25.84,Clear,0,768,0.1256,9.71,Traffic,29.96,17.78,19.31
T1077,A46,28-09-2025 08:52,23.21,34.82,Night,Low,41.9,Clear,0,943,0,0.14,No Delay,34.96,16.31,25.66
T1078,A38,15-09-2025 18:55,24.18,36.27,Afternoon,Low,42.78,Clear,0,816,0.1049,0.95,No Delay,37.22,14.7,23.15
T1079,A35,23-09-2025 05:39,21.95,32.92,Night,High,26.2,Fog,2,310,1.0541,13.53,Incident,46.45,39.95,12.7
T1080,A8,10-09-2025 01:27,3.21,4.82,Evening Peak,Medium,26.95,Clear,0,843,0.1808,0.92,Traffic,5.74,1.85,9.88
T1081,A14,15-09-2025 11:40,9.93,14.89,Afternoon,Medium,41.79,Clear,0,831,0.0321,0.83,No Delay,15.72,10.2,10.76
T1082,A41,14-09-2025 09:54,28.21,42.32,Afternoon,High,18.99,Storm,3,156,1.1259,13.48,Incident,55.8,35.68,25.02
T1083,A36,28-09-2025 10:23,29.01,43.52,Night,Low,50.42,Clear,0,1041,0.0887,1.3,No Delay,44.82,31.33,20.47
T1084,A35,04-09-2025 21:34,12.79,19.18,Night,Low,61.26,Clear,0,827,0.0669,-0.38,No Delay,18.8,6.43,15.48
T1085,A24,11-09-2025 00:11,7.71,11.56,Night,Low,42.01,Fog,2,155,0.1616,3.32,Weather,14.88,1.66,19.66
T1086,A6,02-09-2025 02:13,12.55,18.83,Afternoon,Medium,23.14,Clear,0,934,0.5722,10.78,Incident,29.61,1.21,35.93
T1087,A50,23-09-2025 09:25,14.21,21.32,Afternoon,Low,51.91,Clear,0,857,0.1133,1.22,No Delay,22.54,8.94,18.76
T1088,A41,08-09-2025 19:40,4.2,6.3,Night,Low,39.5,Clear,0,932,0.1181,0.03,No Delay,6.33,3.49,11.26
T1089,A7,16-09-2025 01:20,7.51,11.27,Morning Peak,Medium,14.7,Clear,0,879,1.2142,6.91,Incident,18.18,15.91,4.58
T1090,A50,07-09-2025 18:23,26.93,40.4,Night,High,28.03,Clear,0,943,0.1905,14.26,Traffic,54.66,3.74,53.92
T1091,A27,27-09-2025 12:39,9.92,14.88,Morning Peak,Medium,28.15,Rain,1,626,0.1086,4.26,Traffic,19.14,8.94,16.14
T1092,A49,21-09-2025 17:19,21.65,32.48,Morning Peak,Medium,32.49,Rain,1,477,0.9864,17.78,Incident,50.26,15.13,39.71
T1093,A20,24-09-2025 08:47,3.83,5.75,Night,Low,40.98,Clear,0,981,0,0.28,No Delay,6.03,5.16,4.23
T1094,A7,04-09-2025 10:02,16.13,24.2,Evening Peak,High,34.18,Fog,2,337,0.5066,9.63,No Delay,33.83,22.19,14.09
T1095,A10,02-09-2025 20:09,28.81,43.21,Afternoon,High,14.76,Fog,2,300,0.7711,15.64,Incident,58.85,33.3,25.68
T1096,A10,02-09-2025 23:15,7.01,10.51,Evening Peak,Low,30.61,Clear,0,888,0.1183,0.11,No Delay,10.62,7.68,11.03
T1097,A10,26-09-2025 11:23,11.51,17.27,Night,Low,62.61,Clear,0,841,0.1229,0.87,No Delay,18.14,5.94,16.73
T1098,A32,04-09-2025 13:38,27.33,40.99,Morning Peak,Low,48.18,Clear,0,875,0,-1.13,No Delay,39.86,31.44,16.39
T1099,A24,23-09-2025 17:39,5.58,8.37,Afternoon,Low,40.44,Clear,0,950,0.0387,0.06,No Delay,8.43,3.8,11.85
T1100,A23,30-09-2025 07:35,5.87,8.8,Night,Medium,48.48,Fog,2,142,0.2062,2.55,Weather,11.35,9.88,6.3
T1101,A18,27-09-2025 10:42,19.45,29.17,Night,Low,39.76,Clear,0,799,0.042,0.5,Weather,29.67,25.96,8.61
T1102,A43,13-09-2025 18:32,20.67,31.01,Morning Peak,High,21.01,Rain,1,746,0.2906,15.59,Traffic,46.6,26.99,26.2
T1103,A41,24-09-2025 08:27,18.83,28.24,Evening Peak,High,19.51,Clear,0,977,1.2396,8.4,Incident,36.64,27.99,11.92
T1104,A35,05-09-2025 11:57,8.8,13.2,Evening Peak,High,29.71,Clear,0,932,0.1443,3.92,Traffic,17.12,10.15,13.74
T1105,A29,05-09-2025 07:29,6.88,10.32,Afternoon,Low,54.48,Clear,0,884,0,0.24,No Delay,10.56,8.53,8.45
T1106,A33,30-09-2025 20:05,25.85,38.77,Evening Peak,High,21.58,Clear,0,903,0.0571,18.2,Traffic,56.97,32.84,26.84
T1107,A31,02-09-2025 02:15,25.61,38.41,Afternoon,High,16.16,Clear,0,893,0.9365,22.93,Incident,61.34,30.33,33.68
T1108,A39,03-09-2025 17:34,5.69,8.54,Night,Medium,24.73,Clear,0,892,0.111,3.2,Traffic,11.74,0.04,16.32
T1109,A21,21-09-2025 08:51,2.56,3.84,Night,High,18.51,Rain,1,550,0.8136,1.2,Incident,5.04,2.31,11.04
T1110,A45,08-09-2025 15:27,8.55,12.83,Afternoon,Low,45.63,Clear,0,890,0.0688,0.19,No Delay,13.02,6.53,13.53
T1111,A37,15-09-2025 02:53,17.26,25.89,Night,Medium,31.93,Clear,0,981,0.1242,9.86,Traffic,35.75,15.7,22.16
T1112,A34,13-09-2025 09:34,2.54,3.81,Evening Peak,Low,53.34,Clear,0,954,0.0313,-0.13,No Delay,3.68,1,5.75
T1113,A10,11-09-2025 07:02,7.33,10.99,Night,Low,50.28,Clear,0,784,0,0.4,No Delay,11.39,5.15,15.01
T1114,A38,16-09-2025 03:40,13.12,19.68,Night,Low,43.03,Clear,0,1013,0,0.13,No Delay,19.81,11.72,10.8
T1115,A5,01-09-2025 05:24,13.98,20.97,Night,Medium,32.2,Fog,2,298,0.483,6.78,Weather,27.75,5.49,22.41
T1116,A24,26-09-2025 11:03,22.6,33.9,Morning Peak,Medium,21.15,Clear,0,991,0.1329,7.35,Traffic,41.25,9.18,36.56
T1117,A14,28-09-2025 15:06,6.57,9.86,Afternoon,Low,44.15,Clear,0,941,0,0.57,No Delay,10.43,7.76,9.74
T1118,A10,20-09-2025 07:04,25.97,38.95,Afternoon,High,8.63,Clear,0,830,0.9883,18.76,Incident,57.71,30.66,30.03
T1119,A21,19-09-2025 03:05,13.99,20.98,Night,Low,56.52,Clear,0,883,0,0.07,No Delay,21.05,10.39,17.91
T1120,A7,10-09-2025 18:09,28.99,43.48,Morning Peak,High,23.37,Clear,0,894,0.8866,16.21,Incident,59.69,41.88,22.04
T1121,A19,04-09-2025 12:09,24.18,36.27,Morning Peak,Low,53.73,Clear,0,860,0,1.78,No Delay,38.05,14.24,26.77
T1122,A50,11-09-2025 14:10,29.38,44.07,Night,Medium,35.61,Storm,3,197,0.3907,9.57,Weather,53.64,41.51,17.64
T1123,A34,26-09-2025 12:18,2.4,3.6,Evening Peak,High,26.99,Rain,1,411,0.1344,0.99,Traffic,4.59,4.05,4.43
T1124,A5,16-09-2025 05:57,9.01,13.52,Night,Low,42.34,Clear,0,942,0.078,0.68,No Delay,14.2,6.29,13.06
T1125,A17,01-09-2025 08:46,11.73,17.59,Afternoon,Low,47.18,Storm,3,136,0.225,3.42,Weather,21.01,13.38,12.84
T1126,A17,25-09-2025 03:04,11.46,17.19,Night,Low,34.25,Clear,0,836,0.1174,0.09,No Delay,17.28,8.67,13.25
T1127,A9,23-09-2025 11:39,4.6,6.9,Morning Peak,High,16.36,Clear,0,1058,1.4249,2.97,Incident,9.87,4.67,9.79
T1128,A3,25-09-2025 16:18,15.28,22.92,Morning Peak,High,22.61,Rain,1,613,0.7193,7.64,Incident,30.56,16.75,18.17
T1129,A29,06-09-2025 13:57,26.05,39.08,Morning Peak,High,19.71,Fog,2,267,0.7985,11.4,Incident,50.48,43.41,13.08
T1130,A14,19-09-2025 23:54,25.62,38.43,Afternoon,Medium,33.79,Clear,0,847,0.3664,19.97,Traffic,58.4,11.54,47.05
T1131,A50,03-09-2025 23:12,9.56,14.34,Night,Low,24.92,Fog,2,165,0.3329,4.3,Weather,18.64,2.2,18.36
T1132,A19,10-09-2025 05:10,19.27,28.91,Morning Peak,High,21.49,Rain,1,477,1.277,16.66,Incident,45.57,18.72,31.96
T1133,A32,02-09-2025 13:44,22.01,33.02,Night,Low,30.27,Clear,0,878,0.1293,-0.66,No Delay,32.36,5.56,30.43
T1134,A27,23-09-2025 21:15,3.12,4.68,Night,Low,41.23,Clear,0,895,0.0299,0.27,No Delay,4.95,4.09,3.24
T1135,A6,29-09-2025 19:24,26.77,40.16,Afternoon,High,27.91,Clear,0,814,0.3317,8.49,Traffic,48.65,7.29,49.07
T1136,A21,10-09-2025 08:10,27.54,41.31,Afternoon,Medium,14.25,Rain,1,621,0.5647,19.77,Incident,61.08,45.97,24.9
T1137,A34,09-09-2025 03:59,27.86,41.79,Night,High,32.36,Rain,1,674,0.2325,6.66,Weather,48.45,9.04,39.97
T1138,A34,27-09-2025 16:38,6.48,9.72,Afternoon,Medium,28.95,Rain,1,557,0.1006,3.97,Traffic,13.69,8.44,10.06
T1139,A26,09-09-2025 03:29,23.61,35.41,Morning Peak,High,37.6,Clear,0,1003,0.1394,7.13,Traffic,42.54,0.82,49.7
T1140,A27,21-09-2025 13:58,15.82,23.73,Afternoon,Medium,50.3,Clear,0,1006,0.0925,0.52,No Delay,24.25,13.55,14.57
T1141,A17,20-09-2025 03:39,13.09,19.63,Evening Peak,Medium,6.54,Rain,1,674,1.0531,9.05,Incident,28.68,6.21,23.88
T1142,A23,12-09-2025 00:49,9.64,14.46,Evening Peak,Medium,13.58,Rain,1,453,0.8061,8.73,Incident,23.19,4.73,22.55
T1143,A39,17-09-2025 20:12,4.17,6.25,Afternoon,Medium,49.52,Clear,0,754,0.1335,0.16,No Delay,6.41,5.76,5.51
T1144,A47,20-09-2025 01:44,14.31,21.46,Morning Peak,Low,55.03,Clear,0,880,0,-0.63,No Delay,20.83,14.45,9.29
T1145,A40,24-09-2025 01:28,13.4,20.1,Evening Peak,Medium,31.11,Storm,3,213,0.2972,3.62,No Delay,23.72,16.28,15.4
T1146,A44,02-09-2025 23:21,29.35,44.02,Afternoon,Medium,30.98,Storm,3,196,0.0806,11.25,Weather,55.27,27.79,33.27
T1147,A19,27-09-2025 23:41,16.68,25.02,Afternoon,High,37.26,Clear,0,1036,0.1638,9.8,Traffic,34.82,16.58,20.97
T1148,A49,16-09-2025 02:47,25.99,38.98,Afternoon,High,47.07,Storm,3,266,0.6293,5.14,Weather,44.12,1.82,53.04
T1149,A8,17-09-2025 13:21,11.84,17.76,Afternoon,High,22.44,Rain,1,660,1.2329,7.35,Incident,25.11,8.29,23.06
T1150,A17,02-09-2025 10:09,13.54,20.31,Evening Peak,Medium,25.43,Clear,0,936,0.4043,7.68,Traffic,27.99,7.37,27.54
T1151,A29,09-09-2025 11:48,24.09,36.13,Afternoon,Low,34.41,Fog,2,167,0.3156,6.08,Weather,42.21,0.8,45.68
T1152,A49,27-09-2025 11:40,20.94,31.41,Night,Low,23.35,Rain,1,660,0.6086,9.06,Weather,40.47,0.52,40.3
T1153,A35,14-09-2025 08:18,4,6,Afternoon,Medium,48.8,Fog,2,172,0.4302,2.14,Weather,8.14,1.97,14.51
T1154,A7,03-09-2025 00:13,21.53,32.3,Evening Peak,High,26.26,Clear,0,1022,0.7071,18.49,Incident,50.79,36.22,20.73
T1155,A47,28-09-2025 15:55,14.41,21.62,Afternoon,High,29.41,Rain,1,495,0.2813,8.45,Traffic,30.07,5.31,33.73
T1156,A43,15-09-2025 23:43,28.7,43.05,Night,Medium,24.23,Clear,0,876,0.0799,8.56,Traffic,51.61,30.49,27.79
T1157,A48,03-09-2025 09:04,16.03,24.05,Morning Peak,Medium,30.67,Rain,1,657,0.1193,6.95,Traffic,31,11.7,27.07
T1158,A33,15-09-2025 14:48,29.99,44.98,Afternoon,High,14.23,Rain,1,402,0.9733,16.88,Incident,61.86,0.97,58.95
T1159,A8,05-09-2025 06:23,24.76,37.14,Afternoon,High,16.65,Clear,0,921,0.5257,14.14,Incident,51.28,33.17,26.05
T1160,A32,20-09-2025 08:17,24.88,37.32,Evening Peak,High,19.76,Rain,1,645,0.7339,18.08,Incident,55.4,7.23,55.32
T1161,A37,22-09-2025 04:12,27.49,41.23,Night,High,11.54,Rain,1,553,0.5131,22.85,Incident,64.08,44.11,25.92
T1162,A20,22-09-2025 13:14,19.57,29.36,Afternoon,High,32.82,Fog,2,284,0.2949,5.09,Weather,34.45,0.76,39.94
T1163,A23,05-09-2025 01:28,12.39,18.59,Evening Peak,High,39.48,Clear,0,868,0.1099,5.11,Traffic,23.7,10.71,21.92
T1164,A29,18-09-2025 20:25,10.48,15.72,Morning Peak,High,22.34,Fog,2,226,0.4303,4.7,Traffic,20.42,12.57,13.87
T1165,A8,04-09-2025 18:22,16.76,25.14,Evening Peak,High,20.17,Rain,1,557,1.3401,15.2,Incident,40.34,27.55,19.15
T1166,A30,27-09-2025 15:57,10.49,15.73,Evening Peak,High,16.19,Rain,1,627,1.4005,8.66,Traffic,24.39,19.74,12.81
T1167,A13,01-09-2025 22:38,23.85,35.78,Morning Peak,High,23.41,Clear,0,775,0.075,7.22,Traffic,43,7.27,41.48
T1168,A49,19-09-2025 12:15,2.93,4.4,Morning Peak,High,15.9,Clear,0,802,0.1779,1.79,Traffic,6.19,2.9,6.73
T1169,A33,15-09-2025 21:21,6.32,9.48,Afternoon,Low,46.64,Clear,0,875,0.1429,0.42,No Delay,9.9,8.82,4.77
T1170,A25,01-09-2025 03:37,23.65,35.47,Morning Peak,High,9.86,Clear,0,953,0.6564,20.72,Incident,56.19,15.2,42.16
T1171,A22,01-09-2025 04:48,16.07,24.11,Afternoon,High,31.55,Clear,0,781,0.2872,12.17,Traffic,36.28,27.52,11.61
T1172,A45,10-09-2025 20:32,28.42,42.63,Night,Medium,44.88,Rain,1,736,0.4583,16.09,Weather,58.72,2.23,57.8
T1173,A39,10-09-2025 02:51,24.37,36.56,Night,Low,43.53,Clear,0,796,0,-0.05,No Delay,36.51,18.83,22.99
T1174,A14,27-09-2025 02:36,28.39,42.59,Evening Peak,Low,39.06,Rain,1,629,0.2694,16.36,Weather,58.95,42.03,22.59
T1175,A11,17-09-2025 14:53,27.04,40.56,Morning Peak,High,10.02,Fog,2,205,1.1275,21.99,Incident,62.55,25.21,39.94
T1176,A6,02-09-2025 12:47,23.73,35.6,Night,Low,32.13,Clear,0,911,0,1.02,No Delay,36.62,17.12,27.96
T1177,A45,02-09-2025 00:30,6,9,Morning Peak,High,22.8,Rain,1,472,0.0592,1.84,Traffic,10.84,7.19,9.61
T1178,A32,27-09-2025 22:55,9.85,14.78,Morning Peak,High,33.47,Rain,1,618,0.1366,6.34,Traffic,21.12,1.23,22.13
T1179,A8,04-09-2025 15:18,4.59,6.88,Afternoon,High,9.61,Rain,1,530,0.8989,3.46,Incident,10.34,7.03,6.72
T1180,A36,23-09-2025 00:03,12.3,18.45,Evening Peak,High,19.04,Rain,1,602,1.3518,6.27,Incident,24.72,5.75,19.45
T1181,A1,23-09-2025 07:24,3.72,5.58,Evening Peak,High,23.67,Rain,1,743,1.2276,3.04,Incident,8.62,6.27,5.08
T1182,A37,18-09-2025 02:21,3.21,4.82,Afternoon,High,32.38,Rain,1,435,0.6528,2.29,Incident,7.11,1.1,8.54
T1183,A19,15-09-2025 15:10,24.13,36.2,Morning Peak,Medium,11.76,Clear,0,863,0.792,14.73,Traffic,50.93,39.15,19.06
T1184,A16,14-09-2025 03:15,27.25,40.88,Morning Peak,High,30.56,Clear,0,741,0.2322,20.02,Traffic,60.9,3.56,58.8
T1185,A9,08-09-2025 06:23,20.14,30.21,Afternoon,Low,23.99,Fog,2,212,0.4932,11.45,Weather,41.66,1.64,47.53
T1186,A36,08-09-2025 15:57,24.29,36.43,Morning Peak,Medium,28.63,Clear,0,848,0.1724,11.4,Traffic,47.83,40.32,13.59
T1187,A2,01-09-2025 19:26,13,19.5,Night,Low,46.35,Clear,0,844,0,-0.14,No Delay,19.36,8.79,14.22
T1188,A45,17-09-2025 13:36,4.76,7.14,Evening Peak,Low,39.49,Storm,3,143,0.4749,0.92,Weather,8.06,0.26,12.72
T1189,A8,16-09-2025 14:34,26.9,40.35,Afternoon,High,15.87,Clear,0,800,0.8883,23.79,Incident,64.14,14.38,61.35
T1190,A24,18-09-2025 17:33,16.11,24.16,Evening Peak,High,21.03,Clear,0,983,1.3016,10.66,Incident,34.82,6.61,33.6
T1191,A36,13-09-2025 03:12,17.22,25.83,Night,Low,51.63,Clear,0,1047,0.1658,-0.45,No Delay,25.38,18.95,15.42
T1192,A7,12-09-2025 07:39,14.24,21.36,Night,Low,28.17,Rain,1,562,0.5335,7.22,Weather,28.58,23.06,11.7
T1193,A42,25-09-2025 19:41,9.52,14.28,Morning Peak,Medium,21.75,Clear,0,896,0.2725,5.59,Traffic,19.87,8.62,18.06
T1194,A20,11-09-2025 13:02,6.69,10.04,Morning Peak,High,8.74,Rain,1,401,0.7087,6.33,Incident,16.37,1.03,21.66
T1195,A37,11-09-2025 05:40,2.93,4.4,Morning Peak,High,20.42,Rain,1,458,0.0193,1.33,Traffic,5.73,0.34,10.24
T1196,A20,25-09-2025 03:53,12.89,19.34,Afternoon,Low,34.65,Storm,3,247,0.2567,8.02,Weather,27.36,6.01,23.73
T1197,A41,13-09-2025 14:31,4.6,6.9,Night,Medium,53.89,Clear,0,969,0,0.26,No Delay,7.16,1.19,13.22
T1198,A30,18-09-2025 14:28,12.95,19.42,Evening Peak,High,17.5,Rain,1,482,0.1272,5.38,Traffic,24.8,21.8,10.38
T1199,A48,28-09-2025 11:54,18.15,27.22,Evening Peak,Low,23.48,Fog,2,214,0.5822,5.69,Weather,32.91,24.79,14.23
T1200,A4,19-09-2025 13:38,22.05,33.08,Evening Peak,High,25.83,Fog,2,188,0.3041,9.21,Traffic,42.29,30.15,19.22
T1201,A49,06-09-2025 01:45,5.19,7.79,Afternoon,Low,44.38,Clear,0,950,0.1561,0.36,No Delay,8.15,0.3,15.85
T1202,A2,15-09-2025 20:35,27.13,40.7,Morning Peak,High,22.53,Rain,1,668,0.1191,18.03,Traffic,58.73,40.02,26.29
T1203,A39,17-09-2025 07:37,22.13,33.2,Morning Peak,Low,45.84,Rain,1,623,0.5483,3.44,Weather,36.64,27.09,13.36
T1204,A18,04-09-2025 21:39,3.13,4.7,Night,Low,52.73,Clear,0,934,0.1836,0.25,No Delay,4.95,2.89,10.34
T1205,A26,11-09-2025 11:11,26.57,39.86,Evening Peak,Low,51.87,Fog,2,249,0.5386,16.57,Weather,56.43,46.84,14.86
T1206,A4,09-09-2025 15:32,25.45,38.17,Evening Peak,Low,39.93,Clear,0,913,0.0306,-1.5,No Delay,36.67,24.02,18.93
T1207,A23,22-09-2025 17:32,28.5,42.75,Afternoon,High,41.11,Clear,0,812,0.1265,11.05,Traffic,53.8,25.36,34.86
T1208,A13,26-09-2025 13:31,24.16,36.24,Evening Peak,Low,44.65,Clear,0,875,0,-0.68,No Delay,35.56,18.17,21.01
T1209,A26,18-09-2025 18:42,24.22,36.33,Afternoon,Low,58.21,Clear,0,906,0,-0.78,Weather,35.55,27.48,10.3
T1210,A20,05-09-2025 15:44,22.47,33.7,Afternoon,Low,31.33,Fog,2,175,0.2376,6.47,Weather,40.17,10.17,35.18
T1211,A7,03-09-2025 20:45,16.3,24.45,Morning Peak,Low,43.98,Fog,2,162,0.2516,3.81,Weather,28.26,17.81,14.92
T1212,A33,07-09-2025 01:45,13.92,20.88,Morning Peak,Medium,31.65,Clear,0,843,0.3746,8.9,Traffic,29.78,21,10.98
T1213,A35,07-09-2025 09:59,24.18,36.27,Night,Low,25.32,Fog,2,351,0.347,9.74,Weather,46.01,2.1,44.79
T1214,A39,21-09-2025 14:53,4.55,6.82,Evening Peak,High,12.58,Rain,1,674,1.1527,3.92,Incident,10.74,8.02,9.8
T1215,A23,13-09-2025 07:51,7.55,11.32,Evening Peak,High,18.48,Rain,1,449,0.6154,4.99,Incident,16.31,11.05,12.7
T1216,A40,28-09-2025 14:36,12.95,19.42,Night,Low,40.84,Fog,2,193,0.1735,4.48,Weather,23.9,1.64,26.85
T1217,A27,16-09-2025 19:26,27.1,40.65,Morning Peak,High,28.97,Rain,1,644,0.3614,8.41,Traffic,49.06,10.69,43.98
T1218,A31,08-09-2025 21:02,25.3,37.95,Night,High,51.11,Fog,2,332,0.1323,16.83,Weather,54.78,46.06,14.78
T1219,A24,25-09-2025 17:24,25.04,37.56,Evening Peak,Low,59.88,Clear,0,1007,0,-0.06,No Delay,37.5,18.85,23.22
T1220,A34,14-09-2025 11:10,10.97,16.45,Evening Peak,Low,39.7,Storm,3,149,0.0143,5.22,Weather,21.67,2.88,23.72
T1221,A20,19-09-2025 19:21,17.46,26.19,Afternoon,High,30.28,Fog,2,133,0.3239,11.77,No Delay,37.96,2.1,39.42
T1222,A5,08-09-2025 08:01,5.16,7.74,Night,Medium,33.38,Fog,2,172,0.5211,1.02,Weather,8.76,0.92,14.78
T1223,A10,01-09-2025 10:13,16.63,24.94,Morning Peak,Low,36.7,Fog,2,154,0.1873,9.5,Weather,34.44,3.07,32.29
T1224,A5,24-09-2025 07:57,28.29,42.43,Evening Peak,High,32.42,Clear,0,1073,0.2763,11.53,Traffic,53.96,38.93,20.21
T1225,A19,26-09-2025 20:09,24.52,36.78,Night,Low,40.78,Clear,0,927,0.1495,2.19,No Delay,38.97,25.59,21.51
T1226,A15,02-09-2025 17:47,3.57,5.35,Morning Peak,High,13.68,Rain,1,451,0.2273,1.02,Traffic,6.37,4.48,9.7
T1227,A7,15-09-2025 22:32,5.52,8.28,Afternoon,Medium,48.66,Fog,2,143,0.5342,2.09,Weather,10.37,4.46,11.34
T1228,A35,26-09-2025 19:15,15.16,22.74,Evening Peak,Low,33.99,Rain,1,447,0.6532,6.65,Weather,29.39,12.73,18.04
T1229,A22,23-09-2025 19:27,19.08,28.62,Afternoon,Low,33.27,Fog,2,271,0.1365,5.71,Weather,34.33,17.89,25.12
T1230,A43,29-09-2025 21:51,15.34,23.01,Morning Peak,High,45.7,Clear,0,912,0.3997,6.21,Traffic,29.22,14.18,16.6
T1231,A9,09-09-2025 16:15,19.89,29.84,Night,Medium,45.57,Clear,0,998,0.1152,1.53,No Delay,31.37,6.8,28.77
T1232,A48,19-09-2025 21:29,11.43,17.14,Evening Peak,High,27.97,Clear,0,917,0.2626,4.16,Traffic,21.3,12.34,16.36
T1233,A2,20-09-2025 19:29,5.82,8.73,Afternoon,Low,41.22,Clear,0,785,0.0989,-0.2,No Delay,8.53,2.7,9
T1234,A15,07-09-2025 05:29,26.42,39.63,Evening Peak,High,24.65,Clear,0,1011,0.1511,9.79,Traffic,49.42,39.38,19.37
T1235,A34,14-09-2025 10:23,7.43,11.14,Evening Peak,High,21.06,Rain,1,439,0.6665,6.58,Incident,17.72,15.79,6.38
T1236,A32,01-09-2025 06:31,28.43,42.64,Evening Peak,Low,25.76,Fog,2,140,0.1418,14.06,Weather,56.7,47.17,13.37
T1237,A31,13-09-2025 04:10,3.72,5.58,Afternoon,Low,54.75,Clear,0,844,0,0.04,No Delay,5.62,4.07,5.88
T1238,A50,27-09-2025 13:44,21.89,32.84,Night,Low,49.52,Fog,2,260,0.2638,3.91,Weather,36.75,30.46,13.03
T1239,A31,03-09-2025 22:02,9.94,14.91,Afternoon,Low,62.17,Clear,0,797,0,-0.33,Weather,14.58,6.11,14.64
T1240,A20,22-09-2025 00:57,5.66,8.49,Morning Peak,Low,38.89,Clear,0,825,0.0966,0.07,No Delay,8.56,2.71,8.85
T1241,A28,17-09-2025 21:07,22.67,34.01,Afternoon,High,26.69,Clear,0,942,0.809,13.83,Incident,47.84,35.05,18.74
T1242,A20,07-09-2025 08:15,3.6,5.4,Night,Low,49.92,Clear,0,981,0.1697,0.31,No Delay,5.71,0.4,13.16
T1243,A5,12-09-2025 07:20,9.02,13.53,Evening Peak,High,17.3,Fog,2,300,0.5332,3.94,Incident,17.47,9.65,14.09
T1244,A1,13-09-2025 03:44,2.24,3.36,Evening Peak,Medium,32.85,Rain,1,591,0.347,1.7,Traffic,5.06,2.99,4.95
T1245,A41,28-09-2025 23:53,14.54,21.81,Evening Peak,High,24.93,Fog,2,257,0.1947,7.04,Traffic,28.85,3.13,35.38
T1246,A45,03-09-2025 03:03,24.56,36.84,Afternoon,High,6.89,Storm,3,177,1.0405,11.32,Incident,48.16,20.75,29.62
T1247,A30,27-09-2025 19:43,22.76,34.14,Evening Peak,Low,22.52,Fog,2,211,0.1033,6.4,Weather,40.54,33.89,10.12
T1248,A25,11-09-2025 15:55,16.15,24.22,Morning Peak,Medium,29.7,Clear,0,935,0.2114,11.07,Traffic,35.29,18.64,22.33
T1249,A15,25-09-2025 00:46,12.54,18.81,Morning Peak,High,13.28,Rain,1,508,0.5003,6.16,Incident,24.97,0.99,31.85
T1250,A1,30-09-2025 00:12,17.83,26.74,Evening Peak,Medium,27.89,Clear,0,915,0.7333,8.24,Incident,34.98,12.57,24.53
T1251,A2,20-09-2025 22:15,14.94,22.41,Evening Peak,Medium,8.45,Clear,0,726,0.628,7.78,Incident,30.19,20.62,13.58
T1252,A48,07-09-2025 19:04,24.32,36.48,Night,Medium,35.6,Fog,2,321,0.5063,7.97,Weather,44.45,16.76,33.43
T1253,A41,08-09-2025 05:51,2.4,3.6,Night,Low,44.89,Clear,0,859,0,0.19,No Delay,3.79,1.21,9.81
T1254,A1,05-09-2025 11:51,27.35,41.03,Morning Peak,Low,36.36,Clear,0,1046,0,2.14,No Delay,43.17,22.04,22.81
T1255,A34,29-09-2025 21:08,24.62,36.93,Evening Peak,High,27.56,Clear,0,867,0.0513,14.39,Traffic,51.32,10.87,47.19
T1256,A15,01-09-2025 00:02,21.48,32.22,Night,Medium,24.62,Rain,1,591,0.5203,18.32,Incident,50.54,2.42,55.83
T1257,A24,08-09-2025 19:17,11.14,16.71,Afternoon,High,14.6,Rain,1,582,0.8394,7.17,Incident,23.88,8.91,15.95
T1258,A10,28-09-2025 01:03,3.81,5.71,Morning Peak,Medium,34.6,Rain,1,457,0.1167,2.52,Traffic,8.23,0.55,11.07
T1259,A48,16-09-2025 14:59,8.83,13.25,Morning Peak,High,18.86,Fog,2,361,0.7977,3.82,Incident,17.07,0.87,19.06
T1260,A41,23-09-2025 00:50,17.08,25.62,Morning Peak,Low,40.27,Clear,0,984,0,-0.84,No Delay,24.78,2.26,28.93
T1261,A13,26-09-2025 03:32,22.67,34.01,Afternoon,Medium,34.67,Fog,2,214,0.2569,4.65,Weather,38.66,32.03,11.26
T1262,A28,09-09-2025 09:11,23.94,35.91,Night,Low,48.16,Fog,2,167,0.1176,6.11,Weather,42.02,31.9,13.87
T1263,A29,06-09-2025 03:29,9.04,13.56,Afternoon,Medium,20.94,Clear,0,862,0.093,6.42,Traffic,19.98,2.9,20.76
T1264,A45,26-09-2025 19:22,3.94,5.91,Night,Medium,28.11,Clear,0,817,0,0.31,No Delay,6.22,5.35,8.58
T1265,A45,23-09-2025 01:10,8.91,13.37,Night,Low,52.74,Clear,0,882,0.0123,0.5,No Delay,13.87,1.36,19.63
T1266,A43,09-09-2025 05:31,15.71,23.57,Night,Medium,34.26,Clear,0,919,0.0619,7.39,Traffic,30.96,9.21,27.78
T1267,A41,28-09-2025 08:57,4.52,6.78,Afternoon,Medium,34.09,Storm,3,160,0.251,1.57,Weather,8.35,1.05,10.53
T1268,A46,01-09-2025 16:08,25.65,38.48,Afternoon,High,17.11,Clear,0,892,0.384,17.88,Incident,56.36,31.81,28.76
T1269,A6,19-09-2025 08:59,20.49,30.73,Morning Peak,High,12.84,Fog,2,153,0.7782,11.38,Incident,42.11,1.36,45.26
T1270,A29,25-09-2025 03:49,7.96,11.94,Afternoon,Low,48.39,Clear,0,898,0.0785,-0.08,No Delay,11.86,1.31,19.36
T1271,A46,02-09-2025 07:39,4.07,6.11,Morning Peak,High,22.14,Rain,1,687,0.2296,1.97,Traffic,8.08,4.28,10.55
T1272,A42,09-09-2025 13:00,6.6,9.9,Afternoon,Low,23.6,Storm,3,133,0.5192,1.58,No Delay,11.48,0.73,15.55
T1273,A48,17-09-2025 13:45,19.62,29.43,Evening Peak,Low,34.41,Rain,1,398,0.1551,9.93,Weather,39.36,33.85,10.74
T1274,A30,11-09-2025 22:16,22.98,34.47,Morning Peak,Medium,27.16,Clear,0,766,0.1304,14.66,Traffic,49.13,2.36,53.18
T1275,A35,29-09-2025 09:58,5.27,7.9,Night,Low,26.24,Rain,1,440,0.3437,1.36,Weather,9.26,5.88,7.95
T1276,A10,02-09-2025 16:13,26.69,40.04,Night,Low,34.49,Storm,3,134,0.1843,6.58,Weather,46.62,32.78,19.81
T1277,A5,10-09-2025 02:53,8.65,12.97,Night,Low,28.48,Fog,2,241,0.5449,1.54,Weather,14.51,4.08,16.9
T1278,A21,03-09-2025 11:35,3.37,5.06,Night,High,18.91,Clear,0,917,0.7512,1.5,Incident,6.56,0.63,10.49
T1279,A28,08-09-2025 04:56,6.47,9.71,Night,Medium,36.53,Fog,2,238,0.2198,2.71,Weather,12.42,7.16,12.82
T1280,A49,09-09-2025 01:59,8.33,12.49,Night,Low,54.15,Clear,0,845,0.2094,0.35,No Delay,12.84,5.84,12.23
T1281,A47,18-09-2025 06:00,15.99,23.98,Morning Peak,Medium,18.63,Rain,1,418,0,5.25,Traffic,29.23,18.87,15.13
T1282,A50,08-09-2025 10:32,12.86,19.29,Morning Peak,High,18.85,Clear,0,985,0.3788,8.04,Traffic,27.33,20.57,10.35
T1283,A16,08-09-2025 01:23,9.33,14,Morning Peak,Medium,19.3,Clear,0,885,1.0061,5.93,Incident,19.93,11.61,16.23
T1284,A44,14-09-2025 11:38,5.3,7.95,Morning Peak,High,31.48,Rain,1,571,0.9201,4.1,Incident,12.05,3.31,13.62
T1285,A1,06-09-2025 06:04,11.81,17.71,Night,Low,44.52,Clear,0,939,0.0595,-0.53,No Delay,17.18,13.11,7.8
T1286,A9,28-09-2025 21:54,12.11,18.16,Morning Peak,High,15.71,Fog,2,232,0.2316,6.9,Weather,25.06,5.11,28.69
T1287,A28,19-09-2025 13:42,27.34,41.01,Morning Peak,High,41.21,Clear,0,1040,0.2512,16.06,Traffic,57.07,38.86,22.42
T1288,A44,28-09-2025 10:40,11.99,17.98,Night,Medium,51.22,Clear,0,1000,0,0.5,No Delay,18.48,0.44,25.51
T1289,A14,02-09-2025 21:42,10.64,15.96,Night,Low,46.86,Clear,0,910,0.0761,0.83,No Delay,16.79,14.34,7.96
T1290,A25,01-09-2025 20:21,17.18,25.77,Morning Peak,High,30.92,Clear,0,869,0.3962,8.68,Traffic,34.45,25.55,11.45
T1291,A12,18-09-2025 03:45,19.64,29.46,Evening Peak,High,20.34,Storm,3,132,1.3216,10.89,Incident,40.35,32.94,10.35
T1292,A13,14-09-2025 06:56,25.25,37.88,Afternoon,Low,47.13,Clear,0,987,0,-0.29,No Delay,37.59,11.08,28.86
T1293,A24,22-09-2025 07:13,22.72,34.08,Evening Peak,High,16.2,Fog,2,280,1.2014,18.43,Incident,52.51,29.24,25.54
T1294,A47,11-09-2025 20:02,24.54,36.81,Night,High,16.71,Clear,0,903,0.6685,12.41,Incident,49.22,9.57,41.49
T1295,A46,08-09-2025 14:18,16.28,24.42,Afternoon,High,30.25,Clear,0,934,1.0048,9.22,Incident,33.64,17.01,21.82
T1296,A23,13-09-2025 18:16,14.12,21.18,Evening Peak,High,12.54,Rain,1,442,0.5429,8.65,Incident,29.83,0.82,36.92
T1297,A22,14-09-2025 16:46,8.49,12.73,Night,Low,63.52,Clear,0,801,0.1074,0.62,No Delay,13.35,2.51,15.84
T1298,A30,08-09-2025 17:54,29.39,44.09,Morning Peak,Medium,23.78,Clear,0,903,0.2244,18.52,Traffic,62.61,2.28,70.53
T1299,A31,18-09-2025 10:01,24.97,37.45,Afternoon,Low,28.26,Fog,2,269,0.4244,11.66,Weather,49.11,38.91,13.44
T1300,A1,19-09-2025 22:31,26.73,40.09,Afternoon,Medium,32.56,Clear,0,982,0.3536,20.83,Traffic,60.92,32.55,32.2
T1301,A27,29-09-2025 11:15,10.42,15.63,Morning Peak,Low,22.43,Clear,0,975,0,0.78,No Delay,16.41,3.89,18.64
T1302,A21,24-09-2025 00:24,14.93,22.39,Morning Peak,High,23.64,Rain,1,630,0.1813,4.16,Traffic,26.55,16.56,13.68
T1303,A37,10-09-2025 02:06,18.33,27.49,Night,Low,29.91,Fog,2,220,0.2983,3.13,Weather,30.62,24.51,11.57
T1304,A26,21-09-2025 10:54,2.3,3.45,Night,High,26.53,Rain,1,431,0.8289,2.06,Incident,5.51,0.83,8.07
T1305,A19,10-09-2025 19:55,16.8,25.2,Evening Peak,Medium,21.68,Clear,0,792,0.8061,14.21,Incident,39.41,7.57,35.71
T1306,A3,13-09-2025 11:15,20.56,30.84,Evening Peak,Medium,30.46,Clear,0,895,0.3578,15.11,Traffic,45.95,10.31,45.77
T1307,A33,21-09-2025 05:24,13.68,20.52,Afternoon,High,27.53,Rain,1,540,0.5852,6.51,Traffic,27.03,21.88,6.81
T1308,A12,03-09-2025 12:11,27.74,41.61,Afternoon,High,11.69,Storm,3,130,1.1714,20.18,Incident,61.79,1.81,65.29
T1309,A28,10-09-2025 20:24,5.26,7.89,Night,Low,36.71,Clear,0,910,0,0.05,Weather,7.94,0.9,9.14
T1310,A29,19-09-2025 03:37,10.26,15.39,Afternoon,Medium,33.48,Clear,0,1045,0.2341,0.52,No Delay,15.91,9.64,12.65
T1311,A4,27-09-2025 05:50,8.28,12.42,Evening Peak,High,16.95,Clear,0,991,1.3515,3.63,Incident,16.05,9.7,11.68
T1312,A18,22-09-2025 12:08,6.72,10.08,Night,Low,54.39,Clear,0,873,0,0.31,No Delay,10.39,8.95,3.17
T1313,A50,23-09-2025 05:11,23.43,35.14,Afternoon,Low,29.72,Storm,3,204,0.3,8.91,Weather,44.05,27.83,18.7
T1314,A12,20-09-2025 02:20,25.93,38.89,Night,Low,43.32,Clear,0,1062,0.0719,2.13,No Delay,41.02,17.94,30.98
T1315,A38,23-09-2025 02:36,29.85,44.78,Afternoon,Low,44.17,Clear,0,894,0.0115,-1.05,No Delay,43.73,2.62,48.79
T1316,A24,22-09-2025 07:57,10.27,15.4,Morning Peak,Medium,31.17,Clear,0,887,0.2868,6.78,Traffic,22.18,17.13,9.08
T1317,A43,14-09-2025 07:45,3.39,5.08,Morning Peak,Low,40.16,Rain,1,560,0.6133,1.39,Weather,6.47,1.96,8.79
T1318,A26,01-09-2025 00:35,17.32,25.98,Afternoon,High,18,Fog,2,314,1.1524,8.14,Incident,34.12,8.62,33.68
T1319,A48,14-09-2025 22:26,26.63,39.95,Afternoon,Medium,28.3,Fog,2,347,0.2922,16.2,Weather,56.15,22.69,41.94
T1320,A16,30-09-2025 08:01,6.89,10.33,Night,Low,49.64,Clear,0,949,0,0.17,No Delay,10.5,9.11,4.94
T1321,A20,02-09-2025 06:31,8.42,12.63,Morning Peak,Medium,31.23,Rain,1,703,0.2048,5.36,Weather,17.99,0.92,21.35
T1322,A6,21-09-2025 09:03,24.51,36.77,Afternoon,Low,35.34,Rain,1,776,0.1287,10.29,Weather,47.06,9.73,49.07
T1323,A8,12-09-2025 20:07,4.03,6.04,Night,Low,50.19,Clear,0,879,0,-0.18,No Delay,5.86,0.54,7.85
T1324,A40,10-09-2025 20:20,6.7,10.05,Night,Low,32.48,Clear,0,929,0.0583,-0.28,No Delay,9.77,8.71,7.53
T1325,A43,18-09-2025 17:17,22.56,33.84,Evening Peak,High,25.97,Fog,2,239,0.1564,11.82,Traffic,45.66,13.5,34.82
T1326,A46,12-09-2025 14:46,26.14,39.21,Afternoon,Medium,21.16,Clear,0,752,0.7426,19.44,Incident,58.65,45.83,20
T1327,A10,06-09-2025 01:06,18.56,27.84,Night,Low,46.91,Clear,0,981,0.1508,1.37,No Delay,29.21,13.39,24.91
T1328,A42,22-09-2025 06:32,22.57,33.86,Night,Low,40.99,Clear,0,954,0.0354,0.72,No Delay,34.58,8.04,27.53
T1329,A33,13-09-2025 14:04,4.22,6.33,Night,Low,49.41,Clear,0,897,0,0.24,No Delay,6.57,4.24,5.62
T1330,A7,09-09-2025 21:42,25.91,38.87,Morning Peak,Medium,27.3,Rain,1,594,0,13.2,Traffic,52.07,5.41,52.15
T1331,A12,13-09-2025 03:46,13.61,20.41,Morning Peak,Medium,9.81,Clear,0,921,0.0175,5.49,Traffic,25.9,4.6,26.98
T1332,A45,27-09-2025 16:35,2.11,3.17,Morning Peak,Low,24.52,Rain,1,641,0.2133,1.28,Weather,4.45,0.6,8.73
T1333,A49,30-09-2025 01:54,12.59,18.88,Night,Low,48.85,Clear,0,877,0.0848,0.77,No Delay,19.65,2.34,22.55
T1334,A4,18-09-2025 13:44,15.26,22.89,Evening Peak,High,24.5,Rain,1,468,0.2467,10.29,Traffic,33.18,13.13,24.33
T1335,A40,19-09-2025 20:05,18.65,27.97,Evening Peak,High,24.1,Clear,0,864,0.3382,12.23,Traffic,40.2,2.04,40.65
T1336,A35,20-09-2025 16:29,20.52,30.78,Night,High,23.46,Storm,3,262,0.6221,12.65,Weather,43.43,25.85,20.84
T1337,A24,30-09-2025 17:22,2.53,3.79,Afternoon,Low,47.58,Clear,0,800,0,0.04,No Delay,3.83,0.36,7.6
T1338,A34,03-09-2025 19:15,22.35,33.53,Afternoon,Medium,23.27,Clear,0,926,0.9053,17.35,Incident,50.88,6.87,54.28
T1339,A28,05-09-2025 11:46,18.36,27.54,Morning Peak,Medium,27.92,Storm,3,208,0.3338,7.09,No Delay,34.63,21.37,18.48
T1340,A17,03-09-2025 12:21,13.91,20.87,Afternoon,Low,32.85,Storm,3,243,0.3422,6.48,Weather,27.35,24.08,10.86
T1341,A18,07-09-2025 12:19,20.04,30.06,Afternoon,Medium,18.91,Clear,0,949,0.0316,14.08,Traffic,44.14,28.69,19.43
T1342,A42,02-09-2025 11:33,28.84,43.26,Evening Peak,High,32.22,Clear,0,805,0.0139,18.43,Traffic,61.69,0.75,69.36
T1343,A26,09-09-2025 23:06,3.11,4.67,Evening Peak,High,36.02,Rain,1,597,0.1842,2.01,Weather,6.68,5.17,8.43
T1344,A12,04-09-2025 13:22,17.7,26.55,Night,Low,48.44,Clear,0,794,0.1766,0.47,No Delay,27.02,19.24,11.75
T1345,A3,25-09-2025 08:49,10.88,16.32,Afternoon,Medium,35.38,Rain,1,420,0.3905,4.16,Weather,20.48,12.39,13.66
T1346,A3,22-09-2025 19:37,29.45,44.17,Morning Peak,High,17.89,Storm,3,262,0.9948,22.13,Incident,66.3,32.8,40.55
T1347,A45,28-09-2025 10:13,10.29,15.43,Afternoon,High,26,Clear,0,863,0.1722,7.37,Traffic,22.8,18.61,9.04
T1348,A9,30-09-2025 10:47,18.42,27.63,Evening Peak,High,27.29,Clear,0,920,0.3898,10.75,Traffic,38.38,18.3,27.37
T1349,A35,13-09-2025 15:32,27.88,41.82,Afternoon,Low,35.2,Fog,2,219,0.2296,13.74,Weather,55.56,11.96,50.7
T1350,A3,26-09-2025 02:38,9.34,14.01,Morning Peak,Medium,19.27,Rain,1,467,0.3063,4.79,Traffic,18.8,2.82,24.98
T1351,A15,25-09-2025 07:00,8.94,13.41,Evening Peak,Medium,17.15,Fog,2,250,1.1841,5.3,Incident,18.71,5.74,19.17
T1352,A11,09-09-2025 01:24,18.89,28.34,Night,Low,21.97,Storm,3,248,0.4257,9.93,Weather,38.27,32.2,9.17
T1353,A47,05-09-2025 19:35,3.23,4.84,Evening Peak,High,39.48,Clear,0,926,0.3406,1.27,Traffic,6.11,5.44,7.68
T1354,A27,07-09-2025 05:16,10.56,15.84,Evening Peak,High,21.43,Fog,2,334,0.8148,6.73,Incident,22.57,0.36,29.59
T1355,A34,13-09-2025 17:51,2.96,4.44,Night,High,33.22,Rain,1,491,0.1661,1.84,Traffic,6.28,2.53,11.23
T1356,A46,12-09-2025 18:44,3.61,5.42,Evening Peak,High,29.77,Rain,1,701,0.751,1.56,Incident,6.98,0.35,12.95
T1357,A13,01-09-2025 16:19,3.02,4.53,Night,Low,31.22,Clear,0,863,0.0673,0.14,No Delay,4.67,4.02,4.62
T1358,A29,01-09-2025 15:05,11.09,16.63,Afternoon,High,33.49,Clear,0,992,0.0884,4.47,Traffic,21.1,11.46,16.21
T1359,A40,08-09-2025 12:33,25.71,38.57,Afternoon,Low,40.95,Clear,0,860,0,-0.06,Weather,38.51,6.27,36.31
T1360,A18,30-09-2025 00:53,3.87,5.8,Night,Medium,37.04,Clear,0,1065,0,-0.19,No Delay,5.61,3.47,7.45
T1361,A14,21-09-2025 13:16,10.48,15.72,Afternoon,Low,24.14,Fog,2,148,0.1299,4.42,Weather,20.14,12.39,12.36
T1362,A14,22-09-2025 07:59,23.43,35.14,Evening Peak,Medium,9.24,Clear,0,816,1.0067,20.03,Incident,55.17,10.09,48.95
T1363,A40,23-09-2025 10:44,9.34,14.01,Night,High,7.89,Clear,0,913,1.2136,7.21,Incident,21.22,7.77,16.98
T1364,A31,12-09-2025 01:33,16.72,25.08,Evening Peak,Low,49.73,Fog,2,222,0.1145,4.5,Weather,29.58,24.12,12.16
T1365,A12,22-09-2025 09:27,16.56,24.84,Morning Peak,Medium,47.62,Clear,0,909,0.3236,7.19,Traffic,32.03,5.99,29.69
T1366,A21,14-09-2025 05:26,26.16,39.24,Morning Peak,Low,43.1,Clear,0,914,0,-0.72,No Delay,38.52,6.02,38.23
T1367,A24,14-09-2025 05:38,6.27,9.4,Afternoon,Low,47.02,Clear,0,878,0.0425,0.17,No Delay,9.57,6.42,10.55
T1368,A47,25-09-2025 07:56,27.3,40.95,Morning Peak,Medium,32.73,Rain,1,693,0.2032,9.41,Traffic,50.36,34.65,22.37
T1369,A2,01-09-2025 22:39,11.79,17.68,Evening Peak,High,38.33,Storm,3,250,0.6424,7.51,Weather,25.19,10.47,18.62
T1370,A38,21-09-2025 16:42,16.2,24.3,Afternoon,Low,52.11,Clear,0,978,0,0.73,No Delay,25.03,19.48,7.75
T1371,A1,28-09-2025 00:39,17.28,25.92,Afternoon,Low,40.61,Clear,0,1001,0.0288,0.31,No Delay,26.23,20.15,10.74
T1372,A27,21-09-2025 06:46,5.63,8.44,Night,Low,39.04,Clear,0,883,0.068,-0.26,No Delay,8.18,1.75,13.38
T1373,A32,19-09-2025 21:02,7.89,11.83,Night,Low,49.93,Clear,0,888,0.0939,-0.13,No Delay,11.7,1.81,12.12
T1374,A15,03-09-2025 18:17,28.59,42.88,Night,High,12.58,Fog,2,352,0.9257,24.6,Traffic,67.48,22.35,52.25
T1375,A36,23-09-2025 21:02,7.72,11.58,Night,Low,41.15,Clear,0,811,0,0.21,No Delay,11.79,10.06,6.33
T1376,A42,07-09-2025 17:49,7.87,11.8,Morning Peak,Medium,32.5,Rain,1,602,0.4032,3.03,Traffic,14.83,13.3,5.98
T1377,A36,25-09-2025 05:19,24.02,36.03,Morning Peak,Medium,21.99,Rain,1,497,1.2506,19.99,Incident,56.02,49.93,10.37
T1378,A22,21-09-2025 13:57,3.41,5.12,Evening Peak,High,15.87,Fog,2,374,0.7808,2.94,Incident,8.06,3.49,9.82
T1379,A37,25-09-2025 00:48,24.63,36.95,Afternoon,High,7.31,Fog,2,314,0.6455,17.25,Incident,54.2,39.91,22.28
T1380,A16,05-09-2025 23:52,12.81,19.22,Morning Peak,High,11.76,Rain,1,557,0.7267,12.35,Incident,31.57,17.36,22.22
T1381,A43,07-09-2025 22:26,18.59,27.88,Morning Peak,High,22.91,Rain,1,729,0.3249,6.8,Traffic,34.68,10.59,27.01
T1382,A37,17-09-2025 08:15,22.07,33.1,Afternoon,Medium,51.96,Rain,1,619,0.5555,5.26,Weather,38.36,13.79,29.74
T1383,A28,27-09-2025 09:38,20.01,30.02,Night,Medium,50.76,Storm,3,304,0.3384,5.01,Weather,35.03,1.57,37.18
T1384,A9,24-09-2025 07:45,9.1,13.65,Night,Medium,34.05,Clear,0,885,0.2659,6.62,Traffic,20.27,8.52,17.6
T1385,A1,12-09-2025 10:58,8.26,12.39,Night,Medium,19.96,Fog,2,170,1.229,7.09,Incident,19.48,14.66,8.71
T1386,A30,13-09-2025 21:27,13.13,19.7,Morning Peak,Low,39.04,Clear,0,932,0.0732,1.07,No Delay,20.77,3.5,20.29
T1387,A28,11-09-2025 18:33,6.12,9.18,Morning Peak,High,29.04,Rain,1,546,0.063,3.3,Traffic,12.48,2.88,18.6
T1388,A33,02-09-2025 16:50,29.61,44.41,Night,High,10.34,Clear,0,1078,1.028,28.32,Incident,72.73,35.13,39.81
T1389,A38,17-09-2025 17:56,10.9,16.35,Morning Peak,Medium,30.1,Clear,0,883,0.1172,6.26,Traffic,22.61,17.52,11.91
T1390,A7,11-09-2025 23:38,14.83,22.25,Evening Peak,High,19.62,Fog,2,245,0.4242,6.01,Traffic,28.26,16.05,15.81
T1391,A47,02-09-2025 03:48,22.83,34.24,Morning Peak,High,22.26,Rain,1,498,0.17,7.53,Traffic,41.77,29.85,17.11
T1392,A27,28-09-2025 07:25,25.41,38.12,Night,Low,39.91,Clear,0,1057,0.2296,0.18,No Delay,38.3,23.79,22.07
T1393,A1,28-09-2025 20:11,24.86,37.29,Afternoon,Medium,43.76,Fog,2,326,0.4842,14.15,Weather,51.44,26.69,30.98
T1394,A50,06-09-2025 18:29,13.95,20.93,Night,Low,45.65,Clear,0,881,0,1.04,No Delay,21.97,10.55,14.85
T1395,A21,19-09-2025 18:15,25.42,38.13,Afternoon,High,9.27,Clear,0,806,0.8928,14.7,Incident,52.83,28.28,30.61
T1396,A5,15-09-2025 00:34,9.09,13.63,Evening Peak,High,15.12,Storm,3,232,0.8316,7.03,Incident,20.66,3.09,26.25
T1397,A20,08-09-2025 06:39,19.91,29.87,Evening Peak,High,39.73,Clear,0,942,0.2122,15.45,Traffic,45.32,32.85,18.07
T1398,A19,05-09-2025 00:42,9.36,14.04,Evening Peak,High,9.52,Storm,3,171,0.5595,4.58,Incident,18.62,6.78,13.74
T1399,A8,20-09-2025 21:46,18.04,27.06,Morning Peak,Medium,29.73,Rain,1,599,0.2868,9.99,Traffic,37.05,3.9,34.96
T1400,A41,17-09-2025 10:29,20.72,31.08,Morning Peak,High,25.01,Clear,0,1096,0.2866,11.15,Traffic,42.23,23.94,21.85
T1401,A50,02-09-2025 10:22,11.58,17.37,Morning Peak,High,25.31,Rain,1,707,0.2088,6.48,Traffic,23.85,12.94,18
T1402,A35,01-09-2025 15:44,14.95,22.42,Afternoon,High,23.7,Clear,0,854,0.9326,12.95,Incident,35.37,23.25,19.29
T1403,A10,09-09-2025 21:02,15.4,23.1,Night,High,38.03,Rain,1,649,0.2516,9.23,Traffic,32.33,0.38,36.97
T1404,A21,24-09-2025 17:10,11.41,17.12,Afternoon,Low,36.11,Clear,0,976,0.0163,0.04,No Delay,17.16,13.64,8.54
T1405,A17,12-09-2025 04:19,21.34,32.01,Night,Medium,21.76,Rain,1,614,0.3515,16.64,Traffic,48.65,36.44,15.18
T1406,A34,20-09-2025 00:55,15.3,22.95,Morning Peak,Medium,5.58,Rain,1,489,1.1296,14.49,Incident,37.44,23.35,22.4
T1407,A21,03-09-2025 22:03,2.84,4.26,Morning Peak,High,23.25,Rain,1,684,0,1.64,Traffic,5.9,1.27,8.47
T1408,A9,29-09-2025 18:19,23.63,35.45,Afternoon,High,16.94,Clear,0,894,0.983,23.04,Incident,58.49,29.9,32.97
T1409,A11,22-09-2025 12:54,18.82,28.23,Afternoon,Low,39.57,Clear,0,966,0.1037,0.78,No Delay,29.01,18.04,16.72
T1410,A14,03-09-2025 13:25,2.58,3.87,Morning Peak,High,25.17,Clear,0,901,1.0783,1.3,Incident,5.17,1.71,7.41
T1411,A2,02-09-2025 05:08,10.08,15.12,Morning Peak,Low,24.41,Storm,3,180,0.0819,2.88,Weather,18,16,10.54
T1412,A32,22-09-2025 20:51,3.84,5.76,Afternoon,Low,37.92,Clear,0,832,0,-0.18,No Delay,5.58,2.67,10.13
T1413,A27,05-09-2025 22:46,3.24,4.86,Afternoon,Medium,46.13,Storm,3,128,0.2331,1.42,Weather,6.28,0.46,10.43
T1414,A32,23-09-2025 16:12,17.98,26.97,Morning Peak,Medium,32.19,Clear,0,848,0.2086,10.15,Traffic,37.12,6.16,35.81
T1415,A18,24-09-2025 19:51,19.03,28.55,Evening Peak,High,18.73,Clear,0,958,0.1028,10.38,Traffic,38.93,11.01,35.12
T1416,A49,10-09-2025 12:52,9.13,13.7,Evening Peak,Low,36.27,Clear,0,863,0.2287,0.58,No Delay,14.28,1.67,19.05
T1417,A18,10-09-2025 17:42,5.66,8.49,Morning Peak,High,33.56,Clear,0,977,0.1386,2.58,Traffic,11.07,8.47,6.49
T1418,A17,04-09-2025 21:54,15.22,22.83,Afternoon,Medium,40.64,Storm,3,258,0.2748,4.79,Weather,27.62,7.93,24.51
T1419,A22,14-09-2025 21:44,15.12,22.68,Evening Peak,Medium,29.19,Clear,0,894,0.3304,8.26,Traffic,30.94,16.87,18.15
T1420,A1,02-09-2025 06:53,20.76,31.14,Morning Peak,Medium,53.55,Clear,0,899,0.1118,1.79,No Delay,32.93,24.69,15.38
T1421,A32,10-09-2025 02:02,16.92,25.38,Afternoon,High,33.36,Storm,3,185,0,7.16,Weather,32.54,25.19,12.07
T1422,A25,04-09-2025 00:24,6.17,9.25,Morning Peak,Low,45.67,Storm,3,247,0.0316,4.01,Weather,13.26,8.82,11.56
T1423,A17,05-09-2025 09:03,5.05,7.58,Afternoon,Low,45.77,Clear,0,765,0.0546,-0.23,No Delay,7.35,4.31,7.97
T1424,A29,01-09-2025 10:11,3.29,4.94,Evening Peak,High,29.42,Clear,0,814,0.2985,1.18,Traffic,6.12,3.73,7.3
T1425,A30,16-09-2025 06:08,24.59,36.88,Afternoon,High,15.57,Rain,1,481,0.8913,18.13,Incident,55.01,35.02,23.26
T1426,A10,19-09-2025 16:59,12.73,19.1,Afternoon,Low,33.85,Clear,0,1032,0,-0.02,Weather,19.08,9.43,15.34
T1427,A18,24-09-2025 03:11,22.48,33.72,Night,Low,49.38,Clear,0,894,0,1.92,No Delay,35.64,19.5,20.28
T1428,A50,06-09-2025 10:30,18.68,28.02,Morning Peak,High,19.21,Storm,3,233,0.269,4.6,Weather,32.62,3.72,30.66
T1429,A9,28-09-2025 04:12,26.53,39.8,Evening Peak,High,44.08,Clear,0,913,0.2126,8.35,Traffic,48.15,19.09,35.62
T1430,A37,05-09-2025 23:37,25.12,37.68,Night,High,22.87,Fog,2,208,0.6249,15.5,Weather,53.18,31.8,24.6
T1431,A2,26-09-2025 14:24,18.91,28.37,Night,Low,57.16,Clear,0,839,0.0715,0.9,No Delay,29.27,15.54,19.66
T1432,A13,17-09-2025 04:08,3.77,5.66,Morning Peak,Medium,39.32,Fog,2,165,0.5897,1.23,Weather,6.89,3.33,9.04
T1433,A50,28-09-2025 12:54,28.82,43.23,Afternoon,Medium,22.86,Clear,0,922,0.2829,12.28,Traffic,55.51,28.75,33.45
T1434,A45,30-09-2025 05:55,28.08,42.12,Afternoon,Low,46.97,Clear,0,1044,0.0167,-0.34,No Delay,41.78,15.51,32.82
T1435,A22,05-09-2025 13:39,11.28,16.92,Morning Peak,Low,59.78,Clear,0,917,0.0129,0.05,No Delay,16.97,3.58,15.35
T1436,A22,23-09-2025 23:59,24.83,37.24,Night,Low,56.05,Clear,0,976,0.113,-1.14,Weather,36.1,23.41,21.43
T1437,A14,28-09-2025 19:10,28.01,42.02,Morning Peak,High,22.29,Clear,0,794,0.3294,9.46,Traffic,51.48,24.18,31.49
T1438,A49,18-09-2025 23:35,2.69,4.04,Morning Peak,High,30.26,Clear,0,967,0.2046,0.82,Traffic,4.86,4.28,3.32
T1439,A4,13-09-2025 23:08,7.44,11.16,Afternoon,High,20.77,Clear,0,938,0.2491,4.38,Traffic,15.54,3.16,19.59
T1440,A8,13-09-2025 03:41,18.88,28.32,Morning Peak,Low,49.29,Clear,0,894,0.1002,0.75,Weather,29.07,22.96,13.11
T1441,A1,22-09-2025 13:06,23.23,34.84,Morning Peak,High,18.48,Fog,2,370,0.7826,18.62,Incident,53.46,10.41,45.95
T1442,A40,01-09-2025 22:49,18.08,27.12,Afternoon,High,28.7,Clear,0,935,0.1724,13.7,Traffic,40.82,9.88,35.43
T1443,A19,25-09-2025 23:08,12.61,18.91,Night,Low,53.84,Clear,0,918,0.0702,1.07,No Delay,19.98,1.85,24.92
T1444,A28,02-09-2025 07:21,29.61,44.41,Evening Peak,High,14.82,Clear,0,817,0.8389,26.15,Incident,70.56,9.57,62.71
T1445,A47,24-09-2025 06:58,9.57,14.36,Evening Peak,Medium,31.18,Rain,1,478,0.0902,2.75,Traffic,17.11,8.22,15.98
T1446,A20,16-09-2025 05:32,27.86,41.79,Afternoon,High,27.69,Fog,2,168,0.2737,10.57,Weather,52.36,7.12,54.56
T1447,A41,12-09-2025 14:14,15.21,22.82,Afternoon,Low,47.67,Storm,3,292,0.4978,3.25,Weather,26.07,4.09,27
T1448,A7,08-09-2025 03:53,3.08,4.62,Evening Peak,Low,34.84,Fog,2,242,0.448,1.01,Weather,5.63,4.86,3.68
T1449,A33,01-09-2025 05:38,4.97,7.46,Afternoon,Low,55.84,Clear,0,854,0.2319,-0.16,No Delay,7.3,1.73,8.15
T1450,A2,09-09-2025 13:48,18.36,27.54,Night,Low,42.3,Clear,0,780,0.1835,0.27,No Delay,27.81,20.88,10.66
T1451,A26,05-09-2025 10:54,22.86,34.29,Evening Peak,Medium,23.7,Clear,0,926,0,6.44,Traffic,40.73,18.08,29.89
T1452,A1,21-09-2025 22:32,23.69,35.54,Morning Peak,High,24.81,Rain,1,615,0.2709,16.63,Traffic,52.17,8.64,47.79
T1453,A36,08-09-2025 13:03,14.19,21.29,Evening Peak,High,8.68,Rain,1,481,1.2981,7.32,Incident,28.61,5.05,23.94
T1454,A23,11-09-2025 21:07,5.97,8.96,Morning Peak,Medium,32.38,Clear,0,944,0.2696,2.73,Traffic,11.69,8.03,10.27
T1455,A13,30-09-2025 23:06,23.48,35.22,Evening Peak,High,23.69,Clear,0,853,0.7475,16.64,Incident,51.86,41.71,17.45
T1456,A48,06-09-2025 01:15,7.99,11.99,Night,Low,47.6,Clear,0,1009,0,-0.13,No Delay,11.86,3.66,14.44
T1457,A14,03-09-2025 19:06,29.49,44.23,Night,High,19.24,Fog,2,349,0.488,11.66,Weather,55.89,3.35,54.98
T1458,A24,20-09-2025 06:25,12.17,18.26,Morning Peak,High,24.19,Rain,1,661,1.0359,6.55,Incident,24.81,21.39,7.78
T1459,A11,16-09-2025 00:55,25.08,37.62,Morning Peak,High,16.59,Fog,2,196,0.767,18.7,Incident,56.32,7.38,59.85
T1460,A12,08-09-2025 06:52,7.3,10.95,Afternoon,Medium,31.99,Clear,0,806,0.139,4.74,Traffic,15.69,0.85,18.96
T1461,A9,09-09-2025 12:50,26.54,39.81,Afternoon,Medium,36.91,Fog,2,251,0,7.84,No Delay,47.65,11.39,42.46
T1462,A16,19-09-2025 19:58,18.68,28.02,Evening Peak,High,29.45,Clear,0,1008,0.0521,10.18,Traffic,38.2,27.37,16.57
T1463,A24,01-09-2025 21:11,9.51,14.26,Night,Low,48.2,Clear,0,932,0.1802,-0.46,No Delay,13.8,3.99,13.43
T1464,A39,11-09-2025 02:34,16.36,24.54,Night,Low,53.47,Clear,0,1037,0.0327,-0.54,No Delay,24,17.8,13.69
T1465,A43,17-09-2025 09:20,23.01,34.52,Night,Low,41.07,Clear,0,783,0.0784,0.94,No Delay,35.46,6.17,33.4
T1466,A45,03-09-2025 06:12,12.65,18.98,Night,Low,55.58,Clear,0,886,0.1651,0.76,No Delay,19.74,16.69,5.96
T1467,A32,24-09-2025 03:36,29.95,44.93,Morning Peak,Medium,28.16,Rain,1,498,0.2634,17.87,Traffic,62.8,0.08,63.14
T1468,A12,13-09-2025 14:00,11.74,17.61,Morning Peak,High,18.7,Clear,0,1011,1.2204,11.37,Incident,28.98,18.77,13.6
T1469,A16,11-09-2025 05:09,22.74,34.11,Night,Medium,44.91,Clear,0,990,0,1.43,No Delay,35.54,24.71,14.43
T1470,A31,26-09-2025 14:28,14.64,21.96,Afternoon,Low,44.53,Clear,0,747,0,0.02,No Delay,21.98,14.27,10.13
T1471,A24,08-09-2025 06:07,10.63,15.95,Morning Peak,High,12.97,Rain,1,524,0.5482,8.16,Incident,24.11,14.3,13.56
T1472,A47,05-09-2025 12:03,21.69,32.54,Afternoon,High,16.48,Fog,2,224,1.1046,19.77,Incident,52.31,11.37,40.4
T1473,A10,20-09-2025 02:40,4.92,7.38,Evening Peak,Medium,18.95,Storm,3,146,1.0769,2.94,Incident,10.32,9.03,6.57
T1474,A35,05-09-2025 02:53,7.18,10.77,Evening Peak,High,32.76,Clear,0,816,0.1292,2.66,Traffic,13.43,9.2,10.51
T1475,A47,05-09-2025 10:27,25.68,38.52,Morning Peak,High,33.91,Clear,0,927,0.2901,15.27,Traffic,53.79,12.15,52.03
T1476,A2,25-09-2025 10:21,16.54,24.81,Night,Low,37.95,Clear,0,926,0.0511,0.93,No Delay,25.74,3.14,26.45
T1477,A36,06-09-2025 12:03,15.91,23.86,Morning Peak,Medium,35.15,Clear,0,930,0.3149,9.84,Traffic,33.7,29.68,6.98
T1478,A9,04-09-2025 23:34,3.67,5.5,Night,Low,45.86,Clear,0,1034,0.0577,0.03,No Delay,5.53,1,8.57
T1479,A2,03-09-2025 03:51,13.99,20.98,Morning Peak,Medium,8.09,Clear,0,792,1.1411,6.19,Incident,27.17,21.29,12.56
T1480,A38,01-09-2025 03:10,12.83,19.24,Evening Peak,High,12.36,Rain,1,561,1.2667,12.05,Traffic,31.29,7.33,27.5
T1481,A10,02-09-2025 05:48,4.84,7.26,Evening Peak,High,22.45,Rain,1,504,1.2391,2.47,Incident,9.73,3.56,12.13
T1482,A23,14-09-2025 15:16,14.38,21.57,Morning Peak,High,23.23,Fog,2,229,0.8537,9.73,Traffic,31.3,12.7,26.37
T1483,A48,20-09-2025 01:30,21.37,32.05,Evening Peak,Medium,24.08,Clear,0,947,0.1503,12.86,Traffic,44.91,2.39,43.53
T1484,A33,12-09-2025 23:48,21.46,32.19,Evening Peak,High,8.2,Rain,1,462,0.7122,19.22,Incident,51.41,17.68,38.28
T1485,A8,01-09-2025 05:55,13.56,20.34,Afternoon,Medium,44.12,Clear,0,855,0.1574,0.4,No Delay,20.74,14.13,12.07
T1486,A39,09-09-2025 02:44,11.69,17.54,Evening Peak,Medium,33.81,Clear,0,809,0.0128,0.33,No Delay,17.87,3.68,16.45
T1487,A37,19-09-2025 20:22,18.54,27.81,Afternoon,Medium,29.61,Storm,3,118,0.5634,3.78,Weather,31.59,12.39,21.29
T1488,A36,24-09-2025 15:33,9.63,14.45,Afternoon,Medium,40.01,Fog,2,382,0.52,1.99,Weather,16.44,4.15,19.46
T1489,A45,19-09-2025 00:06,6.83,10.25,Evening Peak,Low,40.24,Storm,3,205,0.1407,2.37,Weather,12.62,3.58,14.11
T1490,A11,21-09-2025 10:56,2.37,3.56,Evening Peak,Medium,43.14,Clear,0,1030,0,-0.04,Weather,3.52,2.79,8.36
T1491,A14,15-09-2025 13:11,29.91,44.87,Afternoon,Low,56.06,Rain,1,491,0.3311,13.38,Weather,58.25,6.8,60.92
T1492,A18,18-09-2025 17:16,9.85,14.78,Afternoon,Low,44.16,Clear,0,928,0.2065,-0.07,No Delay,14.71,7.6,11.19
T1493,A1,08-09-2025 20:20,11.91,17.87,Evening Peak,High,27.26,Clear,0,926,0.3508,4.86,Traffic,22.73,1.59,22.99
T1494,A41,20-09-2025 12:15,24.49,36.73,Morning Peak,Medium,54.02,Fog,2,294,0.1467,5.14,Weather,41.87,34.43,14.65
T1495,A11,05-09-2025 07:09,2.22,3.33,Afternoon,Medium,59.78,Clear,0,928,0.1673,0.05,No Delay,3.38,0.24,10.15
T1496,A24,01-09-2025 09:35,27.34,41.01,Afternoon,Low,19.91,Fog,2,349,0.4867,7.13,Weather,48.14,26.47,26.08
T1497,A1,02-09-2025 02:06,18.76,28.14,Morning Peak,High,32.17,Rain,1,600,0.1816,13.14,Traffic,41.28,10.79,35.22
T1498,A3,16-09-2025 18:52,28.25,42.38,Evening Peak,High,27.39,Rain,1,581,0.0881,17.99,Traffic,60.37,34.77,34.1
T1499,A9,12-09-2025 01:55,23.39,35.09,Morning Peak,High,43.11,Clear,0,882,0.1381,10.17,Traffic,45.26,28.84,22.53
T1500,A20,14-09-2025 14:51,22.79,34.19,Evening Peak,High,23.99,Clear,0,844,0.2725,10.66,Traffic,44.85,24.99,23.03
T1501,A16,06-09-2025 18:05,26.78,40.17,Morning Peak,High,22.56,Clear,0,877,0.1509,17.48,Traffic,57.65,38.51,23.85
T1502,A36,13-09-2025 23:46,21.79,32.68,Evening Peak,High,36.99,Clear,0,875,0.2592,14.56,Traffic,47.24,31.21,21.74
T1503,A30,05-09-2025 16:23,22.14,33.21,Afternoon,High,24.67,Storm,3,240,0.5612,21.28,Incident,54.49,30.46,30.87
T1504,A27,22-09-2025 22:12,18.83,28.24,Night,Low,47.8,Clear,0,1023,0.0648,-0.52,No Delay,27.72,2.96,31.28
T1505,A3,28-09-2025 21:05,13.84,20.76,Evening Peak,High,25.65,Rain,1,518,0.0584,10.73,Traffic,31.49,2.83,35.83
T1506,A40,25-09-2025 12:02,20.27,30.41,Evening Peak,Low,44.42,Clear,0,1047,0.1092,0.4,No Delay,30.81,26.83,10.49
T1507,A3,19-09-2025 23:29,27.53,41.3,Evening Peak,Medium,29.99,Clear,0,821,0.2204,16.42,Traffic,57.72,29.2,30.51
T1508,A11,20-09-2025 05:59,21.65,32.48,Evening Peak,Medium,20.62,Rain,1,457,0,13.8,Traffic,46.28,30.31,19.26
T1509,A30,15-09-2025 02:59,20.91,31.37,Morning Peak,High,18.41,Clear,0,772,0.8367,10.46,Incident,41.83,19.73,24.35
T1510,A46,07-09-2025 11:18,21.59,32.38,Evening Peak,High,35.28,Clear,0,860,0.3872,9.18,Traffic,41.56,10.79,40.85
T1511,A5,04-09-2025 23:24,24.75,37.12,Night,Medium,36.79,Clear,0,860,0.2339,8.64,Traffic,45.76,9.94,39.45
T1512,A15,27-09-2025 17:58,26.21,39.31,Afternoon,Low,38.96,Fog,2,294,0.071,7.45,Weather,46.76,3.46,53.5
T1513,A34,04-09-2025 03:49,10.7,16.05,Night,Low,37.45,Clear,0,897,0.0847,0.17,No Delay,16.22,0.14,19
T1514,A21,06-09-2025 06:20,4.35,6.52,Night,Medium,16.13,Storm,3,133,0.4848,3.92,Incident,10.44,9.35,5.75
T1515,A40,01-09-2025 03:10,6.11,9.16,Night,Medium,26.31,Rain,1,589,0.4296,2.93,Traffic,12.09,7.14,11.02
T1516,A12,12-09-2025 20:56,28.37,42.55,Morning Peak,Medium,28.46,Clear,0,882,0.0384,17.53,Traffic,60.08,31.38,37.47
T1517,A44,24-09-2025 19:41,4.07,6.11,Night,Low,45.09,Clear,0,864,0.1126,0.19,No Delay,6.3,0.07,9.73
T1518,A31,21-09-2025 17:33,22.18,33.27,Morning Peak,High,23.17,Clear,0,892,0.3484,11.74,Traffic,45.01,30.71,16.43
T1519,A30,23-09-2025 23:06,15.77,23.66,Morning Peak,Medium,28.99,Clear,0,829,0.1047,8.51,Traffic,32.17,22.99,17.04
T1520,A49,11-09-2025 22:53,20.03,30.05,Night,Low,40.93,Fog,2,294,0.4773,4.67,Weather,34.72,11.03,28.08
T1521,A45,27-09-2025 11:35,8.38,12.57,Afternoon,Low,36.23,Storm,3,144,0.424,3.55,Weather,16.12,9.15,10.86
T1522,A16,02-09-2025 03:18,29.82,44.73,Morning Peak,High,26,Clear,0,933,0.0387,23.17,Traffic,67.9,10.91,62.13
T1523,A34,06-09-2025 23:17,24.72,37.08,Night,Low,44.06,Clear,0,940,0,0.53,No Delay,37.61,26.18,16.12
T1524,A24,15-09-2025 16:35,28.4,42.6,Night,High,10.22,Rain,1,469,1.1657,16.48,Incident,59.08,51.16,12.73
T1525,A6,22-09-2025 15:50,14.32,21.48,Evening Peak,Medium,22.35,Clear,0,948,0.1855,8.73,Traffic,30.21,7.16,27.2
T1526,A3,17-09-2025 00:50,7.5,11.25,Afternoon,Low,46.3,Clear,0,878,0.0617,0.23,No Delay,11.48,10.12,7.95
T1527,A47,07-09-2025 15:17,29.66,44.49,Evening Peak,High,8.41,Rain,1,608,0.5172,18.14,Incident,62.63,21.39,41.98
T1528,A36,05-09-2025 15:50,23,34.5,Afternoon,Low,48.57,Clear,0,850,0.1325,1.63,No Delay,36.13,23.73,16.68
T1529,A25,10-09-2025 14:31,4.58,6.87,Afternoon,High,44.81,Storm,3,115,0.3582,0.72,Weather,7.59,2.21,8.63
T1530,A47,20-09-2025 17:02,21.85,32.77,Morning Peak,High,34,Clear,0,1020,0.3675,14.85,Traffic,47.62,20.62,31.07
T1531,A16,20-09-2025 04:19,6.89,10.33,Evening Peak,High,27.78,Clear,0,956,0.1044,3.86,Traffic,14.19,6.13,13
T1532,A5,01-09-2025 11:39,23.18,34.77,Night,High,6.38,Storm,3,238,1.1711,20.16,Incident,54.93,20.15,35.91
T1533,A12,27-09-2025 11:08,8.39,12.59,Night,Medium,23.97,Rain,1,611,0.0824,2.82,Traffic,15.41,4.47,15.57
T1534,A26,17-09-2025 15:35,6.92,10.38,Morning Peak,High,21.43,Clear,0,1026,0.2842,5.13,Traffic,15.51,4.8,18.34
T1535,A45,23-09-2025 07:54,23.42,35.13,Morning Peak,High,27.91,Rain,1,596,0.0634,10.2,Traffic,45.33,16.68,31.56
T1536,A12,30-09-2025 14:50,6.16,9.24,Morning Peak,High,25.06,Rain,1,640,0.3084,1.95,Traffic,11.19,1.8,15.29
T1537,A19,14-09-2025 05:09,19.68,29.52,Afternoon,High,12.09,Rain,1,497,0.6889,11.02,Incident,40.54,31.7,11.51
T1538,A38,14-09-2025 07:05,28.96,43.44,Evening Peak,Medium,27.46,Rain,1,542,0.1397,12.24,Traffic,55.68,5.3,61.21
T1539,A19,23-09-2025 00:35,9.68,14.52,Afternoon,Medium,49.16,Fog,2,217,0.4856,4.16,Weather,18.68,7.46,12.95
T1540,A18,20-09-2025 10:27,10.37,15.55,Night,Low,43.92,Clear,0,956,0,-0.1,No Delay,15.45,10.93,12.16
T1541,A31,15-09-2025 07:44,11.94,17.91,Morning Peak,Medium,36.94,Storm,3,133,0.5405,4.53,Weather,22.44,6.02,20.85
T1542,A36,29-09-2025 08:16,9.67,14.5,Night,Medium,46.83,Clear,0,806,0.0862,-0.53,No Delay,13.97,1.14,20.39
T1543,A50,14-09-2025 21:05,24.77,37.16,Evening Peak,Medium,32.71,Clear,0,880,0.3116,12.67,Traffic,49.83,13.2,40.78
T1544,A25,19-09-2025 13:04,15.19,22.79,Afternoon,High,29.78,Clear,0,994,0.1713,6.65,Traffic,29.44,18.53,17.27
T1545,A34,22-09-2025 11:22,17.62,26.43,Night,Low,56.28,Clear,0,1075,0.0951,1.43,No Delay,27.86,8.87,20.96
T1546,A43,01-09-2025 23:54,16.03,24.05,Night,Medium,27.05,Rain,1,472,0.4013,7.41,Weather,31.46,15.1,18.88
T1547,A38,15-09-2025 22:16,18.87,28.3,Night,Low,54.42,Clear,0,949,0,0.61,No Delay,28.91,25.07,6.52
T1548,A28,21-09-2025 09:18,3.81,5.71,Evening Peak,Medium,34.24,Clear,0,904,0.0834,1.52,Traffic,7.23,0.01,9.21
T1549,A37,20-09-2025 13:53,7.11,10.67,Afternoon,Low,51.46,Clear,0,952,0.0261,0,No Delay,10.67,1.2,16.88
T1550,A27,01-09-2025 16:24,21.93,32.9,Morning Peak,Low,40.91,Storm,3,257,0.2732,14.77,No Delay,47.67,31.41,22.88
T1551,A45,15-09-2025 06:22,24.22,36.33,Evening Peak,High,27.04,Clear,0,851,0.1724,10.3,Traffic,46.63,29.85,21.2
T1552,A33,09-09-2025 22:32,22.04,33.06,Morning Peak,Medium,35.81,Rain,1,555,0.1789,12.54,Traffic,45.6,31.3,16.37
T1553,A24,28-09-2025 12:15,13.24,19.86,Afternoon,High,15.32,Fog,2,233,0.5756,10.18,Incident,30.04,20.58,11.57
T1554,A19,14-09-2025 18:34,10.36,15.54,Night,Low,47.06,Clear,0,958,0,-0.56,No Delay,14.98,0.77,21.5
T1555,A30,16-09-2025 17:20,29.97,44.95,Evening Peak,High,23.43,Clear,0,889,1.2391,25.9,Incident,70.85,1.37,82.14
T1556,A41,07-09-2025 13:22,6.96,10.44,Afternoon,Low,40.01,Clear,0,903,0.0126,-0.24,No Delay,10.2,4.04,12.2
T1557,A20,28-09-2025 14:14,13.03,19.54,Morning Peak,High,23,Clear,0,770,0.6318,11.24,Incident,30.78,20.23,17.89
T1558,A17,19-09-2025 19:39,18.94,28.41,Morning Peak,Medium,30.28,Rain,1,611,0.4676,4.65,Weather,33.06,16.77,17.65
T1559,A15,07-09-2025 21:55,23.42,35.13,Afternoon,High,16.79,Rain,1,642,0.0835,15.44,Traffic,50.57,37.53,18.65
T1560,A14,18-09-2025 09:35,27.32,40.98,Evening Peak,High,21.72,Storm,3,146,1.1061,22.02,Incident,63,6.56,61.15
T1561,A12,23-09-2025 18:43,19.11,28.66,Morning Peak,High,7.8,Fog,2,379,1.2791,10.8,Traffic,39.46,18.14,29.36
T1562,A44,19-09-2025 20:29,15.11,22.66,Night,Low,48.07,Clear,0,867,0.075,0.53,No Delay,23.19,7.78,24.24
T1563,A43,24-09-2025 09:59,8.82,13.23,Morning Peak,High,33.01,Clear,0,966,0.0553,4.23,Traffic,17.46,11.64,9.05
T1564,A39,26-09-2025 01:55,26.57,39.86,Morning Peak,High,25.6,Clear,0,859,0.2457,18.03,Traffic,57.89,9.37,49.69
T1565,A32,06-09-2025 09:04,6.81,10.21,Morning Peak,Medium,56.32,Fog,2,389,0.1543,2.75,Weather,12.96,4.6,10.48
T1566,A2,15-09-2025 05:36,9.47,14.21,Morning Peak,High,27.04,Rain,1,457,0.2465,5.1,Traffic,19.31,9.74,16.13
T1567,A23,28-09-2025 11:45,2.31,3.47,Evening Peak,High,28.53,Rain,1,513,0.3402,0.86,Traffic,4.33,1.96,9.53
T1568,A15,14-09-2025 17:45,22.93,34.4,Night,Medium,32.67,Storm,3,266,0.0844,11.18,Weather,45.58,15.73,37.74
T1569,A31,01-09-2025 00:42,13.56,20.34,Morning Peak,High,23.95,Fog,2,308,0.9022,12.97,Incident,33.31,20.98,19.55
T1570,A10,23-09-2025 00:01,8.28,12.42,Morning Peak,High,35.02,Rain,1,470,0.3374,5.54,Traffic,17.96,4.83,16.91
T1571,A49,02-09-2025 05:08,18.06,27.09,Night,Medium,41.6,Clear,0,996,0,-0.14,No Delay,26.95,20.22,8.62
T1572,A21,29-09-2025 16:02,16.99,25.48,Evening Peak,Medium,21.14,Fog,2,244,0.6904,12,Traffic,37.48,28.21,11.82
T1573,A14,26-09-2025 22:44,11.82,17.73,Morning Peak,Low,37.61,Clear,0,868,0,0.1,No Delay,17.83,12.8,10.44
T1574,A24,23-09-2025 19:56,4.47,6.7,Afternoon,Medium,36.26,Fog,2,308,0.3646,2.03,Weather,8.73,1.52,13.25
T1575,A48,26-09-2025 19:58,18.52,27.78,Afternoon,Low,35.86,Storm,3,142,0.4064,4.31,Weather,32.09,25.82,13.43
T1576,A39,01-09-2025 20:45,29.82,44.73,Morning Peak,Low,32.94,Fog,2,156,0.4444,12.86,Weather,57.59,48.8,14.58
T1577,A39,13-09-2025 22:16,20.92,31.38,Afternoon,Medium,10.38,Rain,1,610,0.8345,8.79,Incident,40.17,18.86,26.7
T1578,A47,04-09-2025 09:09,29.97,44.95,Afternoon,Low,35.46,Clear,0,924,0,2.07,No Delay,47.02,2.97,48.15
T1579,A1,26-09-2025 19:58,4.85,7.27,Morning Peak,High,22.32,Clear,0,990,0.282,2.44,Traffic,9.71,4.9,10.56
T1580,A20,05-09-2025 04:20,16.92,25.38,Afternoon,Medium,34.68,Clear,0,989,0.3374,9.58,Traffic,34.96,2.63,36.96
T1581,A5,20-09-2025 10:35,12.13,18.2,Afternoon,Medium,19.97,Storm,3,143,0.603,5.62,Incident,23.82,15.45,12.85
T1582,A18,05-09-2025 02:12,23.65,35.47,Night,High,14.83,Storm,3,189,0.6666,22.67,Incident,58.14,9.3,55.51
T1583,A5,25-09-2025 06:48,3.57,5.35,Night,High,17.27,Clear,0,891,0.5522,2.31,Incident,7.66,4.23,10.02
T1584,A28,28-09-2025 01:19,8.67,13,Morning Peak,High,22.79,Rain,1,628,0.9064,4.21,Incident,17.21,4.5,15.5
T1585,A8,02-09-2025 07:35,5.77,8.65,Night,Low,44.03,Fog,2,344,0.2134,1.06,Weather,9.71,7.73,8.72
T1586,A46,25-09-2025 18:37,22.32,33.48,Evening Peak,High,36.14,Clear,0,808,0.1687,10.34,Traffic,43.82,22.8,26.22
T1587,A42,30-09-2025 19:55,13.09,19.63,Afternoon,Low,47.6,Clear,0,924,0,0.12,No Delay,19.75,5.79,16.31
T1588,A14,02-09-2025 06:30,10.49,15.73,Evening Peak,High,14.24,Storm,3,191,1.0563,7.28,Incident,23.01,0.18,27
T1589,A46,11-09-2025 02:13,25.62,38.43,Evening Peak,High,23.65,Fog,2,184,0.4217,4.97,Weather,43.4,22.19,24.17
T1590,A12,23-09-2025 11:55,29.29,43.93,Afternoon,High,40.17,Fog,2,198,0.1425,9.51,Weather,53.44,37.7,21.61
T1591,A38,01-09-2025 23:37,28.68,43.02,Night,Medium,55.3,Rain,1,617,0.2585,5.32,Weather,48.34,17.63,38.26
T1592,A23,06-09-2025 02:46,22.58,33.87,Evening Peak,Medium,25.18,Fog,2,247,0.2326,13.55,Weather,47.42,2.08,52.04
T1593,A27,23-09-2025 01:11,27.06,40.59,Evening Peak,High,12.92,Fog,2,333,0.5984,18.62,Incident,59.21,42.37,20.82
T1594,A25,29-09-2025 05:06,13.02,19.53,Afternoon,Low,41.14,Fog,2,228,0.0215,5.51,Weather,25.04,7.4,25.68
T1595,A17,18-09-2025 04:59,18.92,28.38,Morning Peak,High,15.07,Storm,3,122,0.4967,11.73,Incident,40.11,15.59,32.21
T1596,A4,08-09-2025 02:24,27.29,40.94,Morning Peak,High,23.28,Rain,1,571,1.0427,24.1,Incident,65.04,54.96,17.16
T1597,A43,30-09-2025 10:20,16.08,24.12,Evening Peak,Medium,26.87,Clear,0,883,0.0612,4.78,Traffic,28.9,9.47,19.45
T1598,A36,22-09-2025 06:54,5.71,8.56,Night,Medium,60.27,Clear,0,931,0.0151,0.51,No Delay,9.07,7.1,4.6
T1599,A3,26-09-2025 04:13,23.33,34.99,Evening Peak,High,30.04,Clear,0,942,0.3649,11.55,Traffic,46.54,40.21,12.54
T1600,A23,19-09-2025 10:42,3.78,5.67,Afternoon,High,15.2,Rain,1,459,1.1161,3.57,Incident,9.24,7.78,8.6
T1601,A23,15-09-2025 13:51,2.11,3.17,Morning Peak,Medium,22.37,Fog,2,295,1.0486,1.9,Incident,5.07,1.97,9.94
T1602,A9,07-09-2025 15:42,4.03,6.04,Night,High,39.62,Storm,3,276,0.3033,1.46,Weather,7.5,1.07,14.49
T1603,A2,06-09-2025 08:47,26.45,39.67,Afternoon,Medium,16.38,Storm,3,220,1.0361,20.75,Incident,60.42,54.31,13.62
T1604,A23,27-09-2025 05:51,6.14,9.21,Night,Low,45.38,Clear,0,976,0.1833,0.43,No Delay,9.64,5.24,8.85
T1605,A36,18-09-2025 00:28,21.39,32.09,Afternoon,High,13.99,Rain,1,749,0.8107,14.58,Incident,46.67,36.43,16.88
T1606,A39,25-09-2025 09:08,23.74,35.61,Afternoon,Low,28.2,Storm,3,221,0.0758,14.68,Weather,50.29,26.74,30.68
T1607,A16,04-09-2025 19:41,23.4,35.1,Morning Peak,Low,29.88,Fog,2,254,0,7.03,Weather,42.13,18.68,33.6
T1608,A17,03-09-2025 01:01,24.07,36.11,Night,High,17.74,Rain,1,478,1.334,18.74,Incident,54.85,13.89,43.17
T1609,A3,18-09-2025 21:28,19.34,29.01,Night,High,40.4,Storm,3,102,0.4734,3.03,Weather,32.04,23.5,14.33
T1610,A2,25-09-2025 18:14,5.19,7.79,Night,Low,36.6,Clear,0,933,0.0704,-0.31,No Delay,7.48,6.27,7.59
T1611,A33,29-09-2025 03:12,23.25,34.88,Afternoon,Low,34.6,Clear,0,853,0.074,0.15,No Delay,35.03,4.27,37.31
T1612,A21,18-09-2025 00:16,12.71,19.07,Morning Peak,High,30.96,Fog,2,288,0.2439,4.34,Traffic,23.41,3.95,24.71
T1613,A30,29-09-2025 22:39,3.57,5.35,Night,Low,37.18,Clear,0,967,0.1599,-0.2,No Delay,5.15,1.35,8.06
T1614,A38,28-09-2025 15:10,16.97,25.45,Morning Peak,High,28.14,Rain,1,425,0.0672,5.99,Traffic,31.44,24.42,9.97
T1615,A16,08-09-2025 17:16,2.57,3.85,Night,Low,36.27,Storm,3,212,0.315,1.42,Weather,5.27,3.55,6.34
T1616,A50,20-09-2025 12:43,18.78,28.17,Evening Peak,High,23.21,Clear,0,971,0.2574,6.06,Traffic,34.23,24.66,16.91
T1617,A7,03-09-2025 07:58,12.74,19.11,Afternoon,High,31.94,Rain,1,397,0.2631,5.36,Traffic,24.47,15.24,16.84
T1618,A19,14-09-2025 10:47,24.76,37.14,Evening Peak,Medium,19.68,Clear,0,1024,0,16.64,Traffic,53.78,42.4,14.49
T1619,A26,17-09-2025 17:49,14.82,22.23,Night,Low,44.9,Clear,0,1046,0.0386,-0.12,No Delay,22.11,16.6,13.36
T1620,A50,14-09-2025 05:28,4.65,6.98,Afternoon,Low,46.25,Clear,0,935,0,-0.09,No Delay,6.89,0.11,12.36
T1621,A31,23-09-2025 11:54,11.41,17.12,Evening Peak,Medium,38.85,Fog,2,362,0.4022,4.83,Weather,21.95,12.46,13.49
T1622,A2,16-09-2025 01:41,10.7,16.05,Night,Low,44.35,Clear,0,830,0.0976,0.4,No Delay,16.45,3.51,17.14
T1623,A2,14-09-2025 12:32,17.45,26.17,Evening Peak,High,39.83,Clear,0,1006,0.2069,6.66,Traffic,32.83,1.58,33.94
T1624,A25,18-09-2025 02:56,14.88,22.32,Night,Low,39.97,Clear,0,931,0.0337,0.48,No Delay,22.8,8.13,21.12
T1625,A29,12-09-2025 05:11,26.29,39.44,Afternoon,Medium,56.18,Clear,0,899,0.0351,-1.54,No Delay,37.9,30.8,10.99
T1626,A44,16-09-2025 18:33,7.45,11.18,Night,Medium,29.32,Fog,2,381,0.1159,4.01,Weather,15.19,9.35,8.33
T1627,A44,24-09-2025 04:53,3.96,5.94,Morning Peak,Medium,36.82,Fog,2,326,0.2101,1.58,Weather,7.52,3.86,8.03
T1628,A32,10-09-2025 08:37,3.78,5.67,Night,Low,39.39,Fog,2,178,0.3488,1.56,Weather,7.23,4.44,6.19
T1629,A32,11-09-2025 10:33,6.36,9.54,Night,Low,54.27,Fog,2,354,0.3299,1.27,Weather,10.81,1.34,13.41
T1630,A46,16-09-2025 11:20,14.82,22.23,Night,Low,46.82,Rain,1,516,0.108,7.64,Weather,29.87,10.81,22.96
T1631,A32,17-09-2025 03:21,28.45,42.67,Evening Peak,Medium,34.72,Fog,2,301,0.0754,9.99,Weather,52.66,8.42,44.56
T1632,A7,14-09-2025 14:27,26.15,39.22,Afternoon,High,28.2,Storm,3,253,0.2988,6.62,Weather,45.84,40.13,10.1
T1633,A19,17-09-2025 15:43,27.36,41.04,Afternoon,High,32.63,Clear,0,981,0.2709,13.34,Traffic,54.38,47.77,14.01
T1634,A49,17-09-2025 04:57,8.98,13.47,Night,Medium,5,Fog,2,201,1.3352,5.71,Incident,19.18,16.02,8.86
T1635,A24,07-09-2025 11:51,4.21,6.31,Evening Peak,Low,34.68,Fog,2,349,0.4976,2.09,Weather,8.4,2.81,8.99
T1636,A4,18-09-2025 14:00,26.45,39.67,Afternoon,Low,50.01,Clear,0,808,0.0425,-0.58,No Delay,39.09,14.91,32.43
T1637,A11,03-09-2025 02:11,5.53,8.29,Afternoon,Low,43.74,Clear,0,922,0.0883,0.21,No Delay,8.5,4.95,8.82
T1638,A44,25-09-2025 22:31,17.98,26.97,Night,Medium,24.69,Storm,3,270,0.4532,10.49,Weather,37.46,8.25,30.85
T1639,A42,09-09-2025 15:13,19.37,29.05,Morning Peak,Low,57.76,Clear,0,896,0.1523,-0.13,No Delay,28.92,8.46,25.6
T1640,A7,01-09-2025 20:13,2.89,4.34,Night,Medium,44.54,Clear,0,812,0.1192,0.04,No Delay,4.38,3.8,8.11
T1641,A4,16-09-2025 16:28,29.77,44.66,Morning Peak,High,14.88,Rain,1,573,0.2777,16.86,Traffic,61.52,6.43,55.02
T1642,A31,05-09-2025 03:12,22.92,34.38,Night,High,16.84,Rain,1,526,0.6968,12.82,Incident,47.2,21.07,36.43
T1643,A36,15-09-2025 09:17,18.67,28.01,Morning Peak,High,31.41,Clear,0,925,0.2697,5.81,Traffic,33.82,16.59,22.22
T1644,A21,12-09-2025 10:29,13.7,20.55,Night,Low,50.46,Clear,0,817,0,-0.68,No Delay,19.87,9.54,15.16
T1645,A33,10-09-2025 07:17,16.06,24.09,Afternoon,Low,25.47,Storm,3,132,0.4634,8.16,Weather,32.25,23.51,15.89
T1646,A3,07-09-2025 19:08,7.01,10.51,Night,Low,59.34,Clear,0,766,0.0893,0.58,No Delay,11.09,9.56,5.82
T1647,A15,08-09-2025 00:50,21.84,32.76,Morning Peak,High,22.27,Clear,0,857,0.1306,11.6,Traffic,44.36,28.21,23.58
T1648,A33,25-09-2025 08:21,27.7,41.55,Morning Peak,Medium,22.82,Fog,2,296,0.5578,24.73,Incident,66.28,11.74,56.4
T1649,A3,05-09-2025 12:59,29.04,43.56,Afternoon,High,23.87,Clear,0,949,0.227,18.78,Traffic,62.34,40.71,22.84
T1650,A17,19-09-2025 06:15,11.48,17.22,Night,Medium,28.96,Rain,1,721,0.592,5.65,Weather,22.87,15.26,13.27
T1651,A41,16-09-2025 14:10,7.32,10.98,Morning Peak,High,30.53,Clear,0,868,0.1128,5.55,Traffic,16.53,12.55,11.6
T1652,A17,09-09-2025 09:08,5.78,8.67,Morning Peak,Low,39.6,Clear,0,868,0.069,-0.32,No Delay,8.35,1.84,13.99
T1653,A27,09-09-2025 09:23,28.14,42.21,Night,Low,44.19,Clear,0,943,0.0188,0.18,No Delay,42.39,31.23,14.08
T1654,A4,20-09-2025 08:13,16.68,25.02,Night,Medium,48.9,Clear,0,832,0,0.67,No Delay,25.69,20.22,7.87
T1655,A20,22-09-2025 19:31,5.19,7.79,Morning Peak,Low,39.91,Clear,0,1084,0,-0.23,No Delay,7.56,4.51,8.29
T1656,A28,05-09-2025 11:06,10.54,15.81,Morning Peak,High,23.21,Clear,0,912,0.2027,7.86,Traffic,23.67,14.38,17.39
T1657,A30,14-09-2025 05:39,12.46,18.69,Afternoon,Low,37.46,Clear,0,857,0,-0.56,No Delay,18.13,5.06,18.33
T1658,A4,11-09-2025 16:54,23.92,35.88,Afternoon,Low,51.3,Clear,0,867,0.1475,1.02,No Delay,36.9,18.45,27.75
T1659,A5,10-09-2025 09:22,5.2,7.8,Morning Peak,Low,41.86,Clear,0,970,0.189,0.01,No Delay,7.81,1.53,8.94
T1660,A17,11-09-2025 01:17,27.44,41.16,Morning Peak,High,25.58,Rain,1,474,1.1743,24.62,Incident,65.78,17.92,49.21
T1661,A25,22-09-2025 00:52,18.4,27.6,Evening Peak,High,14.59,Rain,1,536,1.2181,14.51,Incident,42.11,34.99,14.27
T1662,A10,27-09-2025 11:24,24,36,Afternoon,Low,40.48,Clear,0,844,0.0514,-0.76,No Delay,35.24,6.21,34.22
T1663,A40,23-09-2025 18:20,19.6,29.4,Morning Peak,High,12.3,Rain,1,580,0.3529,10.58,Traffic,39.98,16.76,30.61
T1664,A19,02-09-2025 05:37,27.82,41.73,Night,High,28.12,Clear,0,1002,0.1707,17.54,Traffic,59.27,35.79,29.23
T1665,A36,03-09-2025 20:02,15.89,23.84,Morning Peak,High,40.44,Storm,3,229,0.1564,4.6,Weather,28.44,10.19,22.86
T1666,A33,20-09-2025 08:52,14.58,21.87,Evening Peak,High,14.84,Rain,1,790,0.2435,6.73,Traffic,28.6,24.66,10.63
T1667,A38,19-09-2025 23:09,22.03,33.05,Morning Peak,High,26.91,Clear,0,823,0.5227,9.62,Traffic,42.67,3.12,46.27
T1668,A23,12-09-2025 15:43,4.62,6.93,Afternoon,Low,55.41,Clear,0,809,0.1845,0.37,No Delay,7.3,4.24,9.75
T1669,A12,06-09-2025 18:12,3.2,4.8,Morning Peak,Medium,17.96,Clear,0,925,1.0715,2.55,Incident,7.35,6.53,6.78
T1670,A33,27-09-2025 16:04,16.73,25.09,Night,High,46.64,Rain,1,487,0.2427,3.41,Weather,28.5,20.7,12.77
T1671,A40,13-09-2025 15:18,8.76,13.14,Evening Peak,High,36.23,Clear,0,1033,0.2314,5.92,Traffic,19.06,2.86,25.22
T1672,A21,09-09-2025 05:20,8.91,13.37,Morning Peak,Medium,27.12,Clear,0,1065,0.7074,8.26,Traffic,21.63,1.79,25.77
T1673,A5,21-09-2025 20:08,9.71,14.57,Evening Peak,Medium,23.49,Rain,1,561,1.1457,8.36,Incident,22.93,14.69,10.47
T1674,A49,23-09-2025 21:15,15.95,23.93,Evening Peak,High,5,Fog,2,289,1.2118,11.77,Incident,35.7,12.7,26.21
T1675,A4,26-09-2025 14:15,6.28,9.42,Night,High,45.54,Storm,3,93,0.2788,1.6,Weather,11.02,3.28,12.93
T1676,A8,02-09-2025 12:15,18.64,27.96,Evening Peak,High,41.48,Rain,1,682,0.3024,8.1,Traffic,36.06,11.67,30.25
T1677,A17,13-09-2025 23:55,6.6,9.9,Night,Low,51.4,Clear,0,923,0.0573,0.24,No Delay,10.14,4.57,9.26
T1678,A20,21-09-2025 00:20,2.31,3.47,Afternoon,Medium,34.58,Storm,3,115,0.1912,0.69,Weather,4.16,0.06,6.74
T1679,A35,10-09-2025 23:36,25.32,37.98,Afternoon,Medium,28.07,Clear,0,874,0.2874,16.57,Traffic,54.55,17.72,42.15
T1680,A19,02-09-2025 14:54,10.64,15.96,Night,High,20.58,Clear,0,924,1.4412,4.49,Incident,20.45,4.96,18.62
T1681,A42,07-09-2025 14:57,20.7,31.05,Afternoon,High,21.12,Storm,3,184,0.4092,13.92,Weather,44.97,19.3,29.6
T1682,A49,27-09-2025 00:51,18,27,Evening Peak,Low,50.68,Clear,0,997,0,-0.31,No Delay,26.69,18.98,13.35
T1683,A34,15-09-2025 09:32,27.43,41.14,Night,Medium,15.17,Fog,2,196,0.5592,25.14,Incident,66.28,52.14,17.31
T1684,A45,09-09-2025 21:06,10.64,15.96,Morning Peak,Low,46.16,Fog,2,262,0.4952,5.54,Weather,21.5,14.11,9.59
T1685,A35,07-09-2025 17:49,11.97,17.96,Morning Peak,High,20.06,Storm,3,239,0.8531,5.32,Incident,23.28,6.11,21.42
T1686,A14,18-09-2025 01:26,25.86,38.79,Afternoon,Low,35.22,Clear,0,777,0.1571,1.46,No Delay,40.25,13.7,30.81
T1687,A4,24-09-2025 14:39,5.7,8.55,Night,Low,40.16,Clear,0,959,0.1123,-0.25,No Delay,8.3,5.21,10.22
T1688,A25,11-09-2025 18:49,27.95,41.92,Night,Medium,53.07,Clear,0,980,0,2.2,No Delay,44.12,18.59,27.71
T1689,A46,01-09-2025 16:11,11.29,16.93,Morning Peak,Low,59.62,Clear,0,1002,0.1296,0.82,No Delay,17.75,15.72,4.7
T1690,A8,22-09-2025 20:34,20.05,30.07,Evening Peak,High,13.91,Rain,1,727,1.0851,12.15,Incident,42.22,10.83,34.77
T1691,A8,05-09-2025 15:52,20.03,30.05,Night,Low,45.91,Clear,0,915,0.1385,-0.64,No Delay,29.41,11.24,21.43
T1692,A5,12-09-2025 11:36,20.55,30.83,Evening Peak,High,27.18,Clear,0,1027,0.2691,10.2,Traffic,41.03,32.89,13.23
T1693,A50,06-09-2025 05:51,25.82,38.73,Morning Peak,High,23.84,Clear,0,821,0.1801,6.98,Traffic,45.71,18.45,29.74
T1694,A44,26-09-2025 01:04,21.12,31.68,Morning Peak,Low,20.39,Fog,2,277,0.3309,13.7,Weather,45.38,4.03,44.58
T1695,A10,30-09-2025 14:03,12.75,19.12,Night,Medium,38.7,Rain,1,571,0.1954,3.74,Weather,22.86,13.37,11.36
T1696,A14,10-09-2025 04:42,14.56,21.84,Afternoon,High,18.81,Fog,2,188,1.3579,9.89,Incident,31.73,25.67,13
T1697,A2,11-09-2025 15:31,12.5,18.75,Morning Peak,High,20.97,Clear,0,742,0.1221,8.62,Traffic,27.37,7.25,23.52
T1698,A29,09-09-2025 18:40,25.84,38.76,Afternoon,High,24.49,Clear,0,956,0.2517,17.8,Traffic,56.56,8.52,58.72
T1699,A31,24-09-2025 19:57,8.29,12.43,Afternoon,Low,61.06,Clear,0,937,0.0573,-0.12,No Delay,12.31,5.89,12.18
T1700,A7,17-09-2025 05:08,7.26,10.89,Morning Peak,High,18.96,Clear,0,951,0.2497,4.94,Traffic,15.83,5.96,14.12
T1701,A20,10-09-2025 14:18,14.14,21.21,Evening Peak,High,28.88,Clear,0,861,0.5804,10.86,Traffic,32.07,12.5,24.24
T1702,A21,02-09-2025 14:39,15.93,23.89,Evening Peak,Medium,32.12,Storm,3,276,0.4611,7.29,Weather,31.18,7.28,25.23
T1703,A28,18-09-2025 04:59,17.47,26.2,Night,Medium,42.78,Clear,0,805,0.1295,-0.12,No Delay,26.08,3.12,27.8
T1704,A47,11-09-2025 02:18,11.39,17.09,Night,Low,49.75,Clear,0,968,0.0432,-0.07,No Delay,17.02,4.71,18.25
T1705,A36,23-09-2025 17:36,23.6,35.4,Afternoon,Medium,37.17,Rain,1,765,0.3803,5.63,Weather,41.03,30.28,14.36
T1706,A29,03-09-2025 13:32,24.8,37.2,Afternoon,Medium,27.53,Clear,0,981,0.4128,11.89,Traffic,49.09,30.14,19.63
T1707,A35,05-09-2025 05:16,15.07,22.61,Afternoon,High,35,Clear,0,971,0.3738,8.67,Traffic,31.28,6.36,28.7
T1708,A30,04-09-2025 08:02,22.31,33.46,Afternoon,Low,17.62,Fog,2,202,0.3361,11.96,Weather,45.42,33.39,16.22
T1709,A39,23-09-2025 02:29,25.14,37.71,Night,Low,47.4,Storm,3,109,0.3332,11.54,Weather,49.25,27.13,30.14
T1710,A1,20-09-2025 22:50,20.94,31.41,Evening Peak,High,7.91,Fog,2,230,1.1236,11.46,Incident,42.87,5.64,42.82
T1711,A4,05-09-2025 04:23,26.48,39.72,Night,Medium,55.79,Clear,0,896,0.2148,1.15,No Delay,40.87,18.32,23.41
T1712,A31,08-09-2025 04:06,29.85,44.78,Afternoon,Medium,38.84,Fog,2,187,0.3424,4.59,Weather,49.37,4,56.66
T1713,A37,13-09-2025 00:16,7.72,11.58,Evening Peak,Medium,46.8,Fog,2,363,0.3119,3.1,Weather,14.68,5.26,16.37
T1714,A9,24-09-2025 06:43,2.75,4.12,Afternoon,Medium,26.57,Fog,2,344,0.1278,1.71,Weather,5.83,0.91,11.15
T1715,A37,14-09-2025 12:42,23.53,35.3,Morning Peak,High,19.51,Clear,0,777,0.1001,8.14,Traffic,43.44,29.85,16.88
T1716,A19,11-09-2025 11:47,13.99,20.98,Night,Low,42.73,Clear,0,951,0,0.9,No Delay,21.88,2.79,23.69
T1717,A36,25-09-2025 13:29,11.31,16.96,Afternoon,Medium,21.8,Rain,1,511,0.1017,5.58,Traffic,22.54,13.89,15.7
T1718,A26,02-09-2025 18:58,23.29,34.93,Morning Peak,High,17.15,Storm,3,199,1.3367,15,Incident,49.93,1.8,52.46
T1719,A34,09-09-2025 13:50,12.82,19.23,Afternoon,Low,35.13,Clear,0,935,0.1406,0.24,No Delay,19.47,7.06,16.89
T1720,A28,12-09-2025 06:02,26.25,39.38,Evening Peak,High,11.02,Rain,1,547,1.2835,15.36,Incident,54.74,22.9,36.15
T1721,A1,02-09-2025 15:58,20.82,31.23,Evening Peak,Medium,24.94,Clear,0,907,0.4591,16.07,Traffic,47.3,18.15,36.89
T1722,A35,16-09-2025 22:01,22.96,34.44,Afternoon,High,15.46,Fog,2,270,0.7567,10.04,Incident,44.48,37.12,9.82
T1723,A1,21-09-2025 10:14,13,19.5,Evening Peak,High,35.47,Rain,1,536,0.1538,6.8,Traffic,26.3,10.04,17.91
T1724,A12,10-09-2025 04:01,16.1,24.15,Afternoon,Low,31.66,Fog,2,166,0.2134,3.51,Weather,27.66,6.65,25.59
T1725,A3,21-09-2025 14:07,24.18,36.27,Evening Peak,High,27.73,Clear,0,847,0.1698,18.26,Traffic,54.53,33.28,28.59
T1726,A2,09-09-2025 19:48,19.54,29.31,Morning Peak,High,31.28,Clear,0,1029,0.1592,6.36,Incident,35.67,11.21,29.72
T1727,A2,26-09-2025 04:39,8.6,12.9,Night,Low,50.64,Clear,0,746,0.0922,0.59,No Delay,13.49,1,19.33
T1728,A12,12-09-2025 23:10,5.86,8.79,Evening Peak,Medium,30.62,Clear,0,786,1.0626,4.23,Incident,13.02,4.25,16.46
T1729,A30,27-09-2025 13:00,19.89,29.84,Morning Peak,Medium,46.48,Fog,2,176,0.4241,3.31,Weather,33.15,22.55,14.73
T1730,A27,03-09-2025 09:52,20.23,30.35,Night,High,23.95,Rain,1,400,0.8467,9.51,Incident,39.86,3.63,39.61
T1731,A3,08-09-2025 23:46,15.77,23.66,Morning Peak,Low,30.41,Storm,3,92,0.2393,8.02,Weather,31.68,1.2,38.61
T1732,A12,02-09-2025 01:33,19.89,29.84,Afternoon,High,23.39,Clear,0,769,1.1241,11.21,Incident,41.05,8.6,39.33
T1733,A30,08-09-2025 11:06,29.73,44.59,Night,Low,36.51,Clear,0,743,0.1248,1.51,No Delay,46.1,8.3,49.33
T1734,A6,04-09-2025 16:19,23.72,35.58,Evening Peak,High,18.34,Fog,2,136,0.7732,15.59,Incident,51.17,3.86,52.59
T1735,A4,18-09-2025 20:27,18.25,27.38,Morning Peak,High,44.53,Storm,3,231,0.2412,4.41,Weather,31.79,21.85,13.13
T1736,A48,30-09-2025 05:43,13.59,20.38,Evening Peak,High,21.67,Fog,2,226,0.2475,7.81,Traffic,28.19,8.18,23.69
T1737,A45,14-09-2025 20:06,22.63,33.95,Afternoon,High,36.34,Storm,3,237,0.1968,11.35,Weather,45.3,27.13,28.41
T1738,A9,27-09-2025 08:02,24.72,37.08,Morning Peak,High,27.18,Storm,3,252,0.3049,15.53,Weather,52.61,16.77,43.44
T1739,A1,11-09-2025 20:26,11.12,16.68,Morning Peak,High,17.58,Clear,0,899,0.35,4.78,Traffic,21.46,1.52,26.34
T1740,A2,12-09-2025 13:45,12.62,18.93,Morning Peak,High,33.29,Clear,0,916,0.093,9.63,Incident,28.56,4.74,26.84
T1741,A44,08-09-2025 14:32,10.92,16.38,Afternoon,Low,43.62,Clear,0,920,0.0608,-0.31,No Delay,16.07,0.01,17.13
T1742,A38,08-09-2025 23:20,9.45,14.17,Evening Peak,High,20.84,Fog,2,347,1.2957,7.82,Incident,21.99,7.84,22.15
T1743,A48,03-09-2025 17:10,9.22,13.83,Morning Peak,Low,25.77,Storm,3,116,0.4141,2.9,Weather,16.73,8.81,15.55
T1744,A14,10-09-2025 02:35,29.64,44.46,Afternoon,Low,29.74,Fog,2,370,0.4562,13.4,Weather,57.86,8.45,54.68
T1745,A6,07-09-2025 13:30,16.38,24.57,Evening Peak,High,25.98,Clear,0,780,0.1406,11.28,Traffic,35.85,24.02,19.07
T1746,A28,22-09-2025 23:59,16.28,24.42,Afternoon,Low,41.38,Clear,0,834,0.0972,0.98,No Delay,25.4,17.39,13.46
T1747,A11,30-09-2025 15:39,3,4.5,Afternoon,Low,34.11,Storm,3,225,0.0763,1.27,Weather,5.77,2.13,8.92
T1748,A29,27-09-2025 03:20,21.28,31.92,Evening Peak,High,27.94,Clear,0,784,0.1743,7.02,Traffic,38.94,31.78,9.85
T1749,A50,16-09-2025 19:17,9.57,14.36,Evening Peak,High,6.91,Clear,0,896,1.3387,7.17,Incident,21.53,13.32,15.93
T1750,A50,15-09-2025 11:19,11.02,16.53,Afternoon,Low,35.62,Clear,0,948,0.1979,-0.64,No Delay,15.89,1.58,21.34
T1751,A22,29-09-2025 08:53,27.38,41.07,Evening Peak,High,14.89,Fog,2,363,0.9513,17.39,Traffic,58.46,18.88,51.25
T1752,A49,22-09-2025 22:30,27.57,41.36,Morning Peak,High,10.57,Storm,3,213,0.7454,20.03,Incident,61.39,13.7,53.54
T1753,A1,02-09-2025 14:56,12.98,19.47,Night,Low,50.22,Clear,0,995,0.0707,0.2,No Delay,19.67,2.86,24.92
T1754,A35,25-09-2025 04:25,16.68,25.02,Night,Medium,37.93,Fog,2,250,0.4349,7.18,Weather,32.2,28.46,8.16
T1755,A50,01-09-2025 03:32,19.22,28.83,Afternoon,Medium,42.42,Clear,0,862,0.0353,-1.03,No Delay,27.8,24.68,10.42
T1756,A27,16-09-2025 08:24,23.29,34.93,Night,Low,34.07,Clear,0,959,0.1589,-0.23,No Delay,34.7,12.67,30.63
T1757,A29,02-09-2025 18:55,17.97,26.95,Evening Peak,High,20.78,Rain,1,520,0.2203,8.84,Traffic,35.79,13.99,26.32
T1758,A5,13-09-2025 07:47,4.24,6.36,Night,Low,57.89,Clear,0,878,0.0635,0.32,No Delay,6.68,5.21,7.69
T1759,A37,08-09-2025 05:05,15.77,23.66,Morning Peak,High,22.65,Fog,2,143,0.0483,7.98,Traffic,31.64,28.47,7.34
T1760,A31,16-09-2025 16:58,20.64,30.96,Morning Peak,Low,53.81,Clear,0,979,0,1.77,No Delay,32.73,19.87,16.04
T1761,A2,28-09-2025 18:16,12.87,19.3,Evening Peak,High,25.57,Clear,0,883,0.2909,5.29,Traffic,24.59,16.18,15.33
T1762,A47,16-09-2025 18:33,24.79,37.19,Evening Peak,High,22.6,Rain,1,515,1.1916,15.85,Incident,53.04,21.69,34.99
T1763,A43,13-09-2025 10:45,28.05,42.08,Evening Peak,Medium,43.97,Fog,2,339,0.3932,15.62,Weather,57.7,43.22,22.3
T1764,A49,23-09-2025 20:33,23.66,35.49,Morning Peak,High,39.96,Rain,1,454,0.331,18.15,Traffic,53.64,31.08,28.99
T1765,A13,08-09-2025 08:36,10.49,15.73,Night,High,10.46,Rain,1,634,1.2983,4.75,Incident,20.48,6.22,16.07
T1766,A37,26-09-2025 19:32,10.59,15.88,Afternoon,High,16.65,Clear,0,935,1.2798,8.12,Incident,24,0.06,30.28
T1767,A1,26-09-2025 19:16,21.15,31.72,Evening Peak,Medium,48.39,Fog,2,283,0.2154,13.5,Weather,45.22,18.15,31.13
T1768,A25,06-09-2025 00:36,21.08,31.62,Night,High,42.09,Clear,0,869,0.2274,9.05,Traffic,40.67,18.97,28.33
T1769,A45,04-09-2025 01:06,26.42,39.63,Evening Peak,Medium,12.55,Clear,0,894,0.683,13.11,Incident,52.74,20.55,37.37
T1770,A13,16-09-2025 13:17,5.1,7.65,Evening Peak,High,31.26,Clear,0,913,0,2.09,Traffic,9.74,4.94,9.62
T1771,A10,06-09-2025 08:01,7.01,10.51,Evening Peak,High,8.75,Fog,2,358,0.7434,4.14,Incident,14.65,8.95,10.81
T1772,A34,21-09-2025 21:25,11.03,16.54,Afternoon,High,24.03,Clear,0,919,0.9849,6.09,Incident,22.63,7.24,20.96
T1773,A43,13-09-2025 14:14,10.3,15.45,Night,Low,19.39,Fog,2,340,0.3532,2.03,Weather,17.48,1.27,21.34
T1774,A9,18-09-2025 16:43,18.18,27.27,Afternoon,Low,45.7,Clear,0,764,0.1138,0.91,No Delay,28.18,10.02,24.23
T1775,A39,10-09-2025 04:20,24.12,36.18,Morning Peak,High,29.76,Clear,0,932,0.3851,15.17,Traffic,51.35,32.42,24.43
T1776,A7,14-09-2025 23:27,16.76,25.14,Morning Peak,Medium,15.6,Clear,0,770,0.8974,15.66,Incident,40.8,31.84,16.01
T1777,A30,07-09-2025 19:48,19.76,29.64,Night,Low,43.15,Clear,0,849,0,0.95,No Delay,30.59,18.89,16.17
T1778,A47,28-09-2025 07:45,18.4,27.6,Morning Peak,Medium,34.71,Clear,0,956,0.1046,5.93,Traffic,33.53,14.23,26.98
T1779,A5,22-09-2025 09:18,17.78,26.67,Morning Peak,Medium,34.31,Clear,0,914,0.2832,12.03,Traffic,38.7,24.84,14.83
T1780,A10,16-09-2025 21:18,15.58,23.37,Evening Peak,Low,37.72,Fog,2,294,0.3985,10,Weather,33.37,28.53,12.13
T1781,A41,08-09-2025 05:51,4.41,6.62,Evening Peak,Low,32.64,Storm,3,250,0.4336,1.47,Weather,8.09,4.36,12.01
T1782,A32,07-09-2025 11:51,24.48,36.72,Afternoon,High,32.01,Fog,2,146,0.2538,4.59,Weather,41.31,18.11,24.25
T1783,A29,15-09-2025 06:46,16.37,24.55,Evening Peak,High,12.29,Rain,1,479,0.8615,11.92,Incident,36.47,8.67,29.65
T1784,A6,10-09-2025 09:41,23.67,35.51,Afternoon,Medium,38.36,Storm,3,108,0.478,9.29,Weather,44.8,18.08,29.39
T1785,A44,01-09-2025 15:58,22.98,34.47,Morning Peak,High,18.37,Clear,0,976,0.4214,14.43,Traffic,48.9,0.17,58.34
T1786,A26,05-09-2025 06:21,29.12,43.68,Night,Low,42.52,Clear,0,924,0,-1.24,No Delay,42.44,34.13,16.05
T1787,A28,15-09-2025 03:51,2.54,3.81,Night,Medium,30.57,Clear,0,887,0.2324,1.14,Traffic,4.95,3.56,8.93
T1788,A48,10-09-2025 10:47,3.43,5.15,Night,Low,41.4,Clear,0,975,0.2055,0.07,No Delay,5.22,2.13,8.92
T1789,A2,05-09-2025 09:37,27.68,41.52,Morning Peak,Medium,23.34,Rain,1,732,0.1061,18.77,Incident,60.29,10.72,48.24
T1790,A9,18-09-2025 05:08,8.91,13.37,Morning Peak,High,44.36,Clear,0,856,0.1885,4.22,Traffic,17.59,13.71,7.01
T1791,A48,20-09-2025 20:40,7.87,11.8,Night,High,21.93,Clear,0,856,0.9658,3.45,Incident,15.25,12.65,9.72
T1792,A16,01-09-2025 10:58,10.17,15.25,Afternoon,Medium,34.56,Clear,0,915,0.2268,5.96,Traffic,21.21,2.9,23.89
T1793,A13,04-09-2025 01:51,6.78,10.17,Evening Peak,Medium,39.66,Fog,2,282,0.302,4.55,Weather,14.72,5.05,11.4
T1794,A18,02-09-2025 04:55,3.5,5.25,Afternoon,Low,43.4,Clear,0,930,0.0209,0.01,No Delay,5.26,0.37,8.26
T1795,A9,17-09-2025 22:16,14.03,21.05,Evening Peak,High,25.32,Clear,0,874,0.217,9.4,Traffic,30.45,23.61,11.75
T1796,A47,14-09-2025 01:40,18.89,28.34,Morning Peak,Medium,33.24,Rain,1,600,0.1251,12.68,Traffic,41.02,23.06,20.58
T1797,A31,25-09-2025 16:14,6.13,9.2,Night,Low,40.73,Clear,0,877,0.0185,-0.29,No Delay,8.91,0.33,10.63
T1798,A9,06-09-2025 13:09,20.19,30.29,Afternoon,Low,45.1,Clear,0,802,0.1921,0.53,No Delay,30.82,13.69,20.15
T1799,A46,01-09-2025 00:26,24.47,36.7,Night,High,21.19,Fog,2,334,0.3191,4.55,Weather,41.25,9.87,35.96
T1800,A13,25-09-2025 12:38,9.57,14.36,Morning Peak,Medium,28.89,Rain,1,421,0.3434,2.97,Traffic,17.33,8.39,12.58
T1801,A26,06-09-2025 00:16,8.01,12.01,Afternoon,High,27.84,Clear,0,934,0.2746,5.05,Traffic,17.06,7.2,17.62
T1802,A49,03-09-2025 01:20,28.53,42.8,Morning Peak,High,21.66,Clear,0,847,0.3316,19.19,Traffic,61.99,12.78,52.75
T1803,A7,29-09-2025 08:19,7.9,11.85,Afternoon,Low,43.18,Clear,0,909,0,0.69,No Delay,12.54,6.59,12.2
T1804,A42,29-09-2025 10:45,10.66,15.99,Morning Peak,High,7.47,Clear,0,891,1.19,7.85,Incident,23.84,19.49,7.49
T1805,A42,17-09-2025 18:23,14.16,21.24,Morning Peak,Low,48.96,Clear,0,916,0.0905,0.36,No Delay,21.6,15.3,12.66
T1806,A15,06-09-2025 20:37,14.9,22.35,Afternoon,Low,42.24,Clear,0,924,0,1.08,No Delay,23.43,2.4,24.37
T1807,A39,22-09-2025 22:35,12.05,18.08,Evening Peak,Low,44.49,Clear,0,841,0,0.99,No Delay,19.07,17.09,5.96
T1808,A33,05-09-2025 21:28,20.69,31.04,Evening Peak,High,20.62,Clear,0,945,0.1816,7.45,Traffic,38.49,25.51,18.24
T1809,A43,28-09-2025 17:18,29.59,44.38,Night,Low,47.17,Clear,0,851,0.0268,-1.63,No Delay,42.75,16.98,25.82
T1810,A15,13-09-2025 02:18,26.67,40.01,Morning Peak,Low,33.3,Fog,2,240,0.2553,16.32,Weather,56.33,14.82,50.06
T1811,A30,23-09-2025 00:03,27.75,41.62,Evening Peak,High,18.1,Clear,0,757,0.5972,24.61,Incident,66.23,4.24,68.86
T1812,A32,29-09-2025 08:46,13.42,20.13,Evening Peak,High,32.28,Clear,0,1031,0.3658,4.35,Traffic,24.48,14.9,13.5
T1813,A26,20-09-2025 13:37,24.92,37.38,Night,High,44.88,Rain,1,747,0.4833,13.84,Weather,51.22,21.77,34.31
T1814,A31,06-09-2025 04:46,21.21,31.82,Night,High,21.11,Fog,2,301,0.6586,14.15,Incident,45.97,2.96,46.59
T1815,A3,21-09-2025 12:33,16.53,24.8,Night,Low,28.48,Fog,2,300,0.3626,11.13,Weather,35.93,11.44,28.6
T1816,A48,17-09-2025 21:13,19.81,29.71,Morning Peak,High,25.25,Fog,2,241,0.2221,13.49,Traffic,43.2,4.57,39.21
T1817,A46,08-09-2025 06:13,4.93,7.39,Night,High,7.93,Rain,1,625,0.9039,2.11,Incident,9.5,0.01,13.92
T1818,A6,29-09-2025 09:17,26.72,40.08,Evening Peak,High,26.72,Clear,0,1011,0.3353,18,Traffic,58.08,5.12,56.35
T1819,A30,08-09-2025 03:40,6.38,9.57,Morning Peak,Medium,30.58,Rain,1,533,0.1261,4.34,Traffic,13.91,1.51,16.49
T1820,A7,22-09-2025 16:18,19.35,29.03,Morning Peak,Medium,24.08,Rain,1,618,0.1718,12.42,Traffic,41.45,26.98,15.8
T1821,A40,17-09-2025 18:11,17.12,25.68,Afternoon,Medium,59.89,Clear,0,737,0.0926,-1.01,No Delay,24.67,1.78,26.57
T1822,A37,07-09-2025 02:14,12.23,18.35,Morning Peak,Medium,28.33,Clear,0,922,0.2351,9.37,Traffic,27.72,16.01,19.75
T1823,A16,19-09-2025 05:49,14.06,21.09,Evening Peak,Medium,28.79,Rain,1,625,0.3746,3.39,Weather,24.48,14.43,13.74
T1824,A2,23-09-2025 15:19,4.17,6.25,Afternoon,Low,53.05,Clear,0,958,0.0248,0,No Delay,6.25,0.98,8.48
T1825,A50,11-09-2025 22:18,2.75,4.12,Afternoon,High,18.06,Clear,0,977,1.4044,2.54,Incident,6.66,1.12,8.47
T1826,A15,26-09-2025 01:19,9.04,13.56,Morning Peak,High,21.01,Rain,1,635,0.4184,4.04,Traffic,17.6,2.1,19.15
T1827,A3,20-09-2025 10:56,9.08,13.62,Evening Peak,Low,53.54,Clear,0,923,0,0.29,No Delay,13.91,6.65,12.29
T1828,A8,11-09-2025 17:29,13.86,20.79,Evening Peak,High,20.37,Clear,0,979,0.7173,10.27,Incident,31.06,1.91,29.05
T1829,A36,28-09-2025 22:48,9.98,14.97,Afternoon,Low,26.01,Storm,3,92,0,5.56,Weather,20.53,12.88,15.82
T1830,A32,06-09-2025 12:50,24.53,36.8,Morning Peak,Medium,19.67,Clear,0,794,0.349,11.15,Traffic,47.95,2.86,54.31
T1831,A41,12-09-2025 16:29,5.53,8.29,Afternoon,Low,35.99,Clear,0,849,0.1358,0.01,No Delay,8.3,6.44,5.3
T1832,A34,04-09-2025 08:26,16.72,25.08,Evening Peak,High,29.01,Rain,1,413,0.0748,12.2,Traffic,37.28,32.85,8.78
T1833,A33,16-09-2025 04:16,11.74,17.61,Morning Peak,Medium,18.96,Rain,1,688,1.0803,9.94,Incident,27.55,22.9,11.78
T1834,A31,05-09-2025 08:12,24.91,37.37,Night,Low,47.1,Clear,0,951,0.0142,-1.4,No Delay,35.97,22.6,15.22
T1835,A30,02-09-2025 06:16,17.79,26.68,Afternoon,High,25.69,Rain,1,596,0.2309,6.07,Traffic,32.75,1.46,31.82
T1836,A46,30-09-2025 01:39,28.85,43.28,Afternoon,Medium,8.96,Rain,1,596,0.7054,17.44,Incident,60.72,1.05,67.83
T1837,A46,16-09-2025 19:11,12.04,18.06,Evening Peak,High,18.89,Rain,1,481,0.2317,6.92,Traffic,24.98,2.42,27.66
T1838,A26,27-09-2025 10:02,18.55,27.82,Afternoon,High,24.1,Clear,0,904,0.3363,5.76,Traffic,33.58,21.18,19.39
T1839,A17,26-09-2025 12:04,14.4,21.6,Morning Peak,High,16.3,Rain,1,582,0.0711,5.08,Traffic,26.68,22.61,11.74
T1840,A8,05-09-2025 04:13,20.65,30.97,Evening Peak,Low,33.95,Storm,3,205,0.3758,7.21,Weather,38.18,20.69,19.82
T1841,A22,14-09-2025 22:54,5.48,8.22,Afternoon,Low,30.33,Fog,2,341,0.3275,3.25,Weather,11.47,1.43,13.68
T1842,A41,02-09-2025 22:22,11.05,16.57,Afternoon,Low,51.89,Clear,0,942,0.0032,-0.59,No Delay,15.98,7.02,15.69
T1843,A12,13-09-2025 18:49,24.15,36.23,Evening Peak,Medium,35.56,Clear,0,972,0.1295,7.01,Traffic,43.24,5.06,43.94
T1844,A18,18-09-2025 20:25,15.47,23.21,Morning Peak,High,14.97,Clear,0,1039,0.5867,10.62,Incident,33.83,13.6,28.03
T1845,A35,22-09-2025 10:16,2.46,3.69,Morning Peak,High,17.92,Rain,1,634,0.3254,1.34,Traffic,5.03,2.21,7.15
T1846,A12,22-09-2025 21:32,18.05,27.08,Morning Peak,High,20.55,Clear,0,915,0.2037,6.83,Traffic,33.91,9.63,34.62
T1847,A24,14-09-2025 04:54,20.2,30.3,Afternoon,Medium,13.25,Fog,2,189,1.0343,15.37,Incident,45.67,38.25,11.33
T1848,A43,30-09-2025 03:02,17.57,26.36,Evening Peak,High,5,Rain,1,531,0.9248,7.47,Incident,33.83,25.3,14
T1849,A12,19-09-2025 18:27,16.35,24.53,Morning Peak,High,26.02,Fog,2,180,0.4103,13.06,Incident,37.59,22.69,20.59
T1850,A50,18-09-2025 00:43,24.98,37.47,Afternoon,Medium,35.74,Rain,1,638,0.2406,13.42,Weather,50.89,13.46,43.78
T1851,A45,25-09-2025 01:27,8.96,13.44,Morning Peak,Medium,19.48,Storm,3,228,0.4844,4.31,Incident,17.75,11.6,10.22
T1852,A30,12-09-2025 14:41,19.87,29.8,Evening Peak,High,19.27,Rain,1,518,0.952,13.28,Incident,43.08,1.14,50.13
T1853,A2,20-09-2025 19:13,5.01,7.51,Afternoon,High,28.57,Fog,2,282,0.0403,2.85,No Delay,10.36,8.77,6.06
T1854,A43,26-09-2025 12:04,22.99,34.48,Afternoon,High,11.35,Fog,2,372,1.0908,15.46,Incident,49.94,15.01,38.02
T1855,A4,16-09-2025 08:23,9.32,13.98,Morning Peak,Medium,31.06,Fog,2,204,0.4332,4.6,Weather,18.58,3.93,23.05
T1856,A4,25-09-2025 01:25,8.37,12.55,Night,High,9.98,Rain,1,615,0.5245,5.45,Incident,18,2.66,17.19
T1857,A39,08-09-2025 16:01,18.87,28.3,Night,Low,47.33,Clear,0,817,0.1161,1.13,No Delay,29.43,2.47,34.08
T1858,A49,13-09-2025 04:31,28.06,42.09,Evening Peak,High,24.66,Fog,2,334,0.3491,16.9,Incident,58.99,0.75,57.31
T1859,A10,25-09-2025 15:38,21.14,31.71,Evening Peak,Medium,29.67,Clear,0,899,0.2736,15.43,Traffic,47.14,14.14,32.71
T1860,A41,16-09-2025 04:22,17.56,26.34,Morning Peak,Medium,36.39,Clear,0,858,0.0796,6.6,Traffic,32.94,3.53,32.11
T1861,A22,14-09-2025 18:19,9.22,13.83,Morning Peak,High,32.38,Rain,1,423,0.338,7.16,Traffic,20.99,2.5,29.07
T1862,A18,16-09-2025 11:16,19.53,29.3,Afternoon,Medium,39.19,Storm,3,260,0.418,8.46,Weather,37.76,15.22,27.78
T1863,A49,30-09-2025 08:57,8.59,12.88,Night,Medium,56.96,Clear,0,905,0,0.65,No Delay,13.53,5.33,10.87
T1864,A1,29-09-2025 16:18,3.28,4.92,Night,Medium,33.51,Storm,3,144,0.384,1.65,Weather,6.57,1.11,9.1
T1865,A36,10-09-2025 18:32,13.93,20.89,Morning Peak,High,20.46,Clear,0,813,0.2825,7.89,Traffic,28.78,21.12,12.88
T1866,A28,19-09-2025 01:07,19.59,29.39,Afternoon,Low,42.71,Storm,3,138,0.4775,3.97,Weather,33.36,3.14,33.66
T1867,A31,02-09-2025 00:00,13.74,20.61,Afternoon,High,26.16,Clear,0,801,0.1883,6.17,Traffic,26.78,3.26,29.21
T1868,A50,28-09-2025 19:22,25.35,38.03,Afternoon,Low,51.77,Clear,0,866,0.0981,1.42,No Delay,39.45,22.76,24.38
T1869,A43,13-09-2025 17:15,16.85,25.28,Morning Peak,High,10.43,Rain,1,506,1.0509,10.7,Incident,35.98,24.88,14.42
T1870,A48,04-09-2025 07:11,7.24,10.86,Afternoon,Medium,39.92,Storm,3,236,0.1977,4.5,Weather,15.36,10.69,11.99
T1871,A16,20-09-2025 04:13,7.96,11.94,Afternoon,High,20.05,Clear,0,991,0.2641,3.64,Traffic,15.58,5.35,14.14
T1872,A4,17-09-2025 18:07,21.63,32.45,Afternoon,Low,24.92,Rain,1,588,0.297,11.2,Weather,43.65,36.33,11.15
T1873,A15,28-09-2025 14:12,27.72,41.58,Afternoon,High,49.34,Storm,3,268,0.4843,12.58,Weather,54.16,0.1,53.51
T1874,A48,06-09-2025 03:53,7.85,11.77,Afternoon,Medium,42.54,Fog,2,334,0.1645,2.18,Weather,13.95,8.41,13.19
T1875,A22,16-09-2025 18:51,28.75,43.12,Night,Low,38.04,Storm,3,150,0.4362,11.72,Weather,54.84,26.8,34.77
T1876,A13,03-09-2025 04:08,16.41,24.62,Afternoon,High,8.76,Rain,1,444,1.0019,9.99,Incident,34.61,9.47,31.58
T1877,A49,27-09-2025 04:36,27.77,41.66,Night,High,30.31,Fog,2,309,0.173,9.91,Weather,51.57,37.63,15.5
T1878,A45,10-09-2025 19:33,3.64,5.46,Morning Peak,High,13.53,Rain,1,653,0.8471,2.82,Incident,8.28,7,4.7
T1879,A6,09-09-2025 21:39,7.1,10.65,Morning Peak,Medium,45.1,Storm,3,149,0.3608,1.28,Weather,11.93,2.65,16.1
T1880,A43,18-09-2025 13:33,28.05,42.08,Morning Peak,High,35.65,Rain,1,439,0,21,Traffic,63.08,39.21,29.97
T1881,A29,19-09-2025 14:16,17.27,25.9,Morning Peak,High,16.23,Storm,3,236,0.6489,14.56,Incident,40.46,4.45,40.18
T1882,A10,07-09-2025 20:42,22.36,33.54,Afternoon,Low,41.59,Clear,0,953,0.0532,-0.99,No Delay,32.55,19.9,17.31
T1883,A21,22-09-2025 15:03,20.6,30.9,Morning Peak,Medium,29.55,Clear,0,1036,0.1404,9.47,Traffic,40.37,3.09,40.9
T1884,A17,15-09-2025 21:54,21.23,31.85,Morning Peak,Medium,23.05,Rain,1,473,0.6376,10.99,Incident,42.84,19.16,30.66
T1885,A26,12-09-2025 15:27,16.06,24.09,Morning Peak,High,8.15,Fog,2,301,1.1652,14.86,Incident,38.95,29.92,11.91
T1886,A27,18-09-2025 15:41,11.56,17.34,Afternoon,High,31,Clear,0,771,0.2733,8.63,Traffic,25.97,8.48,22.52
T1887,A41,23-09-2025 23:07,15.49,23.23,Night,Medium,17.43,Fog,2,245,0.8416,13.08,Incident,36.31,30.41,8.42
T1888,A24,25-09-2025 06:56,18.28,27.42,Morning Peak,Medium,18.85,Clear,0,929,0.7495,17.66,Incident,45.08,19.59,29.78
T1889,A3,19-09-2025 19:35,28.5,42.75,Afternoon,Low,42.6,Storm,3,116,0.4253,14.07,Weather,56.82,12.92,52.44
T1890,A42,07-09-2025 01:10,17.16,25.74,Morning Peak,High,32.61,Clear,0,869,0.1872,8.15,Traffic,33.89,4.03,38.49
T1891,A3,05-09-2025 20:08,6.73,10.1,Morning Peak,Medium,22.29,Clear,0,1050,0.3451,3.18,Traffic,13.28,8.05,12.51
T1892,A45,20-09-2025 18:44,9.91,14.87,Afternoon,Low,49.49,Clear,0,922,0,-0.02,No Delay,14.85,5.66,14.44
T1893,A6,27-09-2025 01:56,10.02,15.03,Afternoon,High,5,Rain,1,541,0.7508,9.09,Incident,24.12,7.45,17.91
T1894,A20,17-09-2025 14:35,13.25,19.88,Morning Peak,Medium,47.62,Clear,0,784,0.1311,0.5,No Delay,20.38,15.08,9.94
T1895,A12,04-09-2025 20:08,14.46,21.69,Afternoon,Medium,29.55,Storm,3,123,0.4874,5.73,Weather,27.42,16.04,17.4
T1896,A1,25-09-2025 17:23,22.17,33.26,Afternoon,Medium,38.04,Rain,1,446,0.0615,10.01,Traffic,43.27,18.43,30.04
T1897,A4,01-09-2025 10:36,12.66,18.99,Afternoon,Low,46.15,Clear,0,1035,0.0779,0.02,No Delay,19.01,12.34,13.31
T1898,A46,21-09-2025 13:45,12.28,18.42,Afternoon,Medium,42.5,Rain,1,557,0.216,6.47,Traffic,24.89,15.94,13.44
T1899,A43,09-09-2025 08:07,5.47,8.2,Evening Peak,Low,37.69,Rain,1,492,0.4213,0.91,No Delay,9.11,4.73,12.09
T1900,A6,02-09-2025 12:05,5.53,8.29,Morning Peak,High,45.71,Clear,0,867,0.2501,2.95,Traffic,11.24,2.44,11.49
T1901,A44,30-09-2025 01:33,18.53,27.8,Evening Peak,High,6.8,Rain,1,493,0.7169,14.61,Incident,42.41,14.62,29.09
T1902,A33,21-09-2025 10:20,7.08,10.62,Afternoon,Low,39.6,Clear,0,1010,0.0634,0.06,No Delay,10.68,5.62,8.54
T1903,A12,26-09-2025 18:02,18.19,27.29,Evening Peak,High,27.39,Clear,0,1059,0.3824,5.58,Traffic,32.87,19.08,18.32
T1904,A15,30-09-2025 10:34,6.7,10.05,Morning Peak,High,28.41,Fog,2,262,0.5867,3.18,Incident,13.23,2.49,14.02
T1905,A47,21-09-2025 13:19,8.59,12.88,Morning Peak,High,25.98,Clear,0,852,0.3046,5.42,Traffic,18.3,16.06,8.25
T1906,A17,03-09-2025 15:27,28.14,42.21,Evening Peak,High,22.93,Clear,0,933,0.599,12.95,Incident,55.16,30.81,26.67
T1907,A24,30-09-2025 00:10,9.63,14.45,Afternoon,Low,41.43,Clear,0,1038,0.0295,0.32,No Delay,14.77,1.68,17.16
T1908,A12,09-09-2025 00:47,19,28.5,Night,High,48.29,Storm,3,112,0.1695,4.31,Weather,32.81,8.59,27.21
T1909,A21,02-09-2025 00:47,14.46,21.69,Night,Medium,29.66,Clear,0,916,0.5117,12.96,Incident,34.65,23.41,15.61
T1910,A10,12-09-2025 13:37,12.16,18.24,Afternoon,High,10.15,Rain,1,570,0.8055,10.83,Incident,29.07,6.79,31.27
T1911,A4,17-09-2025 14:49,23.75,35.62,Night,High,35.07,Fog,2,239,0.0779,10.92,Weather,46.54,22.93,27.6
T1912,A34,19-09-2025 05:32,26.72,40.08,Evening Peak,High,21.94,Clear,0,980,0.1701,14.04,Traffic,54.12,17.12,39.19
T1913,A45,03-09-2025 02:04,4.67,7,Afternoon,High,27.98,Clear,0,845,0.117,1.62,Traffic,8.62,0.31,13.22
T1914,A37,04-09-2025 13:59,8.27,12.4,Afternoon,Medium,52.35,Rain,1,697,0.1121,4.06,Weather,16.46,4.48,16.36
T1915,A13,02-09-2025 07:35,11.54,17.31,Morning Peak,High,17.93,Clear,0,882,0.1822,4.06,Traffic,21.37,17.83,8.42
T1916,A47,12-09-2025 19:33,4.41,6.62,Morning Peak,High,26.01,Clear,0,824,0.2638,2.36,Traffic,8.98,3.57,14.06
T1917,A10,22-09-2025 17:31,6.16,9.24,Afternoon,Medium,49.24,Clear,0,976,0.0652,0.38,No Delay,9.62,7.67,8.33
T1918,A45,10-09-2025 11:39,24.69,37.04,Afternoon,Low,27.58,Fog,2,315,0.0946,13.61,Weather,50.65,21.04,35.23
T1919,A18,01-09-2025 14:59,11.04,16.56,Evening Peak,Medium,25.12,Storm,3,222,0.3029,2.86,Weather,19.42,2.14,19.22
T1920,A17,06-09-2025 00:41,4.09,6.13,Night,Low,55.37,Clear,0,940,0.1717,0.07,No Delay,6.2,0.1,9.56
T1921,A49,04-09-2025 19:19,8.51,12.77,Afternoon,Low,39.49,Clear,0,816,0,-0.49,No Delay,12.28,3.21,12.07
T1922,A39,04-09-2025 01:21,2.78,4.17,Morning Peak,Low,46.77,Clear,0,926,0,-0.05,Weather,4.12,1.45,4.4
T1923,A31,11-09-2025 01:56,3.8,5.7,Evening Peak,High,15.08,Clear,0,852,0.7045,2.42,Incident,8.12,2.56,10.79
T1924,A17,01-09-2025 10:16,20.85,31.27,Afternoon,High,15.82,Clear,0,759,0.6074,19.62,Incident,50.89,15.21,44.47
T1925,A42,13-09-2025 18:25,10.21,15.32,Night,Medium,57.5,Clear,0,850,0,0.88,No Delay,16.2,1.92,22.4
T1926,A40,07-09-2025 22:24,3.9,5.85,Evening Peak,High,34.24,Rain,1,557,0.4477,1.66,Traffic,7.51,2.22,10.9
T1927,A11,29-09-2025 14:01,24.89,37.34,Morning Peak,Low,60.66,Clear,0,988,0.1305,-0.08,No Delay,37.26,0.08,47.53
T1928,A20,21-09-2025 17:17,14.91,22.37,Night,Low,36.8,Clear,0,905,0.0774,1.31,No Delay,23.68,11.7,20.2
T1929,A1,20-09-2025 01:14,16.71,25.07,Morning Peak,Medium,24.37,Clear,0,908,0.9246,9.86,Incident,34.93,28.09,15.64
T1930,A7,09-09-2025 04:11,8.68,13.02,Morning Peak,High,19.01,Rain,1,666,0.6382,5.67,Incident,18.69,10.86,12.22
T1931,A46,05-09-2025 09:29,29.17,43.76,Night,Low,16.11,Fog,2,247,0.2571,8.06,Weather,51.82,10.95,41.8
T1932,A44,09-09-2025 05:46,20.68,31.02,Afternoon,Low,30.41,Clear,0,830,0.0204,1.8,No Delay,32.82,17.61,22.55
T1933,A46,26-09-2025 14:52,5.98,8.97,Evening Peak,Medium,29.94,Clear,0,771,0.0397,2.58,Traffic,11.55,5.51,14.87
T1934,A49,30-09-2025 01:52,8.73,13.1,Afternoon,High,11.8,Clear,0,986,1.2241,3.7,Incident,16.8,11.72,7.57
T1935,A23,01-09-2025 21:59,27.78,41.67,Evening Peak,High,26.62,Clear,0,931,0.3258,12.92,Traffic,54.59,36.12,24.13
T1936,A26,08-09-2025 06:06,22.54,33.81,Morning Peak,High,44.46,Storm,3,247,0.4788,12.64,No Delay,46.45,36.73,16.71
T1937,A20,25-09-2025 01:15,14.26,21.39,Night,Low,54.21,Clear,0,905,0,0.41,No Delay,21.8,10.81,17.89
T1938,A13,19-09-2025 02:56,5.73,8.6,Night,Low,51.81,Clear,0,895,0.1724,-0.12,No Delay,8.48,6.29,5.3
T1939,A44,29-09-2025 21:49,3.6,5.4,Evening Peak,High,31.14,Rain,1,676,0.3096,1.02,Traffic,6.42,3.46,6.72
T1940,A33,04-09-2025 07:20,23.75,35.62,Night,Low,34.41,Clear,0,889,0.1498,-0.43,No Delay,35.19,28.3,9.68
T1941,A39,13-09-2025 23:27,2.95,4.43,Afternoon,High,33.72,Storm,3,208,1.0173,2.59,Incident,7.02,4.83,7.01
T1942,A39,01-09-2025 21:15,11.77,17.66,Evening Peak,Medium,31.84,Storm,3,227,0.1522,1.97,Weather,19.63,17.41,6.77
T1943,A7,14-09-2025 14:00,5.07,7.61,Evening Peak,Medium,28.13,Clear,0,882,0.1739,2.48,Traffic,10.09,0.91,15.62
T1944,A31,25-09-2025 23:38,21.82,32.73,Evening Peak,High,31.73,Storm,3,265,0.3835,9.24,No Delay,41.97,5.3,46.39
T1945,A39,13-09-2025 04:31,19.56,29.34,Evening Peak,High,29.42,Rain,1,558,0.2383,9.29,Traffic,38.63,32.38,9.12
T1946,A6,08-09-2025 20:29,20.27,30.41,Night,Medium,19.67,Fog,2,260,0.2725,6.21,Weather,36.62,14.07,30.24
T1947,A23,15-09-2025 04:56,8.98,13.47,Morning Peak,High,27.18,Clear,0,735,0.1133,6.87,Traffic,20.34,14.97,12.3
T1948,A13,13-09-2025 15:19,21.26,31.89,Night,Low,43.62,Clear,0,935,0,-0.79,No Delay,31.1,13.66,21.56
T1949,A44,20-09-2025 04:29,4.52,6.78,Morning Peak,Medium,23.65,Rain,1,682,1.1271,4.31,Incident,11.09,8.16,5.35
T1950,A4,24-09-2025 21:30,29.08,43.62,Evening Peak,Medium,34.03,Clear,0,1044,0.1541,14.24,Traffic,57.86,39.55,26.12
T1951,A8,06-09-2025 21:19,8.85,13.28,Afternoon,High,31.01,Clear,0,758,0,3.41,Traffic,16.69,8.97,9.59
T1952,A6,09-09-2025 20:11,2.34,3.51,Afternoon,High,40.41,Clear,0,743,0.3442,1.09,Traffic,4.6,3.83,5.6
T1953,A35,08-09-2025 19:11,16.82,25.23,Evening Peak,High,38.34,Clear,0,985,0.3569,12.53,Traffic,37.76,26.71,15.72
T1954,A46,30-09-2025 04:45,22.05,33.08,Evening Peak,High,19.26,Fog,2,159,0.6403,10.62,Incident,43.7,17.32,35.13
T1955,A35,03-09-2025 20:17,18.21,27.32,Morning Peak,High,13.44,Rain,1,674,0.648,13.48,Incident,40.8,1.18,47.79
T1956,A20,10-09-2025 07:49,9.52,14.28,Morning Peak,High,35.11,Storm,3,169,0.223,4.73,Weather,19.01,15.72,6.31
T1957,A9,24-09-2025 13:23,9.47,14.21,Afternoon,Low,42.77,Clear,0,1016,0.1391,0.85,No Delay,15.06,11.82,9.44
T1958,A41,22-09-2025 11:05,16.18,24.27,Afternoon,Medium,22.45,Fog,2,323,0.0886,3.78,Weather,28.05,4.41,29.25
T1959,A22,14-09-2025 22:20,23.47,35.2,Night,High,9.2,Storm,3,197,0.7514,12.91,Incident,48.11,33.98,22.7
T1960,A37,29-09-2025 05:51,18.05,27.08,Afternoon,High,14.41,Storm,3,168,0.5142,11.29,Incident,38.37,14.49,25.05
T1961,A41,05-09-2025 10:53,4.95,7.42,Evening Peak,High,16.48,Fog,2,146,1.2851,3.26,Incident,10.68,1.6,13.95
T1962,A17,07-09-2025 08:49,6.01,9.02,Night,Low,44.36,Clear,0,852,0,0.18,No Delay,9.2,3.1,12.4
T1963,A50,18-09-2025 10:48,28.61,42.91,Evening Peak,Low,42.64,Clear,0,895,0.2658,-1.7,No Delay,41.21,7.36,42.12
T1964,A39,01-09-2025 15:20,3.96,5.94,Evening Peak,Medium,9.22,Rain,1,561,0.8863,3.09,Incident,9.03,7.27,9.06
T1965,A11,17-09-2025 10:30,22.88,34.32,Morning Peak,Medium,33.98,Clear,0,881,0.1883,15.36,Traffic,49.68,27.19,28.16
T1966,A31,06-09-2025 06:36,8.15,12.23,Morning Peak,Medium,18.32,Rain,1,709,0.6549,5.79,Incident,18.02,9.1,12.6
T1967,A36,20-09-2025 17:44,21.62,32.43,Night,Low,56.1,Clear,0,832,0,1.8,No Delay,34.23,17.38,20.7
T1968,A33,06-09-2025 00:41,23.59,35.38,Afternoon,High,37.86,Clear,0,981,0.0537,13.22,Traffic,48.6,32.47,19.27
T1969,A16,28-09-2025 07:31,28.99,43.48,Morning Peak,Low,45.11,Clear,0,958,0,-0.95,No Delay,42.53,14.07,37.54
T1970,A6,09-09-2025 07:25,25.16,37.74,Evening Peak,High,30.06,Rain,1,401,0.28,18.23,Traffic,55.97,34.18,24.28
T1971,A46,23-09-2025 08:34,6.08,9.12,Morning Peak,Medium,13.51,Rain,1,701,0.3809,0.99,Weather,10.11,4.95,10.32
T1972,A25,09-09-2025 09:06,13.28,19.92,Afternoon,High,29.79,Clear,0,934,1.1777,7.5,Incident,27.42,7.36,25.26
T1973,A27,26-09-2025 13:55,10.53,15.79,Afternoon,Medium,46.01,Fog,2,161,0.3889,4.61,Weather,20.4,7.05,20.88
T1974,A10,07-09-2025 13:15,23.89,35.84,Night,High,28.82,Storm,3,177,0.6269,20.84,Incident,56.68,13.58,42.52
T1975,A14,30-09-2025 04:08,29.3,43.95,Evening Peak,Medium,35.09,Clear,0,942,0.1856,18.73,Traffic,62.68,40.91,27.28
T1976,A33,26-09-2025 04:34,10.57,15.85,Afternoon,Low,43.73,Clear,0,872,0,0.01,No Delay,15.86,13.69,6.23
T1977,A12,08-09-2025 03:41,28.38,42.57,Afternoon,Medium,64.38,Clear,0,869,0,1.15,No Delay,43.72,19.88,29.42
T1978,A32,19-09-2025 20:11,12.32,18.48,Morning Peak,Low,26.18,Fog,2,280,0.5074,2.84,Weather,21.32,13.72,11.11
T1979,A32,15-09-2025 03:59,5.97,8.96,Night,Medium,18.38,Rain,1,425,0.5616,3.14,Incident,12.1,10.07,4.75
T1980,A2,26-09-2025 15:55,8.96,13.44,Evening Peak,High,5.19,Rain,1,545,1.3367,4.14,Incident,17.58,2.69,16.96
T1981,A16,22-09-2025 02:55,7.84,11.76,Afternoon,Low,43.14,Fog,2,373,0.5018,2.45,Weather,14.21,8,8.57
T1982,A1,03-09-2025 21:58,11.5,17.25,Night,Medium,29.23,Clear,0,963,0.2842,6.82,Traffic,24.07,15.29,13.15
T1983,A24,30-09-2025 05:08,20.39,30.59,Evening Peak,High,26.72,Clear,0,969,0.1591,8.5,Traffic,39.09,15.67,28.58
T1984,A31,26-09-2025 14:36,28.51,42.77,Morning Peak,High,22.34,Clear,0,953,0.814,24.45,Incident,67.22,34.87,38.4
T1985,A12,20-09-2025 02:42,16.27,24.41,Evening Peak,High,33.43,Clear,0,836,0.3569,9.23,Traffic,33.64,12.13,28.07
T1986,A26,23-09-2025 11:13,11.74,17.61,Afternoon,Low,45.8,Clear,0,848,0.0863,1.04,No Delay,18.65,1.48,23.91
T1987,A44,25-09-2025 21:51,5.45,8.18,Afternoon,Medium,43.09,Rain,1,407,0.089,1.86,Weather,10.04,2.73,12.27
T1988,A18,06-09-2025 05:30,4.76,7.14,Night,Low,42.01,Clear,0,853,0.0483,-0.07,No Delay,7.07,0.13,15.19
T1989,A49,22-09-2025 03:04,20.99,31.48,Night,Low,46.78,Clear,0,838,0.0723,-0.12,No Delay,31.36,15.57,21.71
T1990,A37,22-09-2025 20:01,21.8,32.7,Night,High,24.6,Fog,2,170,0.4564,17.71,Incident,50.41,2.17,55.89
T1991,A34,29-09-2025 00:34,17.66,26.49,Morning Peak,High,41.05,Rain,1,593,0.2624,10.46,Weather,36.95,11.12,29.53
T1992,A14,04-09-2025 07:57,23.26,34.89,Morning Peak,High,26.04,Storm,3,230,0.5879,13.06,Incident,47.95,13.99,40.06
T1993,A24,10-09-2025 08:22,29.73,44.59,Night,Low,58.58,Clear,0,915,0.0011,-1.55,No Delay,43.04,17.17,28.39
T1994,A9,18-09-2025 22:05,25.23,37.84,Morning Peak,Medium,19.27,Clear,0,818,0.0728,17.7,Traffic,55.54,6.58,57.11
T1995,A14,09-09-2025 16:08,8.68,13.02,Afternoon,Low,49.57,Clear,0,735,0.0822,-0.13,No Delay,12.89,2.67,13.06
T1996,A28,09-09-2025 18:08,13,19.5,Night,Low,53.81,Clear,0,897,0.1798,0.55,Weather,20.05,17.63,4.76
T1997,A34,22-09-2025 01:14,25.63,38.44,Morning Peak,Low,33.94,Storm,3,97,0.352,5.91,Weather,44.35,3.3,43.54
T1998,A41,18-09-2025 16:31,11.82,17.73,Morning Peak,High,28.16,Clear,0,947,0.2576,6.53,Traffic,24.26,13.09,16.04
T1999,A47,14-09-2025 07:51,6.47,9.71,Night,Medium,55.49,Clear,0,915,0.0144,0.28,No Delay,9.99,2.92,13.61
T2000,A16,17-09-2025 21:13,25.91,38.87,Morning Peak,Medium,23.88,Fog,2,255,0.4147,11.53,Weather,50.4,40.26,13.74
T2001,A42,14-09-2025 17:56,11.85,17.78,Morning Peak,Medium,8.83,Clear,0,766,0.7333,8.45,Incident,26.23,13.06,19.78
T2002,A27,26-09-2025 18:53,8.43,12.64,Night,Low,59.73,Clear,0,986,0.1539,-0.39,No Delay,12.25,4.22,12.44
T2003,A50,01-09-2025 17:19,6.84,10.26,Morning Peak,Low,41.3,Clear,0,877,0.0214,-0.34,No Delay,9.92,4.63,9.01
T2004,A4,10-09-2025 14:31,3.25,4.88,Night,Low,51.38,Clear,0,956,0.0007,-0.12,No Delay,4.76,0.58,9.01
T2005,A36,25-09-2025 01:08,16.81,25.21,Afternoon,High,9.06,Fog,2,302,1.0158,11.66,Incident,36.87,5.91,35.21
T2006,A7,15-09-2025 08:55,11.6,17.4,Night,Medium,55.15,Clear,0,988,0.052,0.32,No Delay,17.72,5.26,19.85
T2007,A36,05-09-2025 00:55,16.92,25.38,Evening Peak,High,12.63,Rain,1,545,0.3783,10.71,Incident,36.09,28.88,10.19
T2008,A32,23-09-2025 09:00,29.5,44.25,Night,Low,33.5,Storm,3,258,0.3467,6.18,Weather,50.43,41.72,13.79
T2009,A45,12-09-2025 19:56,5.91,8.87,Evening Peak,Medium,12.17,Clear,0,799,0.2374,2.45,Traffic,11.32,4.09,10.98
T2010,A34,25-09-2025 03:29,10.89,16.34,Evening Peak,Medium,32.21,Clear,0,987,0.1735,4.44,Incident,20.78,7.78,18.62
T2011,A47,19-09-2025 19:18,17.68,26.52,Afternoon,Low,39.31,Clear,0,832,0.0969,0.24,No Delay,26.76,17.55,15.78
T2012,A11,10-09-2025 09:33,2.71,4.07,Morning Peak,Low,52.76,Rain,1,442,0.0574,1.53,Weather,5.6,0.4,7.87
T2013,A39,10-09-2025 00:50,22.66,33.99,Morning Peak,High,29.82,Clear,0,976,0.388,10.45,Traffic,44.44,17.66,33.36
T2014,A25,28-09-2025 03:06,8.02,12.03,Evening Peak,High,29.26,Rain,1,656,0.7855,4.74,Incident,16.77,3.88,20.08
T2015,A7,08-09-2025 00:02,2.39,3.59,Morning Peak,High,11.77,Clear,0,1011,0.5427,1.52,Incident,5.11,3.39,7.89
T2016,A49,18-09-2025 23:33,10.14,15.21,Evening Peak,Medium,28.85,Clear,0,844,0.1758,5.29,Traffic,20.5,17.54,10.97
T2017,A48,29-09-2025 01:26,7.11,10.67,Afternoon,High,34.29,Clear,0,969,0.1607,3.36,Traffic,14.03,0.49,20.82
T2018,A5,07-09-2025 13:48,21.3,31.95,Morning Peak,Medium,22.78,Storm,3,99,0.4005,4.15,Weather,36.1,20.92,16.59
T2019,A39,28-09-2025 08:14,10.32,15.48,Evening Peak,Medium,28.52,Clear,0,1001,0.9183,7.62,Incident,23.1,16.1,9.4
T2020,A45,16-09-2025 06:36,19.89,29.84,Afternoon,Low,54.78,Clear,0,1030,0.0595,-0.21,No Delay,29.63,14.93,21.67
T2021,A13,16-09-2025 17:30,24.59,36.88,Evening Peak,High,14.72,Fog,2,173,0.9235,13.84,Incident,50.72,14.69,36.2
T2022,A22,20-09-2025 11:31,29.25,43.88,Night,Medium,15.78,Fog,2,363,1.2327,16,Incident,59.88,16.28,46.75
T2023,A16,06-09-2025 14:29,5.38,8.07,Night,High,34.31,Storm,3,100,0.4523,1.94,Weather,10.01,1.87,14.85
T2024,A1,10-09-2025 07:19,2.27,3.41,Night,High,27.27,Rain,1,637,0.8282,1.97,Traffic,5.38,2.41,8.65
T2025,A21,10-09-2025 21:44,14.42,21.63,Afternoon,High,27.05,Rain,1,637,0.9063,12.56,Incident,34.19,23.09,14.76
T2026,A20,12-09-2025 21:15,27.71,41.56,Afternoon,Medium,25.68,Fog,2,320,0.183,10.85,Weather,52.41,7.52,53.3
T2027,A24,10-09-2025 02:07,20.72,31.08,Evening Peak,High,18.92,Clear,0,961,0.8431,19.29,Incident,50.37,44.14,13.53
T2028,A32,19-09-2025 08:50,10.82,16.23,Night,Low,51.47,Clear,0,972,0.0837,0.4,No Delay,16.63,11.38,7.3
T2029,A7,01-09-2025 11:37,14.82,22.23,Morning Peak,High,20.84,Fog,2,360,0.7268,8.67,Incident,30.9,5.41,30.04
T2030,A6,05-09-2025 05:23,29.95,44.93,Evening Peak,High,15.18,Rain,1,670,0.8775,19.4,Incident,64.33,8.97,56.42
T2031,A26,01-09-2025 01:29,13.57,20.36,Night,Medium,22.77,Rain,1,729,0.5364,6.4,Weather,26.76,17.04,17.53
T2032,A37,29-09-2025 08:14,15.76,23.64,Morning Peak,Low,29.34,Storm,3,124,0.2218,4.75,Weather,28.39,2.3,29.42
T2033,A23,04-09-2025 08:15,17.42,26.13,Afternoon,High,12.62,Rain,1,705,0.6439,10.36,Incident,36.49,31.39,8.86
T2034,A45,27-09-2025 05:44,28.1,42.15,Evening Peak,Medium,27.99,Storm,3,197,0.1679,18.04,Weather,60.19,7.3,56.24
T2035,A35,12-09-2025 04:31,4.03,6.04,Afternoon,Low,40.25,Fog,2,314,0.5809,0.62,Weather,6.66,3.49,10.43
T2036,A9,28-09-2025 07:54,19.12,28.68,Afternoon,High,34.9,Clear,0,921,0.3793,11.83,Traffic,40.51,17.42,25.89
T2037,A4,07-09-2025 07:13,5.59,8.38,Morning Peak,High,26.4,Rain,1,450,1.0387,5.39,Incident,13.77,8.83,9.34
T2038,A43,26-09-2025 06:27,29.1,43.65,Evening Peak,High,7.71,Rain,1,458,1.1939,25.24,Incident,68.89,27.53,42.07
T2039,A49,04-09-2025 20:27,18.31,27.46,Evening Peak,Low,40.24,Fog,2,158,0.2267,7.09,Weather,34.55,5.57,38.41
T2040,A13,18-09-2025 02:40,14.61,21.91,Morning Peak,High,21.7,Rain,1,509,0.2965,4.12,Traffic,26.03,18.72,12.47
T2041,A45,28-09-2025 14:38,19.92,29.88,Morning Peak,High,18.7,Clear,0,870,1.0953,12.28,Incident,42.16,6.28,42.18
T2042,A13,09-09-2025 04:13,9.74,14.61,Night,Low,20.32,Rain,1,615,0.5831,2.51,Weather,17.12,15.1,7.95
T2043,A49,23-09-2025 09:46,17.72,26.58,Morning Peak,High,11.21,Fog,2,154,0.1255,11.14,Traffic,37.72,14.66,27.29
T2044,A8,28-09-2025 21:59,13.25,19.88,Evening Peak,High,11.09,Rain,1,520,1.0518,6.28,Incident,26.16,8.44,23.96
T2045,A19,29-09-2025 08:10,20.28,30.42,Night,Medium,29.73,Storm,3,127,0.2475,8.54,Weather,38.96,5.91,34.53
T2046,A36,06-09-2025 02:59,21.46,32.19,Evening Peak,Medium,11.24,Fog,2,231,1.2516,12.35,Incident,44.54,13.3,39.16
T2047,A45,30-09-2025 08:02,17.93,26.89,Afternoon,Low,39.94,Clear,0,948,0.0199,1.39,No Delay,28.28,22.74,8.61
T2048,A43,04-09-2025 16:08,10.93,16.39,Morning Peak,High,29.22,Clear,0,855,0.1537,3.31,Traffic,19.7,4.32,22.34
T2049,A45,25-09-2025 00:33,15.73,23.59,Morning Peak,Medium,31.09,Fog,2,215,0.2707,8.65,Weather,32.24,2.96,39.12
T2050,A49,19-09-2025 13:53,13.87,20.8,Evening Peak,High,25.54,Rain,1,742,1.0972,11.11,Incident,31.91,8.42,29.26
T2051,A21,21-09-2025 23:38,26.79,40.18,Morning Peak,High,16.57,Storm,3,149,1.054,12.78,Incident,52.96,14.77,37.7
T2052,A18,27-09-2025 03:35,27.28,40.92,Night,Medium,46.47,Clear,0,972,0.0382,1.04,No Delay,41.96,28.8,16.24
T2053,A14,15-09-2025 08:58,13.27,19.91,Night,Low,46.82,Clear,0,900,0.0817,-0.44,No Delay,19.47,8.99,16.33
T2054,A50,07-09-2025 14:34,24.7,37.05,Afternoon,Medium,27.8,Fog,2,237,0.1126,11.37,Weather,48.42,3.3,56.6
T2055,A34,26-09-2025 20:57,27.54,41.31,Night,Medium,36.67,Fog,2,155,0.3872,16.71,Weather,58.02,2.45,65.33
T2056,A48,19-09-2025 06:13,28.85,43.28,Night,Medium,50.42,Storm,3,264,0.4542,18.23,Weather,61.51,10.14,53.53
T2057,A49,11-09-2025 17:17,23.36,35.04,Morning Peak,High,24.56,Clear,0,834,1.1139,12.9,Incident,47.94,33.21,20.71
T2058,A44,10-09-2025 10:09,27.11,40.66,Night,High,27.23,Clear,0,844,0.6498,22.5,Incident,63.16,31.52,38.42
T2059,A5,19-09-2025 02:37,28.11,42.16,Night,Low,43.02,Fog,2,227,0.3429,14.65,Weather,56.81,14.91,47.18
T2060,A37,13-09-2025 18:01,10.37,15.55,Night,Low,53.54,Clear,0,829,0.2848,0.25,No Delay,15.8,6.58,16.51
T2061,A24,03-09-2025 04:54,27.12,40.68,Night,Low,45.53,Clear,0,928,0.0999,0.2,No Delay,40.88,1.52,43.43
T2062,A33,28-09-2025 11:47,11.67,17.5,Afternoon,Medium,57.16,Storm,3,245,0.0733,2.51,Weather,20.01,4.85,17.74
T2063,A12,13-09-2025 21:41,3.91,5.87,Afternoon,Medium,24.11,Storm,3,142,0.7416,2.89,Incident,8.76,6.64,6.28
T2064,A20,13-09-2025 01:16,9.57,14.36,Night,Low,21.45,Storm,3,252,0.2296,4.06,Weather,18.42,4.74,21.41
T2065,A10,24-09-2025 02:48,11.27,16.91,Morning Peak,Medium,30.51,Clear,0,871,0.1234,5.04,Incident,21.95,17.38,9.26
T2066,A47,06-09-2025 05:26,18.44,27.66,Evening Peak,Medium,29.39,Rain,1,643,0,10.25,Traffic,37.91,12.99,29.12
T2067,A28,14-09-2025 17:05,14.09,21.14,Morning Peak,Low,46.71,Clear,0,949,0.1577,0.6,No Delay,21.74,8.13,20.76
T2068,A18,18-09-2025 13:01,18.55,27.82,Morning Peak,High,32.04,Clear,0,926,0.252,8,Traffic,35.82,6.68,35.62
T2069,A28,02-09-2025 19:49,15.67,23.5,Night,Medium,50.95,Fog,2,382,0.4376,5.66,Weather,29.16,20.08,11.24
T2070,A36,08-09-2025 16:55,20.39,30.59,Night,Low,44.94,Clear,0,902,0.0711,-0.9,No Delay,29.69,11.42,21.44
T2071,A40,12-09-2025 13:24,22.28,33.42,Afternoon,High,15.84,Clear,0,1011,0.8262,15.28,Incident,48.7,21.97,33.67
T2072,A43,20-09-2025 17:33,4.26,6.39,Morning Peak,High,25.51,Rain,1,574,0.3238,2.44,Traffic,8.83,6.67,4.2
T2073,A41,05-09-2025 11:03,22.27,33.41,Afternoon,Medium,40.5,Rain,1,522,0.1131,7.97,Weather,41.38,13.61,34.35
T2074,A8,01-09-2025 10:54,14.25,21.38,Evening Peak,High,19.59,Rain,1,640,1.3096,6.17,Incident,27.55,1.4,28.15
T2075,A31,27-09-2025 00:33,9.64,14.46,Afternoon,High,26.18,Rain,1,539,0.3898,5.28,Traffic,19.74,8.4,17.65
T2076,A37,23-09-2025 10:30,11.74,17.61,Afternoon,Medium,42.9,Clear,0,957,0,0.6,No Delay,18.21,15.36,5.93
T2077,A1,11-09-2025 01:38,17.28,25.92,Evening Peak,High,16.87,Clear,0,896,0.7767,12.39,Incident,38.31,21.89,20.94
T2078,A15,15-09-2025 16:55,21.52,32.28,Morning Peak,High,36.6,Clear,0,805,0.0168,11.32,Traffic,43.6,8.19,45.15
T2079,A23,07-09-2025 16:19,14.94,22.41,Morning Peak,High,20.97,Storm,3,163,0.5703,10.65,Incident,33.06,10.9,31.27
T2080,A12,02-09-2025 17:25,11.07,16.61,Afternoon,Low,31.09,Rain,1,554,0.5483,6.65,Weather,23.26,1.19,27.84
T2081,A47,22-09-2025 01:48,22.23,33.34,Evening Peak,Low,36.92,Fog,2,361,0.4068,9.02,Weather,42.36,11.34,41.37
T2082,A36,16-09-2025 21:32,29.95,44.93,Evening Peak,High,28.31,Clear,0,1052,0.1799,13.57,Traffic,58.5,30.72,33.72
T2083,A5,12-09-2025 05:30,23.48,35.22,Night,Low,39.98,Storm,3,196,0.0675,11.99,Weather,47.21,37.85,14.59
T2084,A10,07-09-2025 16:28,16.88,25.32,Night,Low,48.23,Clear,0,926,0,-0.16,No Delay,25.16,10.81,19.7
T2085,A28,17-09-2025 11:08,25.9,38.85,Afternoon,Low,43.28,Clear,0,753,0.105,-0.58,No Delay,38.27,7.93,39.07
T2086,A26,12-09-2025 00:48,28.83,43.24,Night,Low,55.01,Clear,0,958,0.0576,-0.21,No Delay,43.03,37.19,9.4
T2087,A1,16-09-2025 23:24,27.52,41.28,Evening Peak,High,34.71,Clear,0,919,0.4143,17.94,Traffic,59.22,22.16,42.31
T2088,A5,17-09-2025 12:15,6.17,9.25,Afternoon,Medium,24.47,Fog,2,198,0.2429,3.99,Weather,13.24,8.36,8.16
T2089,A23,15-09-2025 07:29,23.63,35.45,Evening Peak,Medium,31.9,Clear,0,934,0.1629,12.01,Traffic,47.46,7.65,46.46
T2090,A13,23-09-2025 07:04,17.59,26.38,Morning Peak,Low,45.01,Clear,0,1014,0.0525,0.26,No Delay,26.64,17.46,13.25
T2091,A44,15-09-2025 04:17,13.39,20.09,Morning Peak,Medium,37.19,Fog,2,265,0.103,8.9,Weather,28.99,5.15,27.96
T2092,A27,20-09-2025 15:06,28.86,43.29,Evening Peak,Medium,31.38,Clear,0,980,0.2918,17.42,Traffic,60.71,13.8,53.1
T2093,A44,26-09-2025 02:02,19.48,29.22,Morning Peak,Medium,24.57,Storm,3,140,0.4596,8.28,Weather,37.5,4.15,35.55
T2094,A18,14-09-2025 19:43,29.12,43.68,Night,Low,46.24,Clear,0,915,0.0569,-1.09,No Delay,42.59,33.45,15.47
T2095,A9,08-09-2025 15:51,17.51,26.27,Night,High,20.22,Fog,2,263,1.1787,11.09,Incident,37.36,13.31,33.48
T2096,A22,19-09-2025 12:35,2.42,3.63,Evening Peak,High,26.1,Clear,0,869,0.2186,1.28,Incident,4.91,0.8,7.45
T2097,A41,14-09-2025 20:46,14.64,21.96,Morning Peak,Low,42.51,Clear,0,854,0.0139,-0.37,No Delay,21.59,14.64,10.93
T2098,A2,25-09-2025 11:43,8.95,13.42,Afternoon,Medium,27.06,Rain,1,655,0.1936,5.91,Weather,19.33,12.5,9.99
T2099,A24,20-09-2025 03:25,2.74,4.11,Afternoon,Low,45.74,Clear,0,1048,0.1687,0.19,No Delay,4.3,3.5,2.72
T2100,A17,02-09-2025 10:13,3.28,4.92,Morning Peak,High,29.55,Clear,0,986,0.4166,2.05,Traffic,6.97,3.72,10.07
T2101,A9,23-09-2025 06:11,26.21,39.31,Afternoon,Low,42.68,Storm,3,129,0.4288,7.15,Weather,46.46,4.75,45.34
T2102,A16,07-09-2025 12:43,9.84,14.76,Afternoon,High,7.35,Rain,1,728,0.5248,8.52,Incident,23.28,12.68,17.77
T2103,A22,16-09-2025 10:46,9.79,14.68,Morning Peak,High,19.63,Rain,1,728,0.8778,5.05,Incident,19.73,17.48,7.25
T2104,A32,07-09-2025 06:33,21.85,32.77,Evening Peak,High,24.31,Rain,1,602,0.2162,7.69,Traffic,40.46,9.85,33.14
T2105,A39,17-09-2025 11:49,7.52,11.28,Night,Low,50.72,Clear,0,936,0.0361,0.14,No Delay,11.42,5.08,11.62
T2106,A12,05-09-2025 04:47,27.83,41.74,Evening Peak,High,28.42,Fog,2,327,1.0836,21.96,Incident,63.7,39.65,28.96
T2107,A43,09-09-2025 13:44,20.32,30.48,Night,Low,37.03,Clear,0,787,0.0017,0.52,No Delay,31,4.37,32.09
T2108,A34,03-09-2025 12:34,15.21,22.82,Morning Peak,High,16.56,Clear,0,864,1.2845,12.77,Incident,35.59,7.38,35.23
T2109,A14,24-09-2025 05:04,15.03,22.54,Night,Medium,38.77,Rain,1,630,0,8.03,Weather,30.57,0.26,35.82
T2110,A20,28-09-2025 13:29,10.9,16.35,Afternoon,High,27.27,Rain,1,527,0.045,7.02,Traffic,23.37,14.88,14.04
T2111,A41,27-09-2025 12:26,12.6,18.9,Evening Peak,High,26.09,Clear,0,1061,0.5174,10.58,Incident,29.48,4.84,31.03
T2112,A32,10-09-2025 15:57,29.39,44.09,Evening Peak,High,38.16,Clear,0,956,0.2694,17.3,Traffic,61.39,12.13,55.68
T2113,A30,16-09-2025 04:01,21.16,31.74,Evening Peak,Low,45.15,Clear,0,851,0.0959,1.64,No Delay,33.38,9.44,27.29
T2114,A14,03-09-2025 17:37,6.13,9.2,Morning Peak,High,22.85,Rain,1,474,0.2156,4.25,Traffic,13.45,10.9,6.25
T2115,A20,05-09-2025 04:08,11.61,17.41,Afternoon,High,16.95,Clear,0,934,1.0402,5.2,Incident,22.61,9.22,20.12
T2116,A8,22-09-2025 04:20,4.55,6.82,Night,Low,40.39,Clear,0,1077,0,-0.16,No Delay,6.66,3.06,8.66
T2117,A23,10-09-2025 19:05,17.5,26.25,Night,High,33.21,Storm,3,218,0.1255,9.74,Weather,35.99,14.11,27.76
T2118,A47,17-09-2025 22:21,23.43,35.14,Afternoon,High,34.57,Fog,2,155,0.9819,9.94,Incident,45.08,0.16,44.87
T2119,A6,09-09-2025 18:30,7.47,11.21,Night,Low,44.43,Clear,0,825,0.007,-0.12,No Delay,11.09,6.28,9.86
T2120,A12,29-09-2025 12:31,15.24,22.86,Night,Low,50.61,Clear,0,819,0.1571,0.65,No Delay,23.51,9,23.37
T2121,A15,10-09-2025 15:23,26.61,39.91,Afternoon,Medium,23.93,Fog,2,363,0.6212,14.45,Weather,54.36,38.17,20.46
T2122,A49,20-09-2025 07:38,10.16,15.24,Night,High,11.1,Clear,0,1006,0.6227,5.59,Incident,20.83,5.61,19.39
T2123,A8,09-09-2025 23:21,7.97,11.95,Evening Peak,Low,44,Fog,2,258,0.2595,5.24,Weather,17.19,15.35,5.85
T2124,A28,23-09-2025 03:17,27.71,41.56,Afternoon,High,19.15,Clear,0,786,0.6877,17.23,Incident,58.79,25.54,38.4
T2125,A31,30-09-2025 00:51,19.87,29.8,Morning Peak,Medium,39.59,Fog,2,399,0.2395,12.65,Weather,42.45,36.1,9.1
T2126,A29,13-09-2025 22:17,21.25,31.88,Morning Peak,Medium,62.29,Clear,0,982,0.0395,-0.17,No Delay,31.71,27.97,6.86
T2127,A2,28-09-2025 16:20,16.55,24.82,Evening Peak,Medium,29.55,Rain,1,527,0.7862,10.5,Incident,35.32,23.08,21.53
T2128,A21,26-09-2025 11:27,8.07,12.11,Afternoon,High,24.76,Rain,1,517,0.6713,5.11,Incident,17.22,11.39,9.63
T2129,A15,11-09-2025 02:54,28.6,42.9,Morning Peak,Medium,38.5,Clear,0,871,0,13.03,Traffic,55.93,35.11,25.69
T2130,A38,25-09-2025 19:12,26.36,39.54,Evening Peak,High,17.73,Clear,0,772,0.6737,25.67,Incident,65.21,54.66,14.07
T2131,A18,25-09-2025 18:51,25.33,37.99,Afternoon,Medium,33.14,Fog,2,358,0.219,4.46,Weather,42.45,22.27,23.09
T2132,A32,12-09-2025 08:15,20.99,31.48,Afternoon,Medium,22.74,Rain,1,639,0.6988,15.38,Incident,46.86,3.14,44.01
T2133,A17,24-09-2025 05:01,2.33,3.5,Afternoon,High,33.49,Rain,1,767,1.0639,1.47,Incident,4.97,2.88,5.67
T2134,A34,22-09-2025 09:58,15.28,22.92,Night,Low,42.81,Clear,0,760,0,-0.62,No Delay,22.3,6.44,21.19
T2135,A40,16-09-2025 23:06,6.43,9.64,Afternoon,Medium,33.13,Fog,2,158,0.3399,2.15,Weather,11.79,0.64,17.47
T2136,A22,08-09-2025 08:58,29.8,44.7,Evening Peak,Medium,46.63,Storm,3,122,0.5387,12.11,Weather,56.81,26.37,38.84
T2137,A35,27-09-2025 20:34,7.02,10.53,Afternoon,High,16.61,Clear,0,801,0.6194,5.35,Incident,15.88,3.55,15.5
T2138,A8,15-09-2025 23:44,7.03,10.55,Evening Peak,High,26.99,Storm,3,247,0.8164,3.36,Incident,13.91,4.23,13.38
T2139,A23,26-09-2025 12:23,27.5,41.25,Night,Low,43.67,Clear,0,988,0.0069,1.92,No Delay,43.17,28.73,19.02
T2140,A22,08-09-2025 21:41,14.69,22.03,Morning Peak,High,25.88,Rain,1,677,0.3182,4.16,Traffic,26.19,18.63,11.97
T2141,A15,10-09-2025 01:22,21.78,32.67,Morning Peak,High,17.95,Rain,1,527,1.0506,11.46,Incident,44.13,38.97,7.6
T2142,A19,13-09-2025 18:58,22.46,33.69,Morning Peak,Low,43.69,Fog,2,183,0.2542,4.57,Weather,38.26,9.8,31.66
T2143,A2,28-09-2025 17:07,5.04,7.56,Morning Peak,Low,42.31,Storm,3,219,0.1479,3.4,Weather,10.96,8.67,7.93
T2144,A49,24-09-2025 18:18,11.63,17.45,Night,Medium,32.97,Fog,2,158,0.3107,5.67,No Delay,23.12,19.25,10.01
T2145,A49,01-09-2025 14:04,23.4,35.1,Evening Peak,High,5.19,Clear,0,895,0.7858,11.49,Incident,46.59,5.91,43.87
T2146,A16,09-09-2025 12:03,20.94,31.41,Evening Peak,Medium,31.51,Clear,0,919,0.1491,6.77,Traffic,38.18,2.68,46.19
T2147,A38,14-09-2025 09:34,28.99,43.48,Evening Peak,High,29.41,Fog,2,300,0.165,17.32,Traffic,60.8,12.38,57.32
T2148,A26,18-09-2025 02:20,23.41,35.12,Evening Peak,Low,42.81,Clear,0,938,0.0631,1.07,No Delay,36.19,5.97,38.97
T2149,A42,28-09-2025 02:12,15.45,23.17,Evening Peak,High,12.58,Rain,1,451,0.5612,14.46,Incident,37.63,29.77,11.18
T2150,A39,26-09-2025 06:07,10.34,15.51,Morning Peak,Low,36.33,Clear,0,939,0.1032,0.3,No Delay,15.81,11.15,8.05
T2151,A16,16-09-2025 02:52,25.38,38.07,Evening Peak,Medium,24,Rain,1,679,0.5036,17.89,Incident,55.96,0.66,61.16
T2152,A13,19-09-2025 03:40,8.52,12.78,Evening Peak,Low,39.05,Storm,3,135,0.387,5.14,Weather,17.92,6.78,13.4
T2153,A25,15-09-2025 01:31,12.11,18.16,Night,Medium,37.48,Clear,0,902,0,1.03,No Delay,19.19,5.18,20.03
T2154,A37,01-09-2025 11:11,13.75,20.62,Night,Medium,29.73,Storm,3,172,0.4704,8.11,Weather,28.73,18.59,15.28
T2155,A13,22-09-2025 05:49,28.24,42.36,Morning Peak,High,21.21,Clear,0,994,0.4427,9.22,Traffic,51.58,27.45,27.1
T2156,A33,11-09-2025 02:05,15.25,22.88,Morning Peak,High,15.19,Clear,0,873,1.2429,11.18,Incident,34.06,16.9,23.56
T2157,A40,12-09-2025 00:45,4.48,6.72,Afternoon,Medium,40.09,Fog,2,195,0.4639,1.92,Weather,8.64,0.1,10.31
T2158,A38,16-09-2025 19:24,28.13,42.19,Night,Low,43.35,Clear,0,932,0.0373,0.66,No Delay,42.85,34.8,12.32
T2159,A29,13-09-2025 14:27,14,21,Afternoon,Low,22.27,Rain,1,451,0.281,8.38,Weather,29.38,8.54,25.98
T2160,A42,13-09-2025 04:48,19.68,29.52,Afternoon,Low,31.89,Clear,0,851,0,0.07,No Delay,29.59,12.69,21.75
T2161,A20,26-09-2025 20:05,16.92,25.38,Afternoon,Low,39.22,Clear,0,1051,0.0961,-0.62,No Delay,24.76,7.4,19.4
T2162,A19,25-09-2025 13:15,15.03,22.54,Afternoon,High,27.06,Fog,2,281,1.1407,13.95,Incident,36.49,30.73,12.13
T2163,A6,17-09-2025 04:01,17.22,25.83,Evening Peak,High,23.6,Rain,1,708,0.2503,7.62,Traffic,33.45,18.52,24.19
T2164,A47,09-09-2025 07:10,20.63,30.94,Evening Peak,Medium,17.21,Storm,3,189,0.8365,7.33,Weather,38.27,32.08,12.02
T2165,A30,06-09-2025 06:16,29.37,44.06,Night,Low,43.7,Clear,0,763,0,-1.68,No Delay,42.38,8.1,39.67
T2166,A22,08-09-2025 01:30,15.55,23.33,Afternoon,High,9.82,Clear,0,966,0.6885,7.34,Traffic,30.67,27.46,5.26
T2167,A33,19-09-2025 23:31,5.07,7.61,Afternoon,Low,33.99,Storm,3,105,0.4069,1,Weather,8.61,2.37,13.63
T2168,A11,07-09-2025 21:39,13.31,19.96,Evening Peak,Medium,23.45,Rain,1,729,1.0598,6.18,Incident,26.14,19.91,12.14
T2169,A35,24-09-2025 06:07,6.08,9.12,Afternoon,High,16.36,Fog,2,231,0.5769,5.04,Incident,14.16,0.42,17.82
T2170,A33,02-09-2025 16:15,23.98,35.97,Morning Peak,High,20.62,Rain,1,579,0.103,12.35,Traffic,48.32,9.86,43.91
T2171,A2,26-09-2025 12:29,4.02,6.03,Evening Peak,Medium,13.95,Rain,1,557,1.1774,3.71,Incident,9.74,2.45,12.59
T2172,A13,26-09-2025 01:59,17.09,25.64,Morning Peak,High,32.19,Rain,1,450,0.3144,7.17,Traffic,32.81,23.36,15.93
T2173,A18,26-09-2025 13:13,28.93,43.39,Night,Low,38.22,Clear,0,1053,0.0967,1.49,No Delay,44.88,5.01,47.39
T2174,A15,21-09-2025 04:10,15,22.5,Night,High,20.83,Clear,0,957,0.079,8.36,Traffic,30.86,24.91,12.04
T2175,A1,13-09-2025 18:22,3.2,4.8,Morning Peak,High,7.65,Clear,0,874,1.2233,1.75,Incident,6.55,0.94,10.8
T2176,A45,16-09-2025 08:22,29.35,44.02,Morning Peak,High,25.91,Clear,0,840,0.3558,10.5,Traffic,54.52,33.07,22.85
T2177,A43,03-09-2025 04:19,4.14,6.21,Afternoon,High,33.3,Clear,0,934,0,1.4,Traffic,7.61,1.62,8.52
T2178,A36,27-09-2025 03:08,7.16,10.74,Evening Peak,Medium,41.2,Fog,2,234,0.3171,1.55,Weather,12.29,9.92,10
T2179,A13,25-09-2025 13:35,10.07,15.11,Morning Peak,Low,44.67,Clear,0,975,0.1068,-0.35,No Delay,14.76,3.94,14.69
T2180,A6,20-09-2025 19:39,7.55,11.32,Night,Low,43.37,Clear,0,946,0.0786,0.58,No Delay,11.9,1.48,14.88
T2181,A48,12-09-2025 15:22,27.95,41.92,Morning Peak,High,19.94,Rain,1,451,1.1363,14.76,Incident,56.68,34.13,28.6
T2182,A19,11-09-2025 19:04,28.82,43.23,Night,Low,36.58,Clear,0,1041,0,-1.68,No Delay,41.55,36.86,6.91
T2183,A14,17-09-2025 12:01,23.55,35.33,Afternoon,Low,57.01,Clear,0,1069,0,-0.61,No Delay,34.72,17.67,20.56
T2184,A49,29-09-2025 00:41,20.87,31.31,Afternoon,Medium,37.21,Clear,0,892,0.2333,12.18,Traffic,43.49,37.89,8.15
T2185,A44,13-09-2025 23:07,4.71,7.06,Afternoon,Low,31.98,Clear,0,813,0.0147,0.05,No Delay,7.11,0.34,14.07
T2186,A41,26-09-2025 16:02,24.05,36.08,Night,High,25.81,Rain,1,466,0.6643,22.94,Incident,59.02,24.1,37.12
T2187,A23,08-09-2025 23:30,11.01,16.52,Afternoon,Low,54.13,Clear,0,910,0.0213,0.44,Weather,16.96,0.72,19.17
T2188,A47,15-09-2025 11:16,18.34,27.51,Evening Peak,High,35.38,Clear,0,841,0.0808,6.01,Traffic,33.52,17.67,23.55
T2189,A43,15-09-2025 17:18,11.45,17.18,Afternoon,High,27.79,Fog,2,293,0.1399,7.18,Weather,24.36,21.27,7.17
T2190,A8,26-09-2025 23:26,5.11,7.67,Night,Low,38.13,Clear,0,920,0.0155,0.14,No Delay,7.81,6.45,4.36
T2191,A28,25-09-2025 02:18,25.98,38.97,Evening Peak,Medium,30.07,Storm,3,203,0.9134,9.94,No Delay,48.91,30.89,26.7
T2192,A10,23-09-2025 12:54,17.2,25.8,Afternoon,Low,35.14,Storm,3,262,0.1827,10.01,Weather,35.81,13.9,27.67
T2193,A40,27-09-2025 21:18,15.79,23.68,Morning Peak,High,28.84,Clear,0,996,0.1484,9.24,Traffic,32.92,10.56,27.36
T2194,A37,29-09-2025 16:24,15.51,23.27,Night,High,28.53,Fog,2,383,1.1311,7.67,Incident,30.94,21.02,14.16
T2195,A19,09-09-2025 00:00,12.53,18.79,Evening Peak,Medium,29.88,Rain,1,446,0.1877,9.01,Traffic,27.8,20.39,10.29
T2196,A44,07-09-2025 03:13,21.27,31.9,Night,Low,59.74,Clear,0,841,0.0009,1.19,No Delay,33.09,19.9,19.41
T2197,A2,30-09-2025 09:22,8.76,13.14,Afternoon,Low,49.34,Clear,0,827,0.0011,-0.4,No Delay,12.74,9.44,6.67
T2198,A9,02-09-2025 21:48,25.08,37.62,Evening Peak,Low,39.18,Fog,2,363,0.5846,14.63,Weather,52.25,28.24,28.56
T2199,A49,28-09-2025 00:08,11.91,17.87,Night,Low,26.21,Storm,3,138,0.3825,4.69,Weather,22.56,3.13,26.96
T2200,A45,11-09-2025 07:41,3.76,5.64,Evening Peak,Medium,33.7,Clear,0,788,0.3138,1.41,Traffic,7.05,3.97,6.74
T2201,A2,01-09-2025 08:19,8.24,12.36,Morning Peak,Medium,31.4,Clear,0,835,0.2272,3.43,Traffic,15.79,3.41,18.85
T2202,A40,02-09-2025 15:28,8.05,12.08,Evening Peak,High,14.33,Clear,0,951,0.3779,3.38,Traffic,15.46,10.74,8.43
T2203,A8,23-09-2025 00:57,13.69,20.54,Afternoon,Medium,47.88,Fog,2,405,0.1828,2.28,Weather,22.82,5.31,26.93
T2204,A3,16-09-2025 13:33,26.58,39.87,Night,Low,55.64,Clear,0,825,0.1323,2,No Delay,41.87,31.02,12.02
T2205,A18,18-09-2025 15:06,3.61,5.42,Night,Low,46.06,Clear,0,815,0,-0.07,No Delay,5.35,4.23,6.9
T2206,A32,18-09-2025 23:28,3.06,4.59,Afternoon,High,18.31,Fog,2,182,0.7581,1.75,Incident,6.34,0.5,8.28
T2207,A50,23-09-2025 04:13,10.71,16.07,Night,Low,40.75,Clear,0,926,0.0294,-0.57,No Delay,15.5,2.36,17.48
T2208,A32,04-09-2025 20:26,18.91,28.37,Morning Peak,High,40.13,Rain,1,648,0.1335,9.55,Traffic,37.92,12.28,30.79
T2209,A11,06-09-2025 12:38,28.79,43.19,Night,Low,33.42,Fog,2,200,0.1817,10.5,Weather,53.69,34.74,24.12
T2210,A43,16-09-2025 04:59,15.7,23.55,Evening Peak,High,17.8,Fog,2,336,0.727,9.74,Incident,33.29,10.43,28
T2211,A49,02-09-2025 23:32,28.81,43.21,Night,Low,41.35,Clear,0,912,0.0268,-0.95,No Delay,42.26,22.71,24.08
T2212,A2,28-09-2025 09:14,3.08,4.62,Morning Peak,Medium,38.34,Storm,3,173,0.3367,1.67,Weather,6.29,2.15,10.62
T2213,A44,27-09-2025 12:25,2.99,4.49,Night,Low,51.9,Clear,0,910,0,0.15,No Delay,4.64,0.87,7.89
T2214,A42,03-09-2025 16:03,14.29,21.43,Afternoon,High,16.4,Rain,1,661,0.9128,9.18,Incident,30.61,0.72,35.74
T2215,A31,26-09-2025 03:26,8.57,12.86,Night,Low,42.92,Clear,0,886,0,-0.49,No Delay,12.37,5.07,9.19
T2216,A31,12-09-2025 12:21,11.47,17.21,Afternoon,High,21.73,Rain,1,704,1.2304,8.68,Incident,25.89,15.2,18.84
T2217,A23,19-09-2025 16:19,12.95,19.42,Night,High,19.32,Clear,0,1046,0.4546,12.32,Incident,31.74,8.17,27.34
T2218,A45,21-09-2025 06:04,6.58,9.87,Evening Peak,High,16.88,Rain,1,708,1.2073,4.14,Incident,14.01,0.03,20.14
T2219,A24,09-09-2025 16:13,14.06,21.09,Evening Peak,High,22.92,Clear,0,767,0.0821,7.08,Traffic,28.17,0.32,29.73
T2220,A25,27-09-2025 09:42,8.89,13.34,Night,Low,50.21,Clear,0,1005,0,-0.53,No Delay,12.81,10.97,9.3
T2221,A1,13-09-2025 02:26,13.79,20.68,Night,Low,43.41,Clear,0,868,0.1159,-0.46,No Delay,20.22,1.93,25.55
T2222,A29,25-09-2025 06:30,3.91,5.87,Afternoon,Medium,38.79,Fog,2,183,0.4914,1.01,Weather,6.88,0.43,12.76
T2223,A1,01-09-2025 04:28,9.41,14.12,Night,Medium,32.76,Storm,3,141,0.639,3.24,Weather,17.36,6.45,12.92
T2224,A22,17-09-2025 07:49,10.02,15.03,Morning Peak,Low,42.25,Clear,0,827,0,0.47,No Delay,15.5,10.21,8.46
T2225,A29,11-09-2025 00:17,28.57,42.86,Evening Peak,Medium,50.78,Fog,2,147,0.2586,10.24,Weather,53.1,3.14,55.08
T2226,A32,27-09-2025 10:18,28.09,42.14,Morning Peak,High,34.76,Fog,2,239,0.4385,13.81,Weather,55.95,5.96,50.72
T2227,A43,13-09-2025 03:21,8.71,13.07,Night,Low,31.12,Clear,0,880,0,0.01,No Delay,13.08,1.44,17.14
T2228,A47,21-09-2025 04:38,11.23,16.84,Morning Peak,High,32.15,Clear,0,845,0.1305,3.48,Traffic,20.32,17.82,5.6
T2229,A42,15-09-2025 07:09,15.17,22.75,Afternoon,High,12.99,Rain,1,756,1.0437,9.8,Incident,32.55,20.4,15.49
T2230,A42,15-09-2025 08:09,3.67,5.5,Evening Peak,High,18.1,Clear,0,934,0.775,2.42,Incident,7.92,5.91,5.77
T2231,A28,12-09-2025 07:28,9.46,14.19,Afternoon,Medium,30.04,Clear,0,959,0.2267,6.43,Traffic,20.62,1.13,21.98
T2232,A1,01-09-2025 04:19,22.66,33.99,Morning Peak,High,17.91,Clear,0,1000,0.0975,7.96,Traffic,41.95,25.66,21.4
T2233,A21,12-09-2025 23:36,22.65,33.97,Morning Peak,High,32.59,Clear,0,967,0.3759,13.35,Traffic,47.32,37.68,15.29
T2234,A28,21-09-2025 20:55,4.09,6.13,Night,Medium,32.27,Clear,0,853,0.2869,1.82,Traffic,7.95,5.99,9.85
T2235,A44,03-09-2025 04:59,16.48,24.72,Morning Peak,High,26.09,Clear,0,976,0.1068,5.79,Traffic,30.51,22.12,14.57
T2236,A11,05-09-2025 10:32,13.68,20.52,Night,Low,54.27,Clear,0,937,0.0951,1.03,No Delay,21.55,11.79,15.3
T2237,A29,09-09-2025 12:57,3.29,4.94,Night,High,9.02,Rain,1,438,0.2587,1.92,Incident,6.86,3.19,9.46
T2238,A4,09-09-2025 06:02,24.45,36.67,Night,Low,49.26,Clear,0,873,0,0.55,No Delay,37.22,17.22,24.77
T2239,A12,15-09-2025 06:53,8.77,13.15,Afternoon,Medium,46.81,Clear,0,1013,0.1909,0.29,No Delay,13.44,0.6,19.64
T2240,A3,21-09-2025 16:39,6.16,9.24,Evening Peak,High,35.51,Storm,3,251,0.4355,2.71,Weather,11.95,4.86,12.25
T2241,A47,30-09-2025 12:59,18.19,27.29,Evening Peak,Medium,32.31,Fog,2,398,0.3169,9.11,Weather,36.4,0.93,42.8
T2242,A50,18-09-2025 11:32,20.12,30.18,Afternoon,High,27.88,Clear,0,1028,1.2933,15.16,Incident,45.34,21.93,30.89
T2243,A20,24-09-2025 16:16,10.01,15.01,Night,Low,47.55,Clear,0,903,0.1731,-0.38,No Delay,14.63,10.84,11.13
T2244,A40,08-09-2025 18:22,23.94,35.91,Afternoon,High,25.71,Clear,0,866,0,9.92,Traffic,45.83,22.64,30.32
T2245,A24,12-09-2025 05:00,26.26,39.39,Afternoon,Medium,38.88,Storm,3,227,0.5014,4.66,Weather,44.05,15.04,38.76
T2246,A7,18-09-2025 06:15,29.41,44.11,Afternoon,Medium,35.31,Rain,1,647,0.1829,10.7,Traffic,54.81,22.84,36.35
T2247,A13,05-09-2025 12:32,20.29,30.43,Afternoon,Low,34.71,Rain,1,441,0.2651,3.22,Weather,33.65,21.56,17.29
T2248,A17,01-09-2025 17:19,2.77,4.16,Evening Peak,High,21.74,Fog,2,200,0.9052,2.59,Incident,6.75,4.53,9.76
T2249,A46,30-09-2025 20:09,22.47,33.7,Morning Peak,High,30.95,Clear,0,817,0.1813,6.47,Incident,40.17,6.88,39.17
T2250,A30,02-09-2025 15:31,19.13,28.69,Afternoon,High,24.7,Rain,1,605,0.5844,11.41,Incident,40.1,19.77,26.7
T2251,A9,07-09-2025 16:44,4.82,7.23,Morning Peak,High,51.56,Storm,3,208,0.443,2.69,Weather,9.92,6.11,9.75
T2252,A11,17-09-2025 01:48,10.76,16.14,Afternoon,Low,40.07,Clear,0,896,0.0587,-0.52,No Delay,15.62,8.51,11.14
T2253,A26,15-09-2025 01:59,26.65,39.98,Afternoon,Low,39.69,Clear,0,953,0.1239,2.12,No Delay,42.1,7.02,34.79
T2254,A38,06-09-2025 09:43,2.17,3.25,Morning Peak,High,32.54,Clear,0,1001,0.1178,1.18,Traffic,4.43,1.35,7.05
T2255,A29,02-09-2025 17:11,6.37,9.55,Night,Low,47.9,Clear,0,876,0.0434,-0.33,No Delay,9.22,2.15,15.58
T2256,A32,01-09-2025 14:33,9.46,14.19,Evening Peak,High,41.3,Rain,1,422,0.3171,6.21,Traffic,20.4,16.84,10.32
T2257,A32,09-09-2025 19:44,28.29,42.43,Evening Peak,High,20.47,Rain,1,725,0.9315,22.29,Incident,64.72,40.95,26.44
T2258,A17,15-09-2025 04:18,18.02,27.03,Afternoon,Low,37,Clear,0,907,0.0632,1.59,No Delay,28.62,6.24,31.92
T2259,A50,13-09-2025 00:13,15.89,23.84,Afternoon,High,54.17,Fog,2,360,0.2221,4.8,Weather,28.64,4.3,27.05
T2260,A34,07-09-2025 14:48,25.69,38.53,Night,High,18.67,Clear,0,993,1.2873,21.98,Incident,60.51,5.38,55.08
T2261,A41,03-09-2025 18:58,23.38,35.07,Morning Peak,Medium,23.36,Rain,1,614,0.3337,12.73,Traffic,47.8,7.77,41.88
T2262,A19,07-09-2025 16:41,19.09,28.64,Morning Peak,High,18.83,Fog,2,254,0.2052,14.67,Traffic,43.31,38.53,9.98
T2263,A42,19-09-2025 10:56,18.21,27.32,Evening Peak,High,25.04,Rain,1,647,1.0826,15.55,Incident,42.87,37.77,10.17
T2264,A33,12-09-2025 18:30,6.14,9.21,Evening Peak,Medium,17.57,Clear,0,732,0.1421,3.03,Traffic,12.24,1.59,12.95
T2265,A24,15-09-2025 17:07,10.22,15.33,Morning Peak,High,19.64,Storm,3,155,0.7424,6.25,Incident,21.58,0.36,26.2
T2266,A41,20-09-2025 20:22,21.17,31.75,Evening Peak,Medium,39.46,Fog,2,241,0.4788,3.86,Weather,35.61,9.1,35.93
T2267,A5,07-09-2025 22:45,14.65,21.98,Evening Peak,High,10.57,Clear,0,848,1.2508,9.42,Incident,31.4,0.24,37.65
T2268,A39,21-09-2025 05:37,12.78,19.17,Morning Peak,Low,38.93,Clear,0,894,0.0742,-0.54,No Delay,18.63,11.64,10.39
T2269,A22,23-09-2025 15:14,20.93,31.39,Morning Peak,Medium,8.67,Rain,1,579,1.2227,9.33,Incident,40.72,11.58,36.29
T2270,A47,09-09-2025 18:37,9.87,14.8,Morning Peak,Medium,39.82,Rain,1,482,0.3932,2.17,Weather,16.97,12.24,9.57
T2271,A1,26-09-2025 19:21,15.55,23.33,Evening Peak,High,16.01,Rain,1,414,0.0886,5.48,Traffic,28.81,14.3,19.38
T2272,A23,14-09-2025 08:18,27.29,40.94,Evening Peak,High,39.36,Clear,0,948,0.321,16.13,Incident,57.07,37.94,27.13
T2273,A34,20-09-2025 05:14,28.06,42.09,Night,Low,38.48,Fog,2,251,0.4489,11.38,Weather,53.47,29.89,28.7
T2274,A18,07-09-2025 05:20,14.84,22.26,Night,High,26.12,Fog,2,331,0.8457,10.67,Incident,32.93,26.66,12.29
T2275,A31,03-09-2025 08:41,10.88,16.32,Evening Peak,High,29.6,Rain,1,618,0.0566,6.38,Traffic,22.7,11.7,14.87
T2276,A36,14-09-2025 10:44,15.61,23.41,Morning Peak,Low,64.14,Clear,0,898,0.0959,0.74,No Delay,24.15,3.14,24.63
T2277,A24,08-09-2025 16:02,4.73,7.1,Night,Medium,28.5,Fog,2,237,0.1995,0.79,Weather,7.89,1.89,10.63
T2278,A24,22-09-2025 14:57,14.4,21.6,Afternoon,High,25.37,Rain,1,547,0.3592,10.27,Incident,31.87,5.25,32.19
T2279,A5,01-09-2025 01:01,17.52,26.28,Evening Peak,High,25.69,Clear,0,766,0.2835,11.24,Traffic,37.52,13.8,26.33
T2280,A31,01-09-2025 17:34,20.89,31.34,Afternoon,High,36.77,Fog,2,262,0.3847,10.93,Traffic,42.27,9.57,39.22
T2281,A6,23-09-2025 04:33,17.08,25.62,Night,Low,51.32,Clear,0,889,0,0.05,No Delay,25.67,19.91,10.54
T2282,A8,10-09-2025 08:18,16.99,25.48,Night,High,17.68,Clear,0,757,1.2981,8.39,Incident,33.87,22.25,17.11
T2283,A35,14-09-2025 23:52,12.86,19.29,Afternoon,Low,33.55,Clear,0,914,0,-0.31,No Delay,18.98,1.85,24.91
T2284,A14,21-09-2025 20:57,23.61,35.41,Night,Low,44.97,Clear,0,927,0.0253,1.14,No Delay,36.55,4.56,35.88
T2285,A27,17-09-2025 08:15,24.8,37.2,Afternoon,High,31.87,Clear,0,954,0.2942,13.3,Traffic,50.5,6.52,54.89
T2286,A3,15-09-2025 14:12,24.59,36.88,Morning Peak,Medium,25.17,Clear,0,853,0.3206,15.3,Traffic,52.18,38.99,20.58
T2287,A20,26-09-2025 04:52,7.44,11.16,Afternoon,Low,51.36,Clear,0,848,0.0949,-0.16,No Delay,11,1.28,17.03
T2288,A35,22-09-2025 12:54,29.58,44.37,Afternoon,Low,50.16,Clear,0,934,0,-0.99,Weather,43.38,23.67,23.8
T2289,A8,20-09-2025 21:38,2.78,4.17,Evening Peak,Medium,35.29,Fog,2,180,0.2452,1.58,Weather,5.75,4.98,6.93
T2290,A43,23-09-2025 07:49,7.64,11.46,Night,High,35.16,Clear,0,930,0.2186,2.52,Traffic,13.98,0.77,21.38
T2291,A25,12-09-2025 07:17,25.28,37.92,Night,Low,57.55,Clear,0,982,0.23,1.08,No Delay,39,24.55,19.87
T2292,A17,14-09-2025 22:27,29.17,43.76,Morning Peak,Medium,35.48,Fog,2,249,0.1823,6.13,Weather,49.89,5.05,53.44
T2293,A4,19-09-2025 01:25,26.99,40.48,Night,Low,21,Storm,3,150,0.3137,15.9,Weather,56.38,44.71,17.87
T2294,A23,25-09-2025 02:34,15.66,23.49,Afternoon,High,16.33,Clear,0,785,0.4566,7.8,Incident,31.29,16.98,21.6
T2295,A40,17-09-2025 09:03,3.44,5.16,Afternoon,Low,36.07,Clear,0,920,0,0.06,No Delay,5.22,0.24,7.95
T2296,A5,24-09-2025 09:14,26.59,39.88,Evening Peak,High,18.98,Rain,1,741,0.8986,20.63,Incident,60.51,53.89,11.03
T2297,A28,22-09-2025 11:42,11.04,16.56,Evening Peak,Medium,22.43,Clear,0,896,0.0464,6.41,Traffic,22.97,10.64,13.41
T2298,A31,30-09-2025 09:26,3.73,5.59,Afternoon,Low,48.85,Clear,0,863,0,0.11,No Delay,5.7,1.42,7.01
T2299,A1,08-09-2025 15:43,13.21,19.82,Morning Peak,Medium,24.45,Fog,2,276,0.3785,4.8,Weather,24.62,5.93,28.4
T2300,A15,05-09-2025 07:28,24.34,36.51,Night,High,10.55,Rain,1,476,1.3499,15.81,Incident,52.32,5.31,52.05
T2301,A9,09-09-2025 05:35,2.82,4.23,Morning Peak,High,15.33,Clear,0,796,0.5021,2.35,Incident,6.58,3.32,10.21
T2302,A26,02-09-2025 04:00,16.7,25.05,Morning Peak,High,25.28,Rain,1,537,0.1016,9,Traffic,34.05,5.69,36.86
T2303,A41,15-09-2025 12:55,23.11,34.66,Afternoon,High,19.63,Rain,1,776,1.1078,19.25,Incident,53.91,0.25,59.03
T2304,A23,11-09-2025 19:02,24.88,37.32,Afternoon,High,11.55,Fog,2,196,0.849,20.59,Incident,57.91,31.79,29.81
T2305,A28,28-09-2025 14:46,14.77,22.15,Afternoon,Medium,17.5,Fog,2,175,0.8198,13.72,Incident,35.87,11.65,32.03
T2306,A21,12-09-2025 05:58,24.09,36.13,Morning Peak,Medium,24.88,Rain,1,676,0.29,7.65,Traffic,43.78,22.55,29.07
T2307,A22,12-09-2025 15:44,27.01,40.52,Night,Low,49.42,Clear,0,812,0.2056,-0.13,No Delay,40.39,27.31,21.11
T2308,A19,24-09-2025 20:58,7.41,11.12,Morning Peak,High,14.39,Rain,1,537,0.6044,4.72,Incident,15.84,5.26,13.39
T2309,A25,18-09-2025 23:11,16.95,25.42,Afternoon,Low,51.66,Clear,0,919,0,1,No Delay,26.42,17.47,13.39
T2310,A39,02-09-2025 07:27,11.03,16.54,Evening Peak,High,17.59,Clear,0,880,0.98,8.07,Incident,24.61,14.58,12.55
T2311,A23,16-09-2025 04:25,26.27,39.4,Afternoon,Medium,11.87,Fog,2,347,1.1759,13.26,Incident,52.66,4.81,48.65
T2312,A31,19-09-2025 22:43,7.92,11.88,Night,Low,26,Fog,2,298,0.2444,3.7,Weather,15.58,7.33,11.6
T2313,A6,12-09-2025 03:39,13.3,19.95,Night,Medium,24.09,Clear,0,743,0.4964,7.94,Traffic,27.89,2.92,33.25
T2314,A5,07-09-2025 22:55,17.96,26.94,Evening Peak,High,13.6,Clear,0,938,1.0283,13.11,Incident,40.05,35.43,7.96
T2315,A24,22-09-2025 20:13,27.07,40.6,Morning Peak,Low,29.07,Fog,2,257,0.2434,10.94,Weather,51.54,21.82,33.74
T2316,A41,12-09-2025 04:28,25.79,38.68,Morning Peak,Low,34.28,Fog,2,349,0.6079,9.16,Weather,47.84,21.01,28.94
T2317,A4,27-09-2025 02:02,19.33,28.99,Evening Peak,Medium,48.35,Fog,2,359,0.3884,8.44,Weather,37.43,27.45,12.3
T2318,A32,15-09-2025 12:34,3.17,4.75,Afternoon,Low,37.27,Clear,0,923,0.0466,-0.18,No Delay,4.57,0.27,11.8
T2319,A3,05-09-2025 14:33,2.17,3.25,Night,Low,34.44,Clear,0,1022,0,-0.09,No Delay,3.16,1.3,8.54
T2320,A6,21-09-2025 05:10,18.54,27.81,Morning Peak,Medium,33.75,Fog,2,305,0.2979,5.08,Weather,32.89,14.51,26.86
T2321,A36,11-09-2025 14:10,27.2,40.8,Evening Peak,High,27.17,Rain,1,577,0.3923,7.83,Traffic,48.63,1.79,51.79
T2322,A40,15-09-2025 07:16,11.23,16.84,Morning Peak,Medium,20.85,Clear,0,931,0.4294,7.8,Traffic,24.64,22.08,8.17
T2323,A17,22-09-2025 06:53,24.1,36.15,Morning Peak,High,30.31,Clear,0,977,0.1207,10.69,Incident,46.84,26.67,25.1
T2324,A17,15-09-2025 13:36,23.71,35.56,Night,Medium,28.56,Clear,0,893,0.1573,15.08,Traffic,50.64,28.22,28.31
T2325,A40,03-09-2025 02:06,10.31,15.47,Morning Peak,High,41.74,Clear,0,815,0.4322,4.49,Traffic,19.96,11.78,17.34
T2326,A28,07-09-2025 13:09,25.61,38.41,Night,Medium,38.59,Fog,2,212,0.0754,15.83,Weather,54.24,17.99,37.43
T2327,A32,04-09-2025 08:51,8.42,12.63,Evening Peak,High,18.37,Fog,2,276,1.4383,7.38,Incident,20.01,8.05,15.25
T2328,A17,11-09-2025 03:06,18.73,28.09,Evening Peak,High,25.16,Rain,1,661,0.2652,5.59,Traffic,33.68,16.59,22.8
T2329,A49,11-09-2025 22:57,13.76,20.64,Morning Peak,Medium,11.45,Storm,3,163,1.1715,10.68,Incident,31.32,6.34,29.01
T2330,A45,14-09-2025 03:26,12.74,19.11,Evening Peak,High,26.02,Fog,2,282,0.8786,8.6,Incident,27.71,16.64,15.17
T2331,A5,03-09-2025 23:49,25.4,38.1,Morning Peak,High,14.97,Fog,2,350,0.6441,15.43,Incident,53.53,6.7,53.92
T2332,A42,25-09-2025 06:59,20.41,30.61,Evening Peak,High,17.52,Rain,1,656,0.7145,14.46,Incident,45.07,37.35,12.03
T2333,A39,10-09-2025 23:07,18.89,28.34,Night,Low,44.67,Clear,0,1034,0,0.43,No Delay,28.77,20.63,16.33
T2334,A42,13-09-2025 15:07,20.58,30.87,Afternoon,Low,46.87,Clear,0,795,0,-0.27,No Delay,30.6,15.12,22.18
T2335,A2,07-09-2025 02:59,16.25,24.38,Morning Peak,Medium,17.16,Rain,1,485,0.2597,5.91,Traffic,30.29,16.46,20.63
T2336,A14,28-09-2025 18:50,21.84,32.76,Afternoon,High,16.4,Storm,3,126,1.0889,12.63,Incident,45.39,15.5,34.32
T2337,A29,10-09-2025 21:33,18.1,27.15,Morning Peak,Medium,25.78,Rain,1,637,0.3717,5.05,Traffic,32.2,4.66,31.81
T2338,A49,16-09-2025 22:44,23.37,35.05,Afternoon,High,15.84,Fog,2,343,1.2447,17.09,Incident,52.14,45.41,12.43
T2339,A44,26-09-2025 00:10,29.44,44.16,Afternoon,High,27.12,Clear,0,884,0.0006,10.16,Traffic,54.32,8.73,45.94
T2340,A41,21-09-2025 02:04,19.48,29.22,Morning Peak,High,21.89,Clear,0,955,0.4692,13.66,Incident,42.88,33.32,15.07
T2341,A25,30-09-2025 19:59,13.63,20.45,Morning Peak,Low,32.25,Fog,2,315,0.1348,2.72,Weather,23.17,9.65,17.94
T2342,A11,10-09-2025 18:39,22.37,33.55,Morning Peak,Low,44.18,Storm,3,214,0.3637,4.75,Weather,38.3,28.72,12.99
T2343,A18,26-09-2025 02:18,27.31,40.96,Afternoon,Low,53.19,Clear,0,877,0.0293,2.38,No Delay,43.34,34.88,16.72
T2344,A37,02-09-2025 07:35,14.42,21.63,Afternoon,High,33.6,Clear,0,839,0.2581,6.92,Traffic,28.55,21.98,9.48
T2345,A18,16-09-2025 12:05,11.2,16.8,Night,Medium,26.16,Storm,3,283,0.9402,10.35,Incident,27.15,4.51,30.43
T2346,A21,06-09-2025 18:54,4.57,6.86,Morning Peak,High,35.52,Rain,1,594,0.2497,1.61,Traffic,8.47,4.58,8.98
T2347,A16,20-09-2025 15:14,16.38,24.57,Morning Peak,Medium,31.41,Storm,3,259,0.1305,5.9,Weather,30.47,17.11,19.35
T2348,A21,09-09-2025 02:18,24.77,37.16,Evening Peak,High,16.4,Clear,0,1046,1.1046,15.04,Incident,52.2,14.64,46.59
T2349,A8,28-09-2025 20:28,10.8,16.2,Evening Peak,High,18.21,Fog,2,170,0.2708,7.1,Traffic,23.3,18.19,7.79
T2350,A32,03-09-2025 08:52,16.13,24.2,Evening Peak,High,17.85,Storm,3,213,0.851,8.35,Incident,32.55,12.14,28.58
T2351,A47,21-09-2025 15:00,2.4,3.6,Night,Low,50.28,Clear,0,921,0.0721,0.21,No Delay,3.81,1.36,6.41
T2352,A46,28-09-2025 22:24,6.39,9.59,Evening Peak,High,8.84,Storm,3,255,1.4039,4.44,Incident,14.03,11.25,8.72
T2353,A41,10-09-2025 04:03,2.57,3.85,Morning Peak,High,31.34,Clear,0,831,0.2952,1.42,Traffic,5.27,2.11,9.3
T2354,A28,29-09-2025 14:06,5.21,7.82,Afternoon,Medium,47.4,Clear,0,823,0.2177,-0.06,No Delay,7.76,2.28,9.21
T2355,A39,04-09-2025 05:01,24.04,36.06,Evening Peak,High,12.77,Clear,0,915,0.6889,21.27,Incident,57.33,14.35,49.75
T2356,A49,30-09-2025 17:28,18.8,28.2,Evening Peak,Medium,39.33,Rain,1,664,0.2909,9.71,Traffic,37.91,29.29,13.39
T2357,A32,23-09-2025 11:47,17.17,25.76,Afternoon,Medium,17.25,Fog,2,212,0.642,16.4,Incident,42.16,35.99,8.46
T2358,A42,20-09-2025 13:50,27.04,40.56,Afternoon,High,7.73,Fog,2,197,0.9977,23.01,Incident,63.57,26.33,43.96
T2359,A44,19-09-2025 17:10,25.39,38.09,Night,Low,35.08,Storm,3,192,0.5199,7.74,Weather,45.83,22.8,29.28
T2360,A8,01-09-2025 05:10,26.46,39.69,Morning Peak,High,37.73,Clear,0,1027,0.2627,10.43,Traffic,50.12,19.95,33.38
T2361,A30,05-09-2025 14:04,28.95,43.42,Afternoon,Low,41.22,Fog,2,221,0.1934,16.9,Weather,60.32,37.55,30.64
T2362,A39,04-09-2025 08:04,18.02,27.03,Morning Peak,Medium,29.26,Clear,0,996,0.1438,11.06,Traffic,38.09,5.42,37.44
T2363,A36,26-09-2025 00:40,12.88,19.32,Night,Low,50.06,Clear,0,1057,0.106,0.69,No Delay,20.01,4.45,22.66
T2364,A22,03-09-2025 13:18,16.11,24.16,Afternoon,High,29.07,Fog,2,187,0.2339,2.47,Weather,26.63,16.67,13.26
T2365,A1,19-09-2025 22:47,21.51,32.27,Morning Peak,High,26.99,Clear,0,858,0.0951,7.34,Traffic,39.61,31.27,15.7
T2366,A50,16-09-2025 04:56,12.44,18.66,Night,Low,45.72,Clear,0,978,0,-0.59,No Delay,18.07,3.02,23.35
T2367,A24,30-09-2025 16:39,28.34,42.51,Afternoon,Low,45.03,Clear,0,794,0,1.89,No Delay,44.4,10.87,36.73
T2368,A23,09-09-2025 12:41,23.98,35.97,Night,Low,41.96,Clear,0,883,0.114,1.95,Weather,37.92,2.17,43.45
T2369,A29,11-09-2025 04:29,5.29,7.94,Morning Peak,High,33.36,Clear,0,980,0.1981,1.95,Traffic,9.89,5.75,5.69
T2370,A42,08-09-2025 07:40,9.21,13.82,Night,Low,60,Clear,0,875,0.1175,-0.28,No Delay,13.54,8.26,9.54
T2371,A46,04-09-2025 11:44,2.8,4.2,Night,Low,54.38,Clear,0,810,0,0.14,No Delay,4.34,3.73,4.7
T2372,A6,18-09-2025 09:25,29.54,44.31,Morning Peak,Low,53.41,Clear,0,860,0.0233,2.53,No Delay,46.84,1.77,45.54
T2373,A31,05-09-2025 05:53,14.83,22.25,Evening Peak,High,20.58,Fog,2,333,1.0571,9.17,Incident,31.42,12.82,25.06
T2374,A45,25-09-2025 12:21,2.91,4.37,Afternoon,Low,21.95,Fog,2,241,0.1979,1.22,Weather,5.59,2.73,8.89
T2375,A16,07-09-2025 00:09,14.95,22.42,Evening Peak,Medium,33.41,Clear,0,973,0.2132,11.2,Traffic,33.62,0.84,39.07
T2376,A2,28-09-2025 21:07,28.42,42.63,Evening Peak,Medium,19.2,Rain,1,646,0.731,16.6,Incident,59.23,24.31,37.96
T2377,A25,30-09-2025 15:19,26.93,40.4,Afternoon,Low,57.88,Clear,0,971,0.0657,-1.61,No Delay,38.79,4.69,39.48
T2378,A43,28-09-2025 06:03,5.7,8.55,Night,Low,25.33,Storm,3,131,0.2862,2.65,Weather,11.2,9.78,3.75
T2379,A42,30-09-2025 00:52,22.9,34.35,Morning Peak,Medium,31.19,Clear,0,906,0.1068,8.93,Traffic,43.28,14.2,34.63
T2380,A26,12-09-2025 02:27,24.23,36.34,Afternoon,High,42.17,Fog,2,239,0.4872,9.39,Weather,45.73,14.18,33.96
T2381,A16,08-09-2025 04:14,27.87,41.8,Morning Peak,High,14.28,Rain,1,641,0.7897,20.77,Traffic,62.57,9.74,59.43
T2382,A47,04-09-2025 05:13,25.01,37.52,Night,Low,36.66,Clear,0,883,0.1767,2.02,No Delay,39.54,30.27,15.43
T2383,A8,14-09-2025 01:06,10.97,16.45,Afternoon,High,34.91,Fog,2,223,0.2891,6.88,Weather,23.33,0.04,27.3
T2384,A41,20-09-2025 05:32,23.24,34.86,Night,Medium,19.43,Storm,3,251,0.4176,9.17,Weather,44.03,30.72,16.72
T2385,A45,30-09-2025 20:06,13.16,19.74,Afternoon,High,22.11,Clear,0,802,0.2393,4.65,Traffic,24.39,13.15,19.11
T2386,A31,04-09-2025 23:30,25,37.5,Night,Low,44.06,Clear,0,819,0.0913,1.29,No Delay,38.79,26.3,15.99
T2387,A49,23-09-2025 09:38,23.02,34.53,Morning Peak,Low,50.05,Clear,0,926,0.0926,-1.36,No Delay,33.17,25.3,11.56
T2388,A12,06-09-2025 13:20,15.89,23.84,Evening Peak,Low,58.18,Clear,0,961,0,-0.02,No Delay,23.82,5.36,23.49
T2389,A15,16-09-2025 21:23,13.29,19.93,Night,High,22.73,Rain,1,480,0.355,2.53,Weather,22.46,10.72,17.66
T2390,A44,03-09-2025 14:30,17.58,26.37,Morning Peak,High,28.15,Rain,1,427,0.2025,4.89,Traffic,31.26,7.71,26.55
T2391,A27,06-09-2025 01:26,7.35,11.03,Afternoon,High,38.77,Clear,0,927,0.3362,3.55,Traffic,14.58,12.35,8.62
T2392,A26,23-09-2025 19:13,21.21,31.82,Night,High,25.89,Fog,2,337,0.7173,17.37,Incident,49.19,38.64,13.5
T2393,A20,19-09-2025 08:29,3.26,4.89,Evening Peak,High,27.49,Clear,0,931,0.0811,2.42,Traffic,7.31,5.79,6.33
T2394,A25,28-09-2025 08:43,5.25,7.88,Night,Medium,25.12,Storm,3,203,0.2583,0.98,Weather,8.86,5.83,8.44
T2395,A12,20-09-2025 12:20,17.21,25.82,Night,High,14.97,Rain,1,690,0.8137,16.77,Incident,42.59,24.11,24.59
T2396,A33,04-09-2025 14:36,12.49,18.74,Night,Medium,48.67,Storm,3,199,0.1212,3.33,No Delay,22.07,11.22,15.04
T2397,A26,08-09-2025 10:24,9.08,13.62,Evening Peak,Low,59.13,Clear,0,894,0,0.25,No Delay,13.87,1.25,15.71
T2398,A49,12-09-2025 07:02,29.83,44.74,Afternoon,High,9.43,Clear,0,997,0.8113,12.85,Incident,57.59,13.17,51.55
T2399,A28,23-09-2025 20:48,17.8,26.7,Afternoon,Medium,25.13,Clear,0,926,0.1799,11.37,Traffic,38.07,28.51,14.33
T2400,A9,03-09-2025 20:50,24.08,36.12,Afternoon,Low,31.76,Rain,1,478,0.3509,16.07,Weather,52.19,15.07,41.35
T2401,A37,07-09-2025 23:38,26.7,40.05,Night,High,15.07,Clear,0,885,1.1667,14.77,Incident,54.82,5.35,58.92
T2402,A29,22-09-2025 07:59,26.18,39.27,Morning Peak,High,18.1,Clear,0,922,0.3723,19.12,Traffic,58.39,41.29,22.05
T2403,A15,21-09-2025 19:35,14.45,21.67,Morning Peak,Medium,20.71,Clear,0,969,0.2692,9.83,Traffic,31.5,8.13,28.52
T2404,A37,02-09-2025 03:49,21.65,32.48,Night,Low,49.27,Clear,0,1017,0.0076,-0.81,No Delay,31.67,26.45,6.95
T2405,A6,24-09-2025 09:11,7.5,11.25,Night,Low,35.81,Clear,0,875,0,0.52,No Delay,11.77,9.83,8.65
T2406,A50,02-09-2025 03:15,16.4,24.6,Afternoon,Low,21.98,Fog,2,287,0.1814,5.42,Weather,30.02,22.01,13.15
T2407,A14,19-09-2025 04:58,13,19.5,Evening Peak,High,13.41,Fog,2,218,0.7613,8.46,Incident,27.96,3.64,26.79
T2408,A2,07-09-2025 15:54,11.73,17.59,Evening Peak,High,22.62,Clear,0,887,0.1946,8.99,Traffic,26.58,18.09,12.26
T2409,A36,03-09-2025 01:25,10.18,15.27,Afternoon,Low,38.63,Fog,2,206,0.3343,1.81,No Delay,17.08,14.75,7.3
T2410,A44,25-09-2025 16:35,24.28,36.42,Night,Low,41.9,Clear,0,843,0,-0.06,No Delay,36.36,9.1,33.11
T2411,A28,06-09-2025 13:35,29.98,44.97,Afternoon,High,10.61,Fog,2,288,0.8971,27.46,Incident,72.43,50.77,28.77
T2412,A23,27-09-2025 21:12,15.21,22.82,Evening Peak,Medium,21.01,Clear,0,851,0.2221,4.97,Traffic,27.79,24.4,9.49
T2413,A48,09-09-2025 02:35,17.95,26.92,Night,Low,69.19,Clear,0,1000,0.1277,0.5,No Delay,27.42,1.8,33.12
T2414,A27,08-09-2025 08:15,28.63,42.95,Evening Peak,Medium,36.74,Clear,0,894,0.2177,15.39,Traffic,58.34,29.68,33.1
T2415,A39,24-09-2025 08:58,9.67,14.5,Morning Peak,High,29.46,Rain,1,672,0,3.33,Traffic,17.83,14.77,6.95
T2416,A37,11-09-2025 16:50,7.08,10.62,Afternoon,Medium,69.09,Clear,0,797,0,-0.03,No Delay,10.59,5.61,11.61
T2417,A40,07-09-2025 04:24,12.35,18.52,Evening Peak,High,39.43,Rain,1,560,0,6.85,Traffic,25.37,19.9,11.62
T2418,A16,16-09-2025 19:06,29.6,44.4,Afternoon,High,16.83,Clear,0,986,0.7937,28.38,Incident,72.78,8.85,71.65
T2419,A44,30-09-2025 23:33,21.07,31.61,Night,High,29.34,Rain,1,432,0.1282,15.3,Traffic,46.91,22.08,24.5
T2420,A7,09-09-2025 10:13,13.01,19.52,Evening Peak,Low,32.51,Fog,2,233,0.5615,7.95,Weather,27.47,5.97,27.29
T2421,A48,22-09-2025 09:27,10.2,15.3,Afternoon,Medium,25.42,Fog,2,302,0.4542,5.74,Weather,21.04,5.6,20.23
T2422,A50,03-09-2025 07:53,11.09,16.63,Morning Peak,Low,37.84,Fog,2,293,0.267,7.47,Weather,24.1,10.91,18
T2423,A24,26-09-2025 09:15,28.72,43.08,Evening Peak,Low,22.88,Storm,3,175,0.3814,6.19,Weather,49.27,41.06,9.75
T2424,A45,14-09-2025 11:24,11.33,17,Evening Peak,High,24.06,Storm,3,271,1.186,8.48,Traffic,25.48,5.38,22.65
T2425,A11,09-09-2025 05:57,14.4,21.6,Evening Peak,Low,40.1,Fog,2,308,0.4678,9.5,Weather,31.1,17.18,22.18
T2426,A1,01-09-2025 13:14,23.82,35.73,Evening Peak,High,18.73,Clear,0,790,0.3315,15.3,Traffic,51.03,0.21,50.77
T2427,A29,02-09-2025 04:30,11.52,17.28,Morning Peak,High,38.1,Clear,0,897,0.2338,5.39,Traffic,22.67,16.25,8.6
T2428,A25,05-09-2025 06:04,3.48,5.22,Night,Low,45.28,Clear,0,860,0,0.3,Weather,5.52,0.78,7.97
T2429,A32,15-09-2025 21:06,15.7,23.55,Afternoon,High,17.39,Fog,2,236,1.3176,8.36,Incident,31.91,18.96,18.59
T2430,A21,28-09-2025 16:55,29.76,44.64,Night,Medium,43.24,Fog,2,210,0,10.92,Weather,55.56,32.18,28.33
T2431,A30,09-09-2025 01:11,29.66,44.49,Morning Peak,High,18.43,Fog,2,316,1.3078,18.36,Incident,62.85,14.68,53
T2432,A39,06-09-2025 00:17,20.59,30.89,Night,Low,33.26,Fog,2,235,0.627,6.04,Weather,36.93,15.39,25.77
T2433,A8,13-09-2025 02:40,6.93,10.39,Morning Peak,Low,52.97,Clear,0,1071,0.159,0.37,No Delay,10.76,1.43,13.04
T2434,A14,13-09-2025 22:10,26.37,39.55,Evening Peak,Medium,29.15,Clear,0,831,0.2285,9.33,Traffic,48.88,19.19,31.69
T2435,A10,12-09-2025 10:10,4.92,7.38,Morning Peak,Low,52.69,Clear,0,796,0.1293,-0.17,No Delay,7.21,0.32,14.56
T2436,A40,22-09-2025 20:48,29.64,44.46,Night,High,17.57,Rain,1,417,0.5604,23.8,Incident,68.26,6.28,64.48
T2437,A34,14-09-2025 13:04,10.72,16.08,Night,Medium,22.91,Clear,0,867,0.2164,6.32,Traffic,22.4,7.54,16.5
T2438,A45,04-09-2025 22:22,18.33,27.49,Night,Medium,26.82,Clear,0,888,0.1684,6,Traffic,33.49,2.63,35.78
T2439,A41,10-09-2025 21:44,7.05,10.57,Morning Peak,Low,47.84,Clear,0,765,0.1321,0.56,No Delay,11.13,1.64,17.33
T2440,A12,30-09-2025 10:30,8.34,12.51,Night,Low,44.13,Clear,0,843,0.0716,0.43,No Delay,12.94,6.12,13.03
T2441,A23,23-09-2025 18:32,21.8,32.7,Evening Peak,Medium,28.38,Clear,0,1015,0.3191,8.62,Incident,41.32,4.3,42.79
T2442,A29,03-09-2025 07:06,10.69,16.04,Evening Peak,High,24.64,Clear,0,984,0.1589,7.74,Traffic,23.78,12.84,16.29
T2443,A22,05-09-2025 15:22,20.07,30.11,Night,Medium,39.23,Storm,3,187,0.337,9.61,Weather,39.72,26.24,15.8
T2444,A2,14-09-2025 06:03,4.46,6.69,Night,Medium,36.08,Fog,2,254,0.1729,2.98,Weather,9.67,2.64,12.07
T2445,A1,14-09-2025 06:31,15.94,23.91,Night,High,6.77,Clear,0,824,0.628,8.74,Incident,32.65,24.51,12.12
T2446,A29,24-09-2025 18:41,6.17,9.25,Afternoon,High,33.74,Clear,0,859,0.7611,3.54,Incident,12.79,2.11,17.61
T2447,A23,07-09-2025 15:35,11.36,17.04,Morning Peak,High,26.62,Fog,2,316,0.3913,7.08,Traffic,24.12,1.99,27.33
T2448,A46,30-09-2025 07:36,4.06,6.09,Morning Peak,Low,45.94,Clear,0,869,0.0061,0.01,Weather,6.1,0.61,8
T2449,A24,24-09-2025 04:52,17.58,26.37,Afternoon,Low,45.97,Clear,0,1032,0,0.85,No Delay,27.22,7.63,29.93
T2450,A20,02-09-2025 23:49,15.31,22.97,Afternoon,Low,54.8,Clear,0,845,0,0.77,No Delay,23.74,4.77,22.06
T2451,A27,08-09-2025 10:43,22.98,34.47,Evening Peak,High,19.45,Rain,1,621,0.2203,8.14,Traffic,42.61,17.57,32.61
T2452,A41,02-09-2025 03:44,22.25,33.38,Morning Peak,Low,25.84,Storm,3,183,0.2338,3.52,Weather,36.9,17.3,22.29
T2453,A17,25-09-2025 20:41,2.09,3.13,Night,Medium,42.57,Clear,0,813,0,0.03,No Delay,3.16,1.44,4
T2454,A26,10-09-2025 20:54,15.8,23.7,Morning Peak,Low,42.31,Clear,0,1062,0.2291,0.17,No Delay,23.87,16.63,14.72
T2455,A9,14-09-2025 01:02,27.49,41.23,Night,Low,52.42,Clear,0,875,0.0651,-1.41,No Delay,39.82,24.9,20.94
T2456,A29,29-09-2025 00:30,6.79,10.19,Evening Peak,Medium,25.89,Clear,0,831,0.1267,3.02,Traffic,13.21,4.32,12.78
T2457,A40,19-09-2025 14:36,9.32,13.98,Evening Peak,Medium,26.92,Clear,0,1035,0.5237,6.5,Traffic,20.48,12.41,14.33
T2458,A31,26-09-2025 23:12,26.09,39.13,Afternoon,Low,33.43,Clear,0,952,0,-0.13,No Delay,39,1.49,38.63
T2459,A5,19-09-2025 18:05,12.45,18.67,Evening Peak,Medium,30.22,Storm,3,94,0.877,5.65,Weather,24.32,8.97,17.43
T2460,A12,16-09-2025 20:26,15.44,23.16,Evening Peak,Low,57.7,Clear,0,948,0.08,0.97,No Delay,24.13,16.39,10.24
T2461,A21,20-09-2025 06:28,7.93,11.89,Morning Peak,High,17.18,Fog,2,264,0.5935,5.42,Incident,17.31,7.22,15.61
T2462,A6,17-09-2025 17:25,27.84,41.76,Evening Peak,High,22.12,Clear,0,1037,0.2001,9.34,Traffic,51.1,32.5,23.83
T2463,A28,14-09-2025 11:49,3.56,5.34,Morning Peak,High,17.6,Rain,1,541,1.0462,1.92,Incident,7.26,1.52,11.07
T2464,A18,01-09-2025 13:54,24.39,36.59,Morning Peak,High,28.32,Clear,0,871,0.2535,17.49,Traffic,54.08,42.08,15.84
T2465,A12,13-09-2025 23:43,29.3,43.95,Night,Low,47.01,Clear,0,900,0,1.08,No Delay,45.03,38.02,10.29
T2466,A39,20-09-2025 22:49,3.51,5.26,Morning Peak,Medium,20.6,Fog,2,303,0.9595,1.87,Incident,7.13,4.43,7.43
T2467,A18,28-09-2025 00:25,26.41,39.62,Night,High,28.71,Clear,0,966,0.1809,16.3,Traffic,55.92,16.84,49.53
T2468,A45,08-09-2025 07:48,9.98,14.97,Evening Peak,High,14.77,Clear,0,984,0.9871,8.33,Incident,23.3,13.78,16.28
T2469,A48,09-09-2025 08:35,28.44,42.66,Night,Low,27.94,Fog,2,329,0.3487,19.05,Weather,61.71,15.76,46.46
T2470,A31,22-09-2025 04:02,21.28,31.92,Night,Low,39.4,Fog,2,197,0.2905,4.15,Weather,36.07,0.32,39.28
T2471,A37,28-09-2025 10:38,17.53,26.3,Morning Peak,High,9.93,Clear,0,786,0.8113,14.48,Incident,40.78,23.95,18.19
T2472,A13,15-09-2025 19:24,2.94,4.41,Afternoon,Low,31.83,Clear,0,776,0.1182,-0.1,No Delay,4.31,0.7,10.05
T2473,A47,08-09-2025 09:33,8.22,12.33,Afternoon,Medium,17.14,Rain,1,491,0.6567,5.14,Incident,17.47,6.82,12.54
T2474,A17,13-09-2025 19:36,6.33,9.5,Afternoon,Low,25,Rain,1,689,0.0336,3.75,Weather,13.25,6.15,9.71
T2475,A28,20-09-2025 00:18,15.83,23.75,Morning Peak,High,5,Fog,2,348,0.6733,10.26,Incident,34.01,0.57,39.35
T2476,A4,12-09-2025 00:18,10.02,15.03,Night,Low,33.47,Storm,3,130,0.1459,6.01,Weather,21.04,12.05,11.3
T2477,A30,22-09-2025 16:40,8.39,12.59,Evening Peak,High,8.86,Rain,1,600,1.3366,7.23,Incident,19.82,15.34,9.32
T2478,A31,26-09-2025 15:32,19.59,29.39,Afternoon,Low,54.15,Clear,0,960,0,1.23,No Delay,30.62,18.77,15.13
T2479,A7,24-09-2025 03:30,27.58,41.37,Afternoon,Low,40.98,Rain,1,670,0.0572,4.66,Weather,46.03,7.19,42.79
T2480,A49,06-09-2025 14:24,4.91,7.37,Evening Peak,High,11.24,Rain,1,457,0.7956,3.28,Incident,10.65,7.3,7.48
T2481,A2,29-09-2025 22:25,2.21,3.31,Afternoon,Low,32.83,Fog,2,318,0.5044,0.45,Weather,3.76,0.26,6.15
T2482,A23,26-09-2025 20:41,3.59,5.38,Evening Peak,Medium,35.92,Rain,1,491,0.2762,1.92,Traffic,7.3,5.36,5.14
T2483,A26,03-09-2025 22:44,16.31,24.46,Night,High,36.39,Storm,3,206,0.0588,5.75,Weather,30.21,5.21,27.71
T2484,A12,02-09-2025 15:17,7.16,10.74,Morning Peak,High,28.01,Rain,1,592,0.1555,4.36,Incident,15.1,8.44,10.17
T2485,A29,26-09-2025 07:02,13.87,20.8,Afternoon,Low,43.06,Clear,0,904,0.0312,1.16,No Delay,21.96,8.22,17.89
T2486,A15,21-09-2025 19:19,14.61,21.91,Afternoon,High,23.99,Rain,1,521,0.2671,5.62,Traffic,27.53,20.25,12.24
T2487,A8,16-09-2025 15:48,23.33,34.99,Morning Peak,High,31.92,Rain,1,415,0.2435,11.47,Traffic,46.46,41.54,8.1
T2488,A15,19-09-2025 18:47,17.92,26.88,Night,Medium,31.39,Fog,2,295,0.3067,9.21,Weather,36.09,17.4,25.05
T2489,A14,08-09-2025 20:46,24.33,36.49,Evening Peak,High,27.18,Rain,1,459,0.0019,8.39,Traffic,44.88,23.63,23.75
T2490,A24,28-09-2025 08:01,4.12,6.18,Afternoon,Low,38.15,Clear,0,854,0.0029,-0.21,No Delay,5.97,1.49,7.21
T2491,A4,15-09-2025 08:01,2.95,4.43,Night,Low,35.21,Clear,0,949,0,-0.04,No Delay,4.39,2.72,6.3
T2492,A28,25-09-2025 14:29,3.58,5.37,Afternoon,Low,48.86,Clear,0,823,0,0.25,No Delay,5.62,2.72,7.45
T2493,A46,29-09-2025 03:30,22.82,34.23,Evening Peak,Medium,21.72,Fog,2,294,0.4224,5.18,Weather,39.41,35.36,11.86
T2494,A24,14-09-2025 21:09,28.64,42.96,Afternoon,Medium,26.72,Clear,0,942,1.0953,17.83,Incident,60.79,44.67,17.78
T2495,A3,16-09-2025 23:33,6.38,9.57,Evening Peak,High,26.77,Clear,0,869,0.1432,1.81,Traffic,11.38,3.28,13.51
T2496,A15,03-09-2025 14:35,9.68,14.52,Afternoon,High,24.98,Clear,0,899,0.1974,5.8,Traffic,20.32,10.17,11.73
T2497,A27,12-09-2025 12:04,15.86,23.79,Evening Peak,Medium,45.86,Rain,1,654,0.388,9.94,Weather,33.73,8.94,33.06
T2498,A5,14-09-2025 12:22,7.32,10.98,Evening Peak,Medium,26.84,Storm,3,116,0.4743,4.26,Weather,15.24,10.63,11.56
T2499,A47,22-09-2025 19:05,23.14,34.71,Morning Peak,High,11.31,Clear,0,961,0.9618,16.72,Incident,51.43,0.69,58.52
T2500,A19,17-09-2025 17:41,8.38,12.57,Evening Peak,Medium,35.87,Fog,2,334,0.3897,3.51,Weather,16.08,8.44,14.29
T2501,A45,07-09-2025 02:55,15.97,23.95,Afternoon,Medium,34.23,Rain,1,426,0.2251,4.45,Traffic,28.4,22.34,9.11
T2502,A45,24-09-2025 11:07,23.4,35.1,Morning Peak,High,16.89,Clear,0,823,0.2951,9.68,Traffic,44.78,20.18,26.94
T2503,A1,06-09-2025 22:36,20.5,30.75,Afternoon,Low,46.22,Clear,0,943,0.1716,1.04,No Delay,31.79,8.63,29.9
T2504,A4,15-09-2025 20:37,21.76,32.64,Evening Peak,High,19.66,Clear,0,740,1.0589,12.39,Incident,45.03,24.58,25.26
T2505,A14,01-09-2025 04:04,18.54,27.81,Afternoon,Low,29.7,Fog,2,297,0.2908,5.49,Weather,33.3,25.97,14.18
T2506,A17,13-09-2025 13:02,3.1,4.65,Afternoon,Low,35.05,Clear,0,885,0.2129,0.07,No Delay,4.72,3.23,6.25
T2507,A46,08-09-2025 09:20,8.84,13.26,Afternoon,High,11.84,Clear,0,974,0.7043,6.73,Incident,19.99,12.52,12.16
T2508,A27,10-09-2025 21:30,24.4,36.6,Evening Peak,Low,53.48,Clear,0,832,0.1444,-1.12,No Delay,35.48,7.54,34.06
T2509,A28,24-09-2025 18:00,8.26,12.39,Night,Medium,27.82,Fog,2,240,0.375,2.75,Weather,15.14,4.09,15.22
T2510,A25,11-09-2025 17:47,27.27,40.91,Morning Peak,Low,22.66,Fog,2,297,0.4182,13.08,Weather,53.99,43.19,16.8
T2511,A26,22-09-2025 14:00,9.55,14.33,Afternoon,Medium,21.43,Clear,0,969,0.3649,6.42,Traffic,20.75,3.59,24.46
T2512,A6,28-09-2025 04:58,17.85,26.78,Night,High,29.81,Storm,3,155,0.2477,4.23,Weather,31.01,20.63,12.1
T2513,A23,08-09-2025 06:08,3.66,5.49,Morning Peak,Medium,21.87,Clear,0,967,0.1583,2.49,Traffic,7.98,4.06,10.1
T2514,A21,04-09-2025 03:10,10.81,16.21,Night,Medium,41.56,Rain,1,546,0.556,2.14,Weather,18.35,3.19,22.95
T2515,A9,28-09-2025 16:13,8.22,12.33,Night,Low,45.2,Clear,0,895,0,-0.17,No Delay,12.16,1.96,15.05
T2516,A26,20-09-2025 12:39,13.3,19.95,Night,Medium,48.86,Fog,2,153,0.1185,2.68,Weather,22.63,18.31,10.15
T2517,A35,11-09-2025 03:01,24.88,37.32,Morning Peak,High,19.71,Clear,0,807,1.0552,24.18,Incident,61.5,18.8,47.65
T2518,A32,17-09-2025 14:21,20.38,30.57,Night,Medium,32.86,Storm,3,293,0.2766,5.64,Weather,36.21,24.45,15.45
T2519,A41,05-09-2025 15:16,8.55,12.83,Morning Peak,High,18.94,Rain,1,669,0.8988,6.2,Incident,19.03,16.8,4.89
T2520,A4,16-09-2025 23:27,22.49,33.73,Morning Peak,Low,17.83,Storm,3,126,0.4433,3.93,Weather,37.66,8.5,29.53
T2521,A50,20-09-2025 14:54,9.67,14.5,Night,High,30.9,Rain,1,584,0.0954,2.96,Traffic,17.46,3.78,18.96
T2522,A37,19-09-2025 02:00,10,15,Morning Peak,High,12.78,Fog,2,251,1.0566,8.96,Incident,23.96,3.84,20.96
T2523,A8,23-09-2025 08:49,15.28,22.92,Evening Peak,High,18.3,Storm,3,165,1.2652,12.75,Incident,35.67,15.44,30.01
T2524,A8,18-09-2025 19:14,14.5,21.75,Evening Peak,High,28.83,Rain,1,523,0.2645,8.24,Traffic,29.99,0.1,33.26
T2525,A12,29-09-2025 13:01,19.93,29.89,Afternoon,Medium,44.12,Storm,3,174,0.1885,13.32,Weather,43.21,23.84,28.8
T2526,A37,14-09-2025 10:27,28.29,42.43,Morning Peak,High,31.16,Fog,2,133,0.2346,16.39,Traffic,58.82,51.69,13.29
T2527,A26,30-09-2025 13:47,7.07,10.61,Afternoon,High,13.48,Clear,0,831,0.8344,6.14,Incident,16.75,5.76,13.82
T2528,A23,21-09-2025 23:12,28.6,42.9,Afternoon,Low,47.62,Clear,0,929,0.0679,0.21,No Delay,43.11,14.64,30.95
T2529,A7,20-09-2025 14:33,15.03,22.54,Evening Peak,Medium,30.66,Clear,0,768,0.0739,8.95,Traffic,31.49,2.22,30.66
T2530,A25,08-09-2025 12:05,24.72,37.08,Evening Peak,High,22.63,Rain,1,550,1.0149,19.52,Incident,56.6,39.07,22.7
T2531,A21,01-09-2025 23:26,22.12,33.18,Afternoon,High,21.55,Rain,1,590,0.6068,20.84,Incident,54.02,1.45,57.29
T2532,A37,26-09-2025 03:49,24.32,36.48,Evening Peak,High,13.34,Clear,0,939,0.2884,12.66,Traffic,49.14,28.07,28.44
T2533,A21,03-09-2025 01:50,20.13,30.2,Night,Low,57.29,Clear,0,832,0,0.31,No Delay,30.51,7.81,29.15
T2534,A18,05-09-2025 22:51,17.01,25.52,Night,Low,50.71,Storm,3,178,0.2665,10.75,Weather,36.27,10.7,31.4
T2535,A17,02-09-2025 22:32,2.44,3.66,Afternoon,Low,56.38,Clear,0,796,0.081,0.13,No Delay,3.79,2.84,6.61
T2536,A43,05-09-2025 11:14,24.16,36.24,Morning Peak,High,37.03,Clear,0,784,0.2828,12.6,Traffic,48.84,36.48,18.35
T2537,A13,05-09-2025 19:39,13.19,19.79,Morning Peak,Low,40.34,Clear,0,865,0,-0.66,No Delay,19.13,12.05,9.93
T2538,A7,22-09-2025 23:24,13.66,20.49,Morning Peak,Medium,44.42,Fog,2,219,0.0997,4.18,Weather,24.67,9.37,21.9
T2539,A6,07-09-2025 05:28,26.72,40.08,Night,Low,49.69,Clear,0,1013,0,-0.3,No Delay,39.78,6.67,40.55
T2540,A1,03-09-2025 20:37,10.1,15.15,Evening Peak,Medium,11.44,Fog,2,258,0.5803,7.8,Incident,22.95,17.03,14.23
T2541,A41,14-09-2025 08:57,27.72,41.58,Night,High,15.9,Rain,1,572,1.0522,22.58,Incident,64.16,35.48,37.86
T2542,A19,02-09-2025 05:06,12.15,18.23,Morning Peak,High,18,Clear,0,820,0.3986,5.13,Incident,23.36,17.13,9.93
T2543,A9,09-09-2025 05:02,9.58,14.37,Afternoon,Low,53.07,Clear,0,790,0.0393,0.19,No Delay,14.56,5.57,16.05
T2544,A33,30-09-2025 21:49,19.6,29.4,Morning Peak,High,22.55,Rain,1,481,0.2174,11.63,Traffic,41.03,12.99,33.97
T2545,A7,27-09-2025 17:02,16.01,24.02,Afternoon,Low,55.05,Clear,0,898,0.0618,0.16,No Delay,24.18,20.82,7.29
T2546,A12,24-09-2025 21:09,16.1,24.15,Night,Low,53.63,Clear,0,1016,0,0.71,Weather,24.86,9.52,18.08
T2547,A7,02-09-2025 13:27,27.47,41.2,Night,Medium,54.46,Clear,0,812,0,1.52,No Delay,42.72,0.93,45.86
T2548,A21,11-09-2025 09:26,27.65,41.47,Evening Peak,Low,41.41,Rain,1,595,0.3709,18.48,Weather,59.95,33.33,32.04
T2549,A42,07-09-2025 18:27,13.17,19.75,Afternoon,High,12.16,Fog,2,353,0.5199,10.15,Incident,29.9,20.57,13.54
T2550,A38,14-09-2025 02:30,11.86,17.79,Afternoon,High,16.81,Storm,3,197,0.5993,7.71,Incident,25.5,22.36,6.76
T2551,A31,16-09-2025 17:31,23.3,34.95,Evening Peak,High,22.14,Rain,1,526,0.8781,20.98,Incident,55.93,33.59,26.87
T2552,A15,21-09-2025 10:25,9.45,14.17,Evening Peak,Medium,47.38,Rain,1,540,0.3319,2.39,Weather,16.56,2.85,18
T2553,A45,15-09-2025 22:14,10.52,15.78,Afternoon,Low,44.36,Clear,0,793,0,-0.41,No Delay,15.37,3.42,16.13
T2554,A44,25-09-2025 21:00,7.53,11.29,Night,Low,43.87,Clear,0,994,0.0188,0.64,No Delay,11.93,2.45,11.82
T2555,A4,19-09-2025 13:43,29.72,44.58,Morning Peak,Medium,30.9,Clear,0,897,0.3868,20.83,Traffic,65.41,2.64,71.91
T2556,A14,28-09-2025 17:24,5.43,8.14,Evening Peak,High,15.07,Fog,2,243,0.8996,3.64,Traffic,11.78,8.41,10.45
T2557,A49,09-09-2025 20:42,8.66,12.99,Evening Peak,High,27.01,Fog,2,289,0.1153,4.85,Weather,17.84,3.15,16.94
T2558,A40,23-09-2025 19:08,10.27,15.4,Evening Peak,High,8.16,Fog,2,158,1.0185,8.77,Incident,24.17,9.02,20.41
T2559,A26,29-09-2025 06:40,5.4,8.1,Evening Peak,Low,52.64,Fog,2,237,0.2717,1.29,Weather,9.39,0.96,10.82
T2560,A43,08-09-2025 04:14,22.22,33.33,Morning Peak,Medium,28.55,Clear,0,963,0.2475,12.59,Traffic,45.92,37.53,14.98
T2561,A26,27-09-2025 14:59,26.15,39.22,Night,Medium,44.6,Fog,2,291,0.448,11.33,Weather,50.55,41.18,14.19
T2562,A27,09-09-2025 22:41,28.74,43.11,Morning Peak,High,32.82,Rain,1,723,1.176,12.71,Incident,55.82,16.23,42.66
T2563,A25,13-09-2025 05:35,23.98,35.97,Morning Peak,High,15.46,Storm,3,223,1.3078,16.92,Incident,52.89,4.18,50.35
T2564,A50,29-09-2025 09:50,25.74,38.61,Afternoon,Medium,36.14,Storm,3,118,0.3502,16.37,Weather,54.98,47.15,13.11
T2565,A41,22-09-2025 21:24,18.32,27.48,Morning Peak,High,29.16,Rain,1,419,0.0829,6.96,Traffic,34.44,24.62,14.52
T2566,A37,15-09-2025 06:10,17.74,26.61,Night,Low,55.93,Clear,0,1070,0,1.1,No Delay,27.71,15.33,19.92
T2567,A20,11-09-2025 19:38,13.72,20.58,Night,Low,47.52,Clear,0,936,0,1.12,No Delay,21.7,11.14,14.26
T2568,A47,20-09-2025 11:20,9.66,14.49,Night,High,15.49,Clear,0,969,1.209,6.82,Incident,21.31,5.17,21.89
T2569,A30,10-09-2025 01:47,23.09,34.64,Afternoon,Medium,44.22,Rain,1,512,0.4741,9.77,Weather,44.41,24.34,27.33
T2570,A44,18-09-2025 13:21,29.57,44.35,Afternoon,Low,33.1,Clear,0,907,0,-1.13,No Delay,43.22,23.89,23.54
T2571,A24,19-09-2025 21:49,25.5,38.25,Morning Peak,High,17.95,Fog,2,310,0.9485,14.74,Incident,52.99,34.89,21.06
T2572,A2,24-09-2025 22:17,15.57,23.36,Evening Peak,High,23.19,Rain,1,592,0.6661,7.44,Incident,30.8,11.2,28.52
T2573,A28,28-09-2025 11:30,19.34,29.01,Evening Peak,High,36.09,Rain,1,644,0.3505,10.84,Traffic,39.85,15.31,29.63
T2574,A18,18-09-2025 04:56,11.73,17.59,Evening Peak,High,32.46,Clear,0,872,0.3093,4.95,Traffic,22.54,4.22,19.01
T2575,A30,03-09-2025 22:11,29.86,44.79,Morning Peak,Low,23.06,Storm,3,279,0.0149,14.25,Weather,59.04,10.24,58.04
T2576,A23,02-09-2025 16:01,5.4,8.1,Night,Medium,31.43,Rain,1,524,0.0394,1.37,Weather,9.47,0.02,15.86
T2577,A28,24-09-2025 03:45,2.17,3.25,Evening Peak,Medium,40.61,Fog,2,281,0.1891,1.15,Weather,4.4,3.63,4.3
T2578,A44,22-09-2025 07:17,4.92,7.38,Evening Peak,High,31.56,Fog,2,337,1.2414,2.44,Incident,9.82,7.93,9.54
T2579,A19,18-09-2025 18:03,20.51,30.77,Morning Peak,High,20.25,Clear,0,1080,0.2055,9.04,Traffic,39.81,25.42,18.04
T2580,A2,19-09-2025 10:55,18.97,28.45,Evening Peak,Low,21.49,Fog,2,320,0.1481,9.23,Weather,37.68,10.35,33.56
T2581,A39,26-09-2025 11:33,18.25,27.38,Evening Peak,Medium,33.06,Clear,0,822,0.2415,5.96,Traffic,33.34,8.35,29.07
T2582,A7,28-09-2025 01:30,8.42,12.63,Evening Peak,High,11.43,Fog,2,127,1.0356,3.59,Incident,16.22,4.67,17.76
T2583,A30,03-09-2025 02:55,6.55,9.83,Evening Peak,Medium,5,Clear,0,954,1.3675,4.61,Incident,14.44,8.04,12.58
T2584,A23,28-09-2025 05:40,4.82,7.23,Afternoon,Medium,34.64,Fog,2,228,0.2588,3,Weather,10.23,9.13,8.14
T2585,A3,22-09-2025 19:57,24.16,36.24,Afternoon,High,41.51,Clear,0,920,0.0973,15.89,Traffic,52.13,6.3,49.12
T2586,A5,08-09-2025 19:00,14.99,22.49,Evening Peak,High,28.57,Rain,1,591,0.1021,9.63,Traffic,32.12,19.44,18.22
T2587,A14,19-09-2025 17:08,23.17,34.76,Morning Peak,High,29.15,Clear,0,981,0.2162,11.97,Traffic,46.73,8.89,44.64
T2588,A7,16-09-2025 06:48,13.36,20.04,Afternoon,Low,49.15,Clear,0,863,0.1273,0.44,No Delay,20.48,7.95,16.86
T2589,A14,15-09-2025 09:09,8.52,12.78,Morning Peak,High,31.42,Clear,0,748,0.0269,5.23,Traffic,18.01,4.6,19.55
T2590,A9,13-09-2025 10:51,16.32,24.48,Morning Peak,High,8.4,Rain,1,697,0.9903,13.66,Incident,38.14,5.75,40.55
T2591,A9,15-09-2025 10:45,17.57,26.36,Morning Peak,Low,40.16,Clear,0,840,0,0.23,No Delay,26.59,14.57,18.62
T2592,A40,27-09-2025 23:20,22.04,33.06,Evening Peak,Low,32.36,Clear,0,963,0.1445,1.61,No Delay,34.67,8.62,32.6
T2593,A26,12-09-2025 16:03,21.35,32.03,Evening Peak,High,20.66,Clear,0,910,0.6734,16.51,Incident,48.54,16.76,36.59
T2594,A15,20-09-2025 22:13,24.92,37.38,Morning Peak,High,24.26,Fog,2,289,1.3237,20.83,Incident,58.21,11.68,46.4
T2595,A36,13-09-2025 14:15,7.5,11.25,Night,Low,44.53,Clear,0,768,0,-0.12,No Delay,11.13,4.47,9.82
T2596,A45,27-09-2025 20:39,26.36,39.54,Night,Medium,21.51,Clear,0,840,1.0665,24.36,Incident,63.9,48.95,17.69
T2597,A35,01-09-2025 15:42,6.48,9.72,Evening Peak,High,8.18,Rain,1,466,1.2669,4.82,Incident,14.54,11.7,5.62
T2598,A35,02-09-2025 19:45,29.77,44.66,Evening Peak,Low,30.14,Rain,1,657,0.2947,9.71,Weather,54.37,17.36,46.5
T2599,A32,16-09-2025 03:49,12.87,19.3,Night,Medium,40.92,Fog,2,222,0.5427,7.56,Weather,26.86,0.71,28.34
T2600,A29,13-09-2025 19:12,8.83,13.25,Night,High,7.62,Fog,2,340,0.9468,6.34,Incident,19.59,16.27,11.63
T2601,A1,09-09-2025 06:15,6.31,9.46,Morning Peak,High,21.53,Clear,0,1046,0.1605,2.91,Traffic,12.37,7.38,8.65
T2602,A45,23-09-2025 16:33,11.28,16.92,Evening Peak,High,27.45,Clear,0,891,0.1635,8.57,Traffic,25.49,13.88,14.1
T2603,A22,06-09-2025 19:37,7.98,11.97,Afternoon,Medium,42.73,Clear,0,941,0,-0.32,No Delay,11.65,7.67,6.73
T2604,A49,29-09-2025 18:14,3.74,5.61,Evening Peak,High,26.13,Clear,0,903,0.1256,1.51,Traffic,7.12,2.24,8.11
T2605,A30,03-09-2025 07:57,12.94,19.41,Night,Low,29.34,Fog,2,177,0.2501,6.55,No Delay,25.96,17.25,13.9
T2606,A40,08-09-2025 03:26,3.47,5.21,Afternoon,Low,43.52,Clear,0,880,0.0879,0.04,No Delay,5.25,0.6,7.64
T2607,A21,21-09-2025 22:47,20.08,30.12,Morning Peak,High,29.79,Clear,0,933,0.3133,6.58,Traffic,36.7,19.75,21.04
T2608,A35,16-09-2025 01:11,12.56,18.84,Evening Peak,High,28.03,Clear,0,901,0.3264,7.61,Traffic,26.45,4.68,23.57
T2609,A46,26-09-2025 02:33,19.86,29.79,Morning Peak,Medium,45.95,Rain,1,547,0.2683,4.15,Weather,33.94,20.5,20.21
T2610,A48,18-09-2025 07:52,5.84,8.76,Evening Peak,High,16.17,Fog,2,216,0.8005,5.59,Incident,14.35,0.71,14.84
T2611,A26,12-09-2025 15:31,10.07,15.11,Afternoon,Low,31.53,Clear,0,908,0.1208,0.18,No Delay,15.29,6.21,14.93
T2612,A43,18-09-2025 01:57,3.39,5.08,Night,Medium,45.74,Clear,0,1055,0.032,0.25,No Delay,5.33,2.96,5.18
T2613,A45,11-09-2025 21:05,7.07,10.61,Night,Medium,53.48,Fog,2,265,0.4255,2.43,Weather,13.04,9.26,7.1
T2614,A24,25-09-2025 14:44,29.43,44.15,Afternoon,Medium,41.05,Rain,1,649,0.1501,18.25,Weather,62.4,28.77,40.49
T2615,A7,14-09-2025 13:22,10.41,15.61,Morning Peak,Medium,22.15,Storm,3,296,0.3469,2.21,Weather,17.82,14.59,11.56
T2616,A46,08-09-2025 03:30,26.17,39.26,Evening Peak,High,35.59,Clear,0,804,0.2399,16.92,Traffic,56.18,10.08,51.32
T2617,A19,27-09-2025 07:40,14.07,21.11,Morning Peak,High,6.93,Rain,1,556,0.4899,9.72,Incident,30.83,1.91,32.74
T2618,A39,06-09-2025 00:08,28.71,43.06,Evening Peak,High,29.57,Fog,2,335,0.2615,18.44,Traffic,61.5,14.53,48.97
T2619,A22,06-09-2025 23:21,22.62,33.93,Afternoon,Low,26.47,Rain,1,639,0.434,15.15,Weather,49.08,43.01,7.82
T2620,A39,26-09-2025 08:27,15.77,23.66,Evening Peak,High,18.03,Storm,3,147,0.5175,10.95,Incident,34.61,14.8,22.08
T2621,A30,05-09-2025 19:42,26.69,40.04,Night,High,30.73,Clear,0,818,0.2338,12.7,Traffic,52.74,27.91,25.67
T2622,A35,13-09-2025 11:38,17.51,26.27,Night,Low,44.23,Clear,0,991,0.2426,0.37,No Delay,26.64,18.15,11.9
T2623,A48,30-09-2025 04:16,21.6,32.4,Evening Peak,Medium,18.32,Clear,0,845,1.0293,18.47,Incident,50.87,2.44,55.42
T2624,A12,07-09-2025 10:43,9.8,14.7,Night,Low,24.78,Fog,2,217,0.4854,6.11,Weather,20.81,9.47,13.82
T2625,A10,18-09-2025 08:39,23.4,35.1,Afternoon,Low,55.43,Clear,0,997,0.1393,-0.54,No Delay,34.56,12.99,25.18
T2626,A3,18-09-2025 14:12,3.6,5.4,Night,Low,44.54,Clear,0,879,0.1208,0.28,No Delay,5.68,3.76,5.56
T2627,A21,16-09-2025 09:11,6.99,10.49,Night,High,23.07,Storm,3,192,0.5544,6.42,Incident,16.91,6.64,11.95
T2628,A46,14-09-2025 01:00,5.4,8.1,Evening Peak,Low,39.69,Fog,2,142,0.5413,1.54,Weather,9.64,4.35,11.01
T2629,A22,17-09-2025 19:29,24.15,36.23,Afternoon,Low,38.71,Clear,0,943,0,-0.25,No Delay,35.98,7.14,34.48
T2630,A4,19-09-2025 23:03,26.83,40.24,Morning Peak,Medium,14.74,Rain,1,469,0.2944,20.21,Traffic,60.45,44.73,20.05
T2631,A43,14-09-2025 09:21,24.1,36.15,Morning Peak,Medium,26.41,Clear,0,850,0.2626,13.67,Traffic,49.82,23.45,31.92
T2632,A18,07-09-2025 05:34,18.58,27.87,Morning Peak,Medium,22.02,Rain,1,486,0.1262,11.08,Traffic,38.95,5.2,36.33
T2633,A27,14-09-2025 15:52,27.99,41.98,Evening Peak,High,39.64,Rain,1,603,0.0704,9.4,Traffic,51.38,10.95,38.92
T2634,A34,02-09-2025 05:13,9.19,13.78,Morning Peak,High,41.33,Clear,0,828,0.5282,4.49,Traffic,18.27,15.88,9.83
T2635,A6,05-09-2025 08:41,25.54,38.31,Night,High,33.25,Clear,0,854,0.3617,8.53,Traffic,46.84,2.71,56.59
T2636,A28,20-09-2025 18:40,17.87,26.81,Afternoon,High,20.24,Clear,0,775,0.5411,9.5,Incident,36.31,29.76,9.84
T2637,A33,13-09-2025 22:04,26.96,40.44,Afternoon,Low,47.57,Clear,0,1045,0.0772,-1.14,No Delay,39.3,18.01,27.98
T2638,A50,27-09-2025 07:37,22.81,34.21,Evening Peak,High,27.2,Clear,0,778,0.3766,15.34,Traffic,49.55,17.86,39.32
T2639,A6,29-09-2025 05:19,18.81,28.21,Night,Low,57.38,Clear,0,985,0.0281,0.53,No Delay,28.74,6.38,31.58
T2640,A26,24-09-2025 01:57,9.74,14.61,Night,High,14.67,Rain,1,513,0.3778,8.68,Incident,23.29,7.41,23.72
T2641,A2,07-09-2025 02:24,3.37,5.06,Morning Peak,Low,42.1,Storm,3,126,0.1517,0.79,Weather,5.85,4.33,6.88
T2642,A19,28-09-2025 09:33,27.43,41.14,Night,High,29.22,Clear,0,864,0.2405,21.31,Traffic,62.45,47.36,22.49
T2643,A8,29-09-2025 16:04,2.57,3.85,Night,High,43.47,Storm,3,277,0.2403,1.23,Weather,5.08,3.66,5.78
T2644,A16,25-09-2025 11:56,20.47,30.7,Afternoon,Medium,10,Rain,1,633,1.2322,14.33,Incident,45.03,3.1,46.97
T2645,A35,29-09-2025 00:13,26.6,39.9,Evening Peak,Medium,30.26,Rain,1,633,0.1581,15.67,Traffic,55.57,12.42,48.76
T2646,A32,06-09-2025 18:56,4.99,7.49,Afternoon,Low,34.31,Clear,0,838,0,0.3,No Delay,7.79,3.77,11.39
T2647,A32,24-09-2025 08:24,19.2,28.8,Night,Low,41.53,Clear,0,927,0.1714,0.06,No Delay,28.86,9.04,27.37
T2648,A19,19-09-2025 18:55,2.79,4.19,Night,High,21.97,Rain,1,584,1.0373,1.73,Incident,5.92,0.68,7.59
T2649,A39,19-09-2025 20:08,9.24,13.86,Night,Low,60.57,Clear,0,1048,0.0396,0.06,No Delay,13.92,0.77,21.87
T2650,A24,05-09-2025 11:00,3.53,5.29,Evening Peak,High,22.89,Clear,0,805,0.0626,2.43,Traffic,7.72,5.44,9.2
T2651,A3,01-09-2025 05:04,28.82,43.23,Night,High,25.76,Fog,2,171,0.921,16.63,Incident,59.86,33.63,28.17
T2652,A32,25-09-2025 19:14,6.94,10.41,Afternoon,Medium,44.1,Clear,0,898,0,0.13,No Delay,10.54,3.76,9.59
T2653,A24,25-09-2025 18:05,25,37.5,Evening Peak,High,30.85,Clear,0,925,0.3596,16.23,Traffic,53.73,34.95,26.23
T2654,A47,07-09-2025 03:48,8.74,13.11,Afternoon,Low,47.13,Clear,0,1085,0.0493,-0.4,No Delay,12.71,2.06,14.1
T2655,A5,03-09-2025 15:18,25.63,38.44,Evening Peak,Medium,29.43,Clear,0,841,0.4126,15.52,Traffic,53.96,43.24,16.45
T2656,A3,18-09-2025 04:25,28.24,42.36,Morning Peak,High,33.7,Rain,1,505,0.0634,19.68,Traffic,62.04,7.25,54.69
T2657,A22,16-09-2025 19:29,7.38,11.07,Night,Medium,30.76,Fog,2,201,0.4195,2.99,Weather,14.06,3.6,14.32
T2658,A26,26-09-2025 17:38,17.64,26.46,Morning Peak,High,18.5,Storm,3,191,0.7575,8.78,Incident,35.24,8.84,32.85
T2659,A39,23-09-2025 14:04,22.72,34.08,Night,Low,38.54,Rain,1,598,0.3802,7.11,Weather,41.19,18.19,25.5
T2660,A9,16-09-2025 02:58,4.36,6.54,Night,Low,34.37,Storm,3,104,0.344,0.82,Weather,7.36,1.05,10.44
T2661,A18,16-09-2025 13:12,6.69,10.04,Night,High,14.8,Storm,3,265,1.0322,6.18,Incident,16.22,4.09,19.67
T2662,A30,09-09-2025 10:48,16.45,24.68,Night,Medium,34.73,Fog,2,177,0.2566,8.37,Weather,33.05,25.69,12.18
T2663,A4,11-09-2025 10:46,17.85,26.78,Evening Peak,High,18.91,Clear,0,845,0.3173,13.47,Traffic,40.25,18.42,28.32
T2664,A32,19-09-2025 23:51,28.72,43.08,Afternoon,Low,45.56,Clear,0,858,0.0327,-1.59,No Delay,41.49,30.74,14.31
T2665,A38,10-09-2025 08:34,6.84,10.26,Evening Peak,High,39.83,Clear,0,943,0.0965,2.64,Traffic,12.9,4.8,11.78
T2666,A10,20-09-2025 09:54,12.26,18.39,Night,High,25.9,Fog,2,170,0.8516,7.52,Incident,25.91,23.3,4.39
T2667,A42,20-09-2025 12:57,15.75,23.62,Afternoon,High,16.54,Clear,0,964,0.9557,9.75,Incident,33.37,28.33,10.78
T2668,A37,27-09-2025 02:04,25.77,38.66,Night,Low,49.52,Clear,0,848,0.0578,-0.29,No Delay,38.37,3.02,39.1
T2669,A16,02-09-2025 16:19,17.47,26.2,Afternoon,Low,46.2,Clear,0,808,0.0884,-0.1,No Delay,26.1,9.98,22.87
T2670,A39,27-09-2025 00:33,19.96,29.94,Afternoon,Low,53.13,Clear,0,953,0.0938,0.93,No Delay,30.87,7.39,28.53
T2671,A5,30-09-2025 13:07,11.17,16.75,Night,High,17.01,Storm,3,112,0.899,9.45,Incident,26.2,5.42,25.41
T2672,A37,13-09-2025 19:17,10.06,15.09,Morning Peak,High,25.33,Clear,0,771,0.3836,6.99,Traffic,22.08,1.12,27.19
T2673,A2,29-09-2025 21:09,7.62,11.43,Night,Medium,30.2,Storm,3,129,0.415,3.64,Weather,15.07,12.23,8.6
T2674,A8,28-09-2025 11:11,15.36,23.04,Night,High,14.72,Rain,1,540,0.8126,13.38,Incident,36.42,6.77,38.78
T2675,A24,14-09-2025 01:09,28.84,43.26,Evening Peak,Low,31.21,Storm,3,170,0.1838,10.41,Weather,53.67,37.94,20.91
T2676,A39,04-09-2025 23:37,24.94,37.41,Afternoon,High,43.53,Fog,2,162,0.5199,16.16,Weather,53.57,4.19,54.67
T2677,A1,16-09-2025 22:54,9.46,14.19,Evening Peak,High,33.27,Clear,0,854,0.2454,4.35,Traffic,18.54,1.09,24.54
T2678,A47,08-09-2025 16:03,29.98,44.97,Evening Peak,Low,38.09,Clear,0,884,0,0.54,No Delay,45.51,4.67,50.34
T2679,A40,10-09-2025 07:54,12.66,18.99,Morning Peak,Medium,26.9,Clear,0,859,0.0778,7.17,Traffic,26.16,22.28,6.27
T2680,A6,24-09-2025 02:16,17.44,26.16,Morning Peak,Low,40.22,Storm,3,132,0.5255,9.48,Weather,35.64,17.07,22.62
T2681,A14,15-09-2025 13:32,26.54,39.81,Morning Peak,High,21.66,Clear,0,815,1.3127,14.9,Incident,54.71,45.9,12.21
T2682,A37,11-09-2025 03:43,5.67,8.5,Afternoon,Low,55.72,Clear,0,893,0.0334,-0.24,No Delay,8.26,1.85,12.43
T2683,A11,29-09-2025 15:30,7.67,11.51,Night,Low,17.66,Rain,1,661,0.3427,1.27,Weather,12.78,1.18,13.72
T2684,A29,07-09-2025 04:39,7.98,11.97,Morning Peak,Low,32.25,Fog,2,325,0.1342,4.49,Weather,16.46,3.26,18.57
T2685,A12,16-09-2025 11:53,18.04,27.06,Night,Low,47.11,Clear,0,758,0,-1.08,No Delay,25.98,1.13,25.7
T2686,A43,03-09-2025 13:52,13.86,20.79,Afternoon,High,20.86,Fog,2,179,0.1094,9.27,Traffic,30.06,20.36,17.2
T2687,A8,01-09-2025 18:57,20.84,31.26,Morning Peak,High,17.27,Clear,0,922,1.1762,13.4,Incident,44.66,13.93,38.43
T2688,A2,19-09-2025 13:35,25.04,37.56,Evening Peak,Low,31.91,Clear,0,972,0.1015,-1.09,No Delay,36.47,26.54,17.41
T2689,A41,14-09-2025 23:12,8.8,13.2,Afternoon,Medium,18.86,Storm,3,215,0.153,2.05,Weather,15.25,10.07,10.13
T2690,A50,22-09-2025 11:44,16.39,24.59,Morning Peak,High,18.57,Clear,0,1078,1.353,14.01,Incident,38.6,28.19,12.21
T2691,A22,13-09-2025 19:09,23.65,35.47,Morning Peak,Medium,14.52,Fog,2,140,1.1117,22.38,Incident,57.85,48.22,12.15
T2692,A19,14-09-2025 15:30,26.2,39.3,Afternoon,Medium,32.98,Fog,2,301,0.2517,13.27,Weather,52.57,12.09,39.22
T2693,A5,06-09-2025 05:17,7.4,11.1,Afternoon,Low,41.62,Storm,3,115,0.2922,1.65,Weather,12.75,2.16,18.77
T2694,A47,30-09-2025 19:15,24.28,36.42,Night,Medium,30.04,Storm,3,229,0.5499,9.1,Weather,45.52,31.61,20.28
T2695,A48,19-09-2025 07:25,27.64,41.46,Morning Peak,High,16.05,Fog,2,335,0.832,25.03,Incident,66.49,0.23,76.07
T2696,A40,17-09-2025 19:24,18.32,27.48,Morning Peak,High,31.83,Clear,0,965,0.1183,12.4,Traffic,39.88,28.69,18.82
T2697,A6,26-09-2025 23:44,14.32,21.48,Evening Peak,Low,27.14,Fog,2,263,0.3211,4.3,Weather,25.78,13.14,14.12
T2698,A41,17-09-2025 00:24,22.92,34.38,Night,High,20.07,Clear,0,954,0.7702,10.72,Incident,45.1,7.2,38.27
T2699,A37,16-09-2025 13:16,17.51,26.27,Evening Peak,High,14.26,Clear,0,842,0.1576,9.09,Traffic,35.36,11.71,32
T2700,A4,14-09-2025 15:31,3.97,5.96,Morning Peak,Low,25.38,Storm,3,243,0.3303,2.46,Weather,8.42,7.01,8.01
T2701,A20,21-09-2025 16:34,4.03,6.04,Morning Peak,High,54.35,Storm,3,220,0.2711,1.2,Weather,7.24,1.98,10.01
T2702,A26,22-09-2025 17:54,4.2,6.3,Afternoon,Low,35.86,Rain,1,599,0.4593,0.69,Weather,6.99,2.69,9.35
T2703,A42,23-09-2025 18:01,3.22,4.83,Afternoon,Medium,14.86,Rain,1,703,1.1731,2.64,Incident,7.47,6.11,8.36
T2704,A31,10-09-2025 06:53,16.32,24.48,Evening Peak,High,25.61,Rain,1,549,0.6339,15.07,Incident,39.55,7.44,41.86
T2705,A19,06-09-2025 01:01,3.58,5.37,Evening Peak,Medium,28.03,Fog,2,355,0.4056,0.74,Weather,6.11,3.64,6.41
T2706,A39,07-09-2025 17:20,13.54,20.31,Morning Peak,High,20.34,Clear,0,921,0.2582,6.35,Traffic,26.66,17.08,17.72
T2707,A14,07-09-2025 16:20,2.29,3.44,Afternoon,Medium,34.26,Clear,0,850,0,0.21,No Delay,3.65,2.01,3.78
T2708,A13,21-09-2025 02:02,4.09,6.13,Afternoon,Low,53.93,Clear,0,933,0.185,-0.14,No Delay,5.99,1.41,10.31
T2709,A21,06-09-2025 08:57,11.39,17.09,Evening Peak,Low,51.91,Clear,0,883,0.0084,0.13,No Delay,17.22,3.23,21.78
T2710,A36,22-09-2025 12:16,29.94,44.91,Night,Low,38.02,Fog,2,250,0.0846,13.16,Weather,58.07,8,54.66
T2711,A47,28-09-2025 19:14,15.15,22.73,Afternoon,Medium,30.8,Rain,1,548,0.2631,4.96,Weather,27.69,13.06,20.97
T2712,A40,16-09-2025 06:23,18.13,27.2,Night,Medium,42.51,Clear,0,799,0.0647,1.06,No Delay,28.26,12.58,17.18
T2713,A5,28-09-2025 02:31,20.37,30.55,Morning Peak,High,12.69,Clear,0,953,0.023,14.62,Traffic,45.17,14.53,33.86
T2714,A18,11-09-2025 16:30,18.87,28.3,Afternoon,High,53.36,Fog,2,250,0.1124,7.69,Weather,35.99,1.95,39.87
T2715,A34,20-09-2025 21:47,21.93,32.9,Evening Peak,Low,51.84,Fog,2,188,0.6128,11.85,Weather,44.75,11.75,36.18
T2716,A14,17-09-2025 01:32,25.33,37.99,Afternoon,Medium,16.37,Clear,0,797,0.9339,17.77,Incident,55.76,3.2,60.55
T2717,A47,23-09-2025 01:31,10.72,16.08,Afternoon,High,20.76,Clear,0,899,0.1569,7.83,Traffic,23.91,1.59,29.5
T2718,A21,05-09-2025 06:58,28.08,42.12,Afternoon,Low,38.68,Clear,0,1053,0,0.23,No Delay,42.35,3.09,46.92
T2719,A19,23-09-2025 18:48,9.24,13.86,Morning Peak,Low,28.29,Fog,2,231,0.5218,3.84,Weather,17.7,11.55,8.82
T2720,A14,27-09-2025 02:21,16.7,25.05,Evening Peak,High,29.66,Clear,0,957,0,8.99,Traffic,34.04,14.76,23.69
T2721,A2,01-09-2025 08:57,16.27,24.41,Morning Peak,Medium,27.48,Clear,0,1028,0.3143,11.01,Traffic,35.42,6.56,31.55
T2722,A36,21-09-2025 14:58,13.77,20.66,Afternoon,High,19.56,Rain,1,675,1.0588,6.3,Incident,26.96,9.8,22.21
T2723,A25,19-09-2025 08:22,26.17,39.26,Morning Peak,Low,50.8,Clear,0,877,0,0.97,No Delay,40.23,35.74,10.53
T2724,A1,08-09-2025 21:52,12.72,19.08,Afternoon,Medium,34.03,Clear,0,924,0.0982,3.97,Traffic,23.05,2.34,22.62
T2725,A16,20-09-2025 21:19,11.93,17.89,Morning Peak,Medium,14.8,Clear,0,949,0.1478,7.35,Traffic,25.24,7.92,22.76
T2726,A26,17-09-2025 21:25,6.25,9.38,Evening Peak,Medium,27.64,Rain,1,718,0.2332,1.77,Traffic,11.15,2.09,14.19
T2727,A46,04-09-2025 11:10,13.45,20.18,Night,Low,47.1,Clear,0,929,0.099,0.31,No Delay,20.49,8.02,16.15
T2728,A25,13-09-2025 23:26,27.68,41.52,Morning Peak,Medium,30.78,Storm,3,110,0.2898,16.69,Weather,58.21,38.64,21
T2729,A50,02-09-2025 04:40,12.29,18.43,Evening Peak,High,24.6,Fog,2,194,0.0389,9.45,Traffic,27.88,4.95,23.4
T2730,A38,16-09-2025 19:41,24.71,37.06,Evening Peak,Medium,10.36,Clear,0,804,0.8172,22.96,Incident,60.02,23.06,38.58
T2731,A7,24-09-2025 07:02,23.78,35.67,Morning Peak,High,18.95,Fog,2,210,1.3289,20.31,Incident,55.98,35.19,29.17
T2732,A22,15-09-2025 02:28,11.86,17.79,Night,Low,35.79,Clear,0,891,0.0225,0.47,No Delay,18.26,2.69,16.68
T2733,A26,13-09-2025 19:52,25.04,37.56,Morning Peak,Medium,32.21,Fog,2,308,0.3313,7.01,Weather,44.57,7.32,37.59
T2734,A26,23-09-2025 04:57,13.83,20.75,Night,Medium,24.92,Rain,1,433,1.0263,13.16,Incident,33.91,17.1,23.99
T2735,A6,03-09-2025 23:56,6.65,9.98,Evening Peak,Low,40.89,Fog,2,360,0.1048,2.6,Weather,12.58,3.8,13.33
T2736,A18,19-09-2025 12:18,7.41,11.12,Evening Peak,High,8.27,Fog,2,264,0.6771,6.18,Incident,17.3,12.07,10.13
T2737,A48,12-09-2025 07:35,27.05,40.58,Evening Peak,Medium,26.15,Fog,2,361,0.393,8.04,Weather,48.62,7.68,44.04
T2738,A7,01-09-2025 07:07,18.54,27.81,Afternoon,High,18.33,Clear,0,916,0.6207,11.63,Incident,39.44,29.2,11.63
T2739,A17,28-09-2025 09:32,5.13,7.7,Afternoon,High,24.18,Rain,1,623,0.2163,3.52,Traffic,11.22,8.31,5.4
T2740,A46,07-09-2025 16:32,6.7,10.05,Evening Peak,High,14.27,Rain,1,529,1.1436,3.64,Traffic,13.69,10.1,8.42
T2741,A30,15-09-2025 17:30,15.86,23.79,Evening Peak,High,28.56,Clear,0,1004,0.3621,9.78,Traffic,33.57,19.9,20.46
T2742,A50,20-09-2025 09:44,15.11,22.66,Night,Low,28.16,Fog,2,159,0.1364,6.51,Weather,29.17,7.61,28.22
T2743,A39,25-09-2025 01:41,19.84,29.76,Morning Peak,Medium,18.27,Clear,0,901,0.4691,15.37,Incident,45.13,4.2,44.85
T2744,A6,28-09-2025 18:32,17.72,26.58,Evening Peak,High,8.9,Rain,1,563,0.557,15.54,Incident,42.12,37.83,7.19
T2745,A13,26-09-2025 04:15,12.06,18.09,Morning Peak,High,34.85,Rain,1,539,1.0504,8.71,Incident,26.8,8.87,25.66
T2746,A42,12-09-2025 10:31,10.72,16.08,Night,Low,42.9,Fog,2,163,0.4555,2.56,Weather,18.64,14.06,8.33
T2747,A18,03-09-2025 08:08,12.14,18.21,Morning Peak,Medium,21.54,Clear,0,1003,0.4843,5.71,Traffic,23.92,0.89,26.3
T2748,A50,14-09-2025 19:08,29.66,44.49,Night,Low,27.49,Storm,3,228,0.0613,16.12,Weather,60.61,12.88,50.48
T2749,A8,27-09-2025 22:13,20.86,31.29,Night,Medium,26.3,Storm,3,109,1.1386,16.81,Incident,48.1,34.81,18.04
T2750,A13,30-09-2025 01:52,3.11,4.67,Night,Medium,34.72,Storm,3,286,0.201,1.83,Weather,6.5,5.08,7.78
T2751,A31,29-09-2025 17:55,6.57,9.86,Afternoon,High,18.24,Clear,0,824,1.4985,4.31,Incident,14.17,10.17,8.94
T2752,A39,07-09-2025 11:46,12.68,19.02,Afternoon,Medium,55.73,Clear,0,944,0.1118,0,No Delay,19.02,3.25,18.89
T2753,A33,13-09-2025 23:15,14.32,21.48,Afternoon,High,17.09,Rain,1,601,0.7452,6.21,Incident,27.69,24.66,5.24
T2754,A31,22-09-2025 00:19,20.24,30.36,Evening Peak,High,19.44,Storm,3,211,0.4784,11.94,Incident,42.3,7.44,43.28
T2755,A44,26-09-2025 11:28,16.03,24.05,Morning Peak,Low,24.79,Fog,2,174,0.0893,2.99,Weather,27.04,20.99,13.59
T2756,A19,08-09-2025 20:01,21.39,32.09,Morning Peak,High,8.01,Clear,0,895,1.1294,13.59,Incident,45.68,7.24,44.02
T2757,A36,27-09-2025 20:31,13.99,20.98,Evening Peak,High,22.9,Rain,1,475,0.4021,8.17,Traffic,29.15,14.28,20.34
T2758,A28,28-09-2025 11:00,10.87,16.3,Night,Low,43.68,Clear,0,924,0.117,0.13,No Delay,16.43,8.69,10.87
T2759,A20,19-09-2025 11:35,9.88,14.82,Evening Peak,High,35.63,Clear,0,827,0.1343,5.34,Traffic,20.16,14.34,13.59
T2760,A21,26-09-2025 16:13,19.95,29.92,Night,Low,45.33,Clear,0,801,0.0957,-0.02,No Delay,29.9,19.33,17.64
T2761,A25,07-09-2025 06:14,6.57,9.86,Night,High,49.37,Storm,3,212,0.1974,3.89,Weather,13.75,6.32,10.93
T2762,A4,28-09-2025 20:17,25.62,38.43,Morning Peak,Medium,31.47,Clear,0,968,0.1727,19.31,Traffic,57.74,5.08,57.79
T2763,A8,08-09-2025 17:14,21.05,31.57,Evening Peak,High,23.1,Storm,3,197,0.6079,7.17,Weather,38.74,11.75,30.66
T2764,A42,30-09-2025 22:42,27.12,40.68,Afternoon,High,16.02,Fog,2,148,1.0327,26.21,Incident,66.89,42.13,33.76
T2765,A8,09-09-2025 22:30,14.52,21.78,Night,Low,45.1,Fog,2,152,0.5707,9.02,Weather,30.8,16.36,18.67
T2766,A13,04-09-2025 10:36,5.11,7.67,Night,Medium,42.21,Fog,2,226,0.2026,1.95,Weather,9.62,7.56,6.95
T2767,A32,08-09-2025 16:13,26.79,40.18,Evening Peak,Low,44.78,Rain,1,714,0.3981,6.07,Weather,46.25,26.08,24.98
T2768,A48,29-09-2025 12:45,12.43,18.64,Evening Peak,High,17.09,Storm,3,133,0.5209,5.63,Incident,24.27,2.99,27.26
T2769,A20,01-09-2025 08:33,9.97,14.96,Afternoon,Medium,35.67,Rain,1,445,0.1035,3.29,Weather,18.25,3.17,22.93
T2770,A9,01-09-2025 08:03,2.82,4.23,Morning Peak,High,29.46,Fog,2,360,0.2871,1.88,Traffic,6.11,1.6,11.84
T2771,A7,11-09-2025 14:56,5.44,8.16,Morning Peak,Low,27.59,Fog,2,296,0.4107,1.23,Weather,9.39,6.81,4.99
T2772,A36,02-09-2025 19:43,18.05,27.08,Night,Low,36.73,Clear,0,988,0,0.98,No Delay,28.06,23.8,8.8
T2773,A48,21-09-2025 01:58,23.22,34.83,Morning Peak,Medium,22.45,Rain,1,472,0.2644,8.82,Traffic,43.65,8.6,44.35
T2774,A6,21-09-2025 03:19,8.52,12.78,Morning Peak,High,33.94,Clear,0,790,0.3367,4.95,Traffic,17.73,14.55,4.87
T2775,A37,22-09-2025 07:16,27.22,40.83,Morning Peak,High,32.33,Rain,1,540,0.3816,13.91,Traffic,54.74,10.77,44.42
T2776,A26,02-09-2025 19:48,3.62,5.43,Afternoon,Low,36.62,Clear,0,814,0.0322,-0.08,No Delay,5.35,0.36,12.88
T2777,A9,06-09-2025 13:41,23.85,35.78,Night,Low,36.85,Rain,1,663,0.1058,13.76,Weather,49.54,28.7,27.21
T2778,A47,06-09-2025 15:20,29.8,44.7,Morning Peak,High,11.29,Clear,0,814,1.3413,18.91,Incident,63.61,53.08,16.01
T2779,A25,14-09-2025 13:24,20.62,30.93,Night,High,21.79,Clear,0,916,0.8965,17.75,Incident,48.68,20.13,36.1
T2780,A3,25-09-2025 18:13,29.13,43.7,Afternoon,Low,51.17,Clear,0,790,0.1,1.04,No Delay,44.74,39.88,9.38
T2781,A33,11-09-2025 11:02,18.54,27.81,Morning Peak,High,14.48,Fog,2,225,0.7079,16.49,Incident,44.3,26.51,18.54
T2782,A45,23-09-2025 20:35,6.28,9.42,Night,Low,57.72,Clear,0,863,0.0287,0.55,No Delay,9.97,3.85,10.23
T2783,A19,09-09-2025 22:09,7.75,11.62,Morning Peak,Medium,9.48,Rain,1,544,1.1082,4.34,Incident,15.96,4.61,12.89
T2784,A43,18-09-2025 13:16,4.79,7.18,Afternoon,High,15.74,Fog,2,295,1.1279,2.31,Incident,9.49,1.94,11.67
T2785,A14,30-09-2025 19:24,21.83,32.74,Afternoon,High,9.69,Clear,0,871,0.8772,9.71,Incident,42.45,13.19,29.86
T2786,A30,03-09-2025 12:47,9.84,14.76,Evening Peak,High,29.23,Clear,0,776,0.1822,6.58,Traffic,21.34,12.6,14.99
T2787,A27,14-09-2025 22:57,16.35,24.53,Evening Peak,Medium,23.05,Clear,0,1033,0.3398,10.33,Traffic,34.86,29.78,9
T2788,A11,29-09-2025 13:34,25.22,37.83,Evening Peak,Low,17.61,Fog,2,327,0.592,15.3,Weather,53.13,37.32,21.01
T2789,A40,08-09-2025 23:46,3.8,5.7,Evening Peak,High,38.44,Clear,0,906,0,2.85,Traffic,8.55,4.21,12.63
T2790,A44,23-09-2025 22:59,24.41,36.61,Morning Peak,Low,18.57,Storm,3,241,0.2443,4.9,Weather,41.51,7.69,36.13
T2791,A25,14-09-2025 13:18,28.5,42.75,Night,Medium,40.06,Storm,3,247,0.348,7.08,Weather,49.83,24.78,31.93
T2792,A11,16-09-2025 21:59,15.09,22.63,Morning Peak,Medium,30.39,Rain,1,571,0.5221,11.73,Incident,34.36,1.02,37.34
T2793,A17,13-09-2025 11:48,10.82,16.23,Evening Peak,Medium,31.91,Storm,3,167,0.2636,5.81,Weather,22.04,8.05,18.37
T2794,A2,23-09-2025 17:02,15.58,23.37,Afternoon,Medium,48.85,Clear,0,738,0.0501,1.13,No Delay,24.5,19.94,10.25
T2795,A6,24-09-2025 13:39,15.65,23.47,Evening Peak,High,28.03,Clear,0,873,0.5231,9.55,Incident,33.02,14.92,26.94
T2796,A35,04-09-2025 18:10,7.56,11.34,Afternoon,Low,54.51,Clear,0,925,0.2134,0.51,No Delay,11.85,8.69,5.97
T2797,A17,27-09-2025 09:59,8.7,13.05,Morning Peak,High,13.63,Fog,2,281,0.9575,4.74,Incident,17.79,8.11,15.26
T2798,A11,08-09-2025 16:53,17.02,25.53,Morning Peak,High,29.98,Fog,2,326,0.1903,11.28,Traffic,36.81,20.81,21.28
T2799,A41,23-09-2025 23:21,5.88,8.82,Afternoon,High,8.07,Storm,3,245,1,5.38,Incident,14.2,0.04,15.3
T2800,A16,23-09-2025 02:17,3.79,5.69,Afternoon,Low,40.28,Clear,0,901,0,0.13,No Delay,5.82,4.66,6.2
T2801,A10,09-09-2025 20:42,29.67,44.51,Evening Peak,High,32.03,Clear,0,872,0.1471,12.75,Traffic,57.26,40,20.19
T2802,A50,23-09-2025 21:52,24.45,36.67,Morning Peak,Low,27.74,Fog,2,192,0.2726,8.1,Weather,44.77,5.98,41.62
T2803,A23,11-09-2025 05:08,10.18,15.27,Afternoon,High,31.12,Clear,0,969,0.3178,4.43,Traffic,19.7,1.83,22.74
T2804,A16,20-09-2025 08:14,22.84,34.26,Morning Peak,Low,44.26,Clear,0,984,0.0898,-0.23,No Delay,34.03,0.93,39.15
T2805,A41,15-09-2025 05:27,7.27,10.9,Evening Peak,High,20.26,Storm,3,265,0.5863,3.1,Incident,14,10.29,6.84
T2806,A28,08-09-2025 12:26,23.43,35.14,Afternoon,Low,41.78,Clear,0,850,0,-0.07,No Delay,35.07,0.44,41.16
T2807,A8,13-09-2025 20:02,16.76,25.14,Evening Peak,Low,42.29,Fog,2,212,0.3458,7.45,Weather,32.59,6.95,26.94
T2808,A41,14-09-2025 08:05,15.53,23.29,Night,Low,44.96,Clear,0,936,0.1189,0.61,No Delay,23.9,13.62,14.05
T2809,A16,01-09-2025 15:20,6.44,9.66,Afternoon,High,12.13,Rain,1,480,1.0328,5.08,Incident,14.74,9.62,11.95
T2810,A19,02-09-2025 06:09,18.04,27.06,Afternoon,Low,39.14,Rain,1,581,0.2982,6.33,Weather,33.39,20.73,15.97
T2811,A16,26-09-2025 06:10,28.76,43.14,Afternoon,Low,58.94,Clear,0,776,0.0325,-0.42,No Delay,42.72,11.31,40.53
T2812,A34,11-09-2025 01:53,14.65,21.98,Night,Low,47.34,Clear,0,878,0,0.36,No Delay,22.34,18.71,7.14
T2813,A44,08-09-2025 17:41,10.02,15.03,Afternoon,High,17.31,Fog,2,272,0.8057,4.88,Incident,19.91,0.99,21.41
T2814,A22,06-09-2025 12:36,12.18,18.27,Afternoon,High,17.5,Fog,2,297,1.3054,6.67,Incident,24.94,16.89,14.26
T2815,A1,02-09-2025 09:25,14.54,21.81,Morning Peak,Medium,29.57,Fog,2,165,0.4532,8.92,Weather,30.73,5.15,29.63
T2816,A11,04-09-2025 09:24,26.93,40.4,Afternoon,Low,46.89,Clear,0,847,0.0353,-0.2,No Delay,40.2,7.79,40.81
T2817,A6,13-09-2025 16:25,16.34,24.51,Morning Peak,High,36.73,Storm,3,239,0.4782,6.48,Weather,30.99,1.33,31.41
T2818,A15,11-09-2025 23:14,6.69,10.04,Night,Low,22.15,Fog,2,284,0.4634,2.05,Weather,12.09,1.26,17.48
T2819,A49,20-09-2025 14:51,25.5,38.25,Evening Peak,High,30.51,Clear,0,837,0.2747,8.43,Incident,46.68,15.82,35.97
T2820,A44,13-09-2025 04:39,10.5,15.75,Morning Peak,High,16.58,Fog,2,283,1.2392,7.97,Incident,23.72,12.55,18.77
T2821,A10,04-09-2025 12:31,4.64,6.96,Morning Peak,High,37.39,Clear,0,882,0.1382,2.17,Traffic,9.13,3.57,9
T2822,A40,15-09-2025 22:53,18.21,27.32,Afternoon,High,39.49,Storm,3,134,0.6161,7.28,Weather,34.6,28.73,12.86
T2823,A15,24-09-2025 06:02,4.26,6.39,Evening Peak,High,18.31,Rain,1,427,1.3609,1.99,Incident,8.38,0.15,15.35
T2824,A22,03-09-2025 00:41,3.71,5.56,Night,Medium,38.07,Fog,2,337,0.4656,1.92,Weather,7.48,4.13,7.34
T2825,A16,21-09-2025 02:55,12.16,18.24,Morning Peak,Low,48.37,Clear,0,838,0.1482,0.82,No Delay,19.06,13.14,8.74
T2826,A3,22-09-2025 08:28,8.54,12.81,Evening Peak,High,9.09,Rain,1,506,0.6628,6.52,Incident,19.33,0.13,24.88
T2827,A27,12-09-2025 19:09,7.67,11.51,Afternoon,Low,45.65,Clear,0,1025,0,0.31,No Delay,11.82,8.04,7.66
T2828,A41,05-09-2025 19:44,11.2,16.8,Night,High,22.93,Clear,0,838,0.5246,10.84,Incident,27.64,7.55,26.24
T2829,A17,12-09-2025 12:02,11.18,16.77,Afternoon,Low,39.34,Fog,2,240,0.6379,5,Weather,21.77,19.48,7.27
T2830,A13,09-09-2025 07:22,3.63,5.45,Night,Low,49.39,Clear,0,1051,0,0.15,No Delay,5.6,0.65,8.77
T2831,A20,27-09-2025 01:48,13.8,20.7,Morning Peak,High,33.06,Clear,0,840,0.2074,4.28,Incident,24.98,13.32,17.05
T2832,A32,28-09-2025 18:18,3.01,4.51,Afternoon,High,18.99,Clear,0,902,1.2992,2.92,Traffic,7.43,0.59,9.26
T2833,A6,30-09-2025 00:24,15.91,23.86,Afternoon,Low,24.98,Rain,1,637,0.1622,6.54,Weather,30.4,15.39,21.71
T2834,A34,30-09-2025 04:39,2.64,3.96,Morning Peak,High,15.73,Rain,1,693,1.3799,2.3,Incident,6.26,3.49,6.45
T2835,A6,20-09-2025 06:38,25.87,38.8,Morning Peak,Low,25.36,Storm,3,233,0.5334,15.93,Weather,54.73,1.51,57.98
T2836,A16,27-09-2025 07:14,5.48,8.22,Night,Low,38.79,Clear,0,848,0.0401,-0.21,No Delay,8.01,2.97,11.15
T2837,A38,11-09-2025 06:17,10.53,15.79,Night,Low,36.69,Clear,0,873,0,-0.44,No Delay,15.35,10.45,10.97
T2838,A6,18-09-2025 03:28,24.46,36.69,Afternoon,Medium,42.53,Clear,0,818,0,1.62,No Delay,38.31,32.69,9.03
T2839,A6,21-09-2025 20:37,20.07,30.11,Night,Medium,39.7,Clear,0,886,0.0733,-1.12,No Delay,28.99,22.14,9.78
T2840,A37,28-09-2025 14:42,15.67,23.5,Evening Peak,High,35.41,Clear,0,809,0.2602,6.51,Traffic,30.01,12.72,23.24
T2841,A2,06-09-2025 03:02,20.5,30.75,Afternoon,Low,44.7,Fog,2,305,0.4512,12.52,Weather,43.27,12.25,39.43
T2842,A20,18-09-2025 15:52,16.07,24.11,Evening Peak,High,17.82,Rain,1,513,1.079,9.69,Incident,33.8,29.57,12.2
T2843,A23,19-09-2025 06:21,2.83,4.25,Evening Peak,Medium,40.83,Storm,3,138,0.39,0.77,Weather,5.02,2.21,9.97
T2844,A3,24-09-2025 01:35,29.73,44.59,Morning Peak,Medium,25.86,Rain,1,553,0.1905,20.92,Traffic,65.51,6.22,61.48
T2845,A45,19-09-2025 08:34,28.19,42.28,Evening Peak,High,14.6,Fog,2,249,0.7634,19.5,Incident,61.78,12.62,51.11
T2846,A20,12-09-2025 16:02,11.1,16.65,Night,Medium,42.3,Fog,2,282,0.3062,3.02,Weather,19.67,14.33,11.5
T2847,A20,23-09-2025 17:19,6.39,9.59,Evening Peak,Low,26.76,Fog,2,179,0.4344,1,Weather,10.59,1.93,11.7
T2848,A16,04-09-2025 06:58,17.79,26.68,Afternoon,High,10.7,Fog,2,244,1.0258,12.5,Incident,39.18,8.66,37.62
T2849,A36,29-09-2025 02:25,27.23,40.84,Night,Low,44.87,Clear,0,768,0.0196,2.15,No Delay,42.99,7.04,40.73
T2850,A5,02-09-2025 23:32,9.17,13.76,Morning Peak,High,16.59,Fog,2,270,1.1326,4.16,Incident,17.92,7.32,17.83
T2851,A32,28-09-2025 11:59,24.47,36.7,Morning Peak,Low,39.14,Storm,3,187,0.2124,5.16,Weather,41.86,14.26,38.82
T2852,A22,06-09-2025 21:37,23.5,35.25,Night,Low,34.39,Clear,0,816,0,-0.56,No Delay,34.69,28.12,11
T2853,A25,13-09-2025 22:27,26.42,39.63,Night,Low,56.9,Clear,0,896,0.1116,-0.97,No Delay,38.66,34.18,8.98
T2854,A6,12-09-2025 17:38,2.53,3.79,Night,Low,41.98,Clear,0,954,0.0053,-0.01,No Delay,3.78,1.85,5.85
T2855,A12,29-09-2025 04:13,19.69,29.54,Night,Low,40.49,Storm,3,228,0.1985,4.72,Weather,34.26,19.64,23.16
T2856,A9,05-09-2025 09:30,29.01,43.52,Evening Peak,High,49.22,Rain,1,459,0.18,17.9,Weather,61.42,44.1,24.41
T2857,A46,15-09-2025 04:19,5.27,7.9,Evening Peak,Medium,23.08,Fog,2,348,1.1484,3.23,Incident,11.13,2.34,13.52
T2858,A14,10-09-2025 05:46,5.14,7.71,Evening Peak,Medium,16.3,Rain,1,469,0.3276,1.47,Traffic,9.18,4.53,7.59
T2859,A40,24-09-2025 06:13,23.72,35.58,Morning Peak,Medium,31.94,Rain,1,723,0.1115,14.39,Traffic,49.97,12.89,40.19
T2860,A39,18-09-2025 14:37,21.44,32.16,Evening Peak,Medium,19.4,Clear,0,950,0.1607,7.03,Traffic,39.19,8.97,35.66
T2861,A24,10-09-2025 19:05,14.59,21.89,Night,Medium,20.95,Storm,3,284,0.5557,3.53,Weather,25.42,17.21,12.84
T2862,A44,28-09-2025 20:52,25.48,38.22,Afternoon,High,16.93,Clear,0,975,1.034,24.26,Incident,62.48,44.09,21.11
T2863,A37,13-09-2025 02:56,15.45,23.17,Morning Peak,High,20.83,Fog,2,263,1.1124,11.03,Incident,34.2,8.7,31.62
T2864,A19,17-09-2025 22:06,28.99,43.48,Evening Peak,Low,38.27,Storm,3,256,0.232,18.61,Weather,62.09,51.5,15.28
T2865,A20,26-09-2025 08:25,14.41,21.62,Afternoon,High,9.16,Clear,0,931,0.4483,10.73,Incident,32.35,23.1,12.86
T2866,A12,21-09-2025 11:12,29.64,44.46,Afternoon,Low,46.68,Fog,2,357,0.316,13.32,Weather,57.78,10.11,49.31
T2867,A50,21-09-2025 07:05,11.18,16.77,Evening Peak,High,11.4,Rain,1,644,0.6949,8.73,Traffic,25.5,5.83,29.62
T2868,A12,30-09-2025 23:38,4.8,7.2,Morning Peak,High,16.9,Fog,2,158,0.7041,2.2,Incident,9.4,7,4.56
T2869,A41,14-09-2025 00:01,3.03,4.54,Afternoon,Medium,24.5,Fog,2,372,0.1813,0.81,Weather,5.35,4.46,8.37
T2870,A25,21-09-2025 01:45,8.09,12.13,Evening Peak,High,30.09,Clear,0,1022,0.193,6.09,Traffic,18.22,1.55,17.88
T2871,A32,09-09-2025 01:01,20.17,30.26,Evening Peak,High,18.78,Clear,0,800,0.9646,17.19,Incident,47.45,37.41,13.63
T2872,A13,20-09-2025 18:45,25.47,38.2,Night,High,18.73,Clear,0,927,0.0637,12.54,Traffic,50.74,15.32,41.26
T2873,A33,30-09-2025 17:43,16.46,24.69,Afternoon,Low,58.27,Clear,0,879,0,0.07,No Delay,24.76,21.77,5.26
T2874,A12,26-09-2025 15:33,22.75,34.12,Evening Peak,High,32.44,Clear,0,936,0.2271,12.69,Traffic,46.81,23.43,33.49
T2875,A35,23-09-2025 09:25,27.97,41.95,Morning Peak,High,13.19,Fog,2,147,0.9052,27.24,Incident,69.19,4.8,67.51
T2876,A19,22-09-2025 15:52,12.88,19.32,Morning Peak,High,20.43,Rain,1,533,0.2287,3.48,Traffic,22.8,3.36,28.22
T2877,A17,09-09-2025 02:52,8.19,12.29,Afternoon,High,32.86,Rain,1,580,0.2461,4.4,Traffic,16.69,10.46,12.79
T2878,A48,23-09-2025 09:56,9.72,14.58,Night,Medium,10.66,Clear,0,866,0.9778,7.23,Incident,21.81,16.63,8.81
T2879,A34,07-09-2025 13:29,17.41,26.12,Morning Peak,Low,42.77,Clear,0,860,0.0144,-0.84,No Delay,25.28,16.71,14.83
T2880,A18,25-09-2025 03:27,21.77,32.66,Morning Peak,Medium,39.21,Storm,3,124,0.1505,11.99,Weather,44.65,4.71,44.96
T2881,A31,02-09-2025 05:58,11.44,17.16,Morning Peak,High,32.38,Clear,0,953,0.1317,3.35,Traffic,20.51,1.05,28.25
T2882,A25,27-09-2025 06:03,20.64,30.96,Morning Peak,High,8.25,Clear,0,822,1.1358,10.57,Incident,41.53,22.55,26.42
T2883,A17,27-09-2025 18:33,21.93,32.9,Evening Peak,Medium,19.99,Rain,1,564,0.4367,15.32,Traffic,48.22,20.95,33.5
T2884,A13,03-09-2025 09:23,19.34,29.01,Evening Peak,High,25.7,Clear,0,877,0.1506,8.13,Traffic,37.14,31.32,11.63
T2885,A12,03-09-2025 21:18,27.13,40.7,Night,High,12.27,Rain,1,503,0.5726,11.65,Incident,52.35,25.08,31.05
T2886,A20,17-09-2025 03:04,29.57,44.35,Morning Peak,Medium,36.38,Rain,1,567,0.3737,13.5,Traffic,57.85,39.02,19.7
T2887,A6,10-09-2025 09:03,29.19,43.79,Evening Peak,Low,50.27,Clear,0,866,0.1064,-1.19,Weather,42.6,37.19,11.65
T2888,A23,20-09-2025 19:50,16.34,24.51,Evening Peak,High,27.12,Rain,1,619,0.0648,11.16,Traffic,35.67,18.85,24.61
T2889,A12,09-09-2025 07:41,22.03,33.05,Evening Peak,Low,27.59,Rain,1,590,0.133,9.76,Weather,42.81,3.18,42.06
T2890,A11,10-09-2025 00:16,10.44,15.66,Afternoon,High,16.39,Clear,0,933,0.8825,9.68,Incident,25.34,8.04,24.43
T2891,A3,15-09-2025 11:32,11.17,16.75,Morning Peak,Medium,19.75,Fog,2,189,0.7045,6.17,Incident,22.92,8.66,20.72
T2892,A11,21-09-2025 20:34,20.28,30.42,Evening Peak,Medium,37.54,Clear,0,879,0.1452,11.01,Traffic,41.43,25.8,23.92
T2893,A17,02-09-2025 21:52,9.11,13.66,Night,High,21.33,Fog,2,264,1.2404,8.34,Incident,22,0.09,28.69
T2894,A48,04-09-2025 01:50,8.61,12.91,Morning Peak,High,30.22,Clear,0,871,0.1095,5.69,Traffic,18.6,13.42,12.09
T2895,A3,20-09-2025 07:03,9.53,14.29,Morning Peak,Low,38.83,Storm,3,138,0.1935,5.66,Weather,19.95,9.23,12.54
T2896,A9,04-09-2025 18:13,11.23,16.84,Morning Peak,High,24.58,Clear,0,991,0.2286,5.87,Incident,22.71,18.61,7.54
T2897,A27,21-09-2025 06:45,22.83,34.24,Morning Peak,Medium,27.75,Rain,1,642,1.1048,16.52,Incident,50.76,43.11,14.29
T2898,A43,28-09-2025 01:24,19.8,29.7,Night,Low,46.94,Clear,0,872,0.2435,-0.09,No Delay,29.61,14.03,21.41
T2899,A13,30-09-2025 18:53,5.39,8.08,Night,Low,47.91,Storm,3,147,0.2663,2.58,Weather,10.66,6.75,7.03
T2900,A16,09-09-2025 02:27,2.24,3.36,Night,High,24.03,Clear,0,975,0.113,0.7,Traffic,4.06,1.03,8.18
T2901,A43,27-09-2025 18:04,12.95,19.42,Morning Peak,Medium,24.18,Fog,2,319,0.4981,6.41,Incident,25.83,19.64,12.54
T2902,A12,24-09-2025 02:48,3.86,5.79,Night,Low,50.76,Clear,0,902,0,0.3,No Delay,6.09,5.13,7.14
T2903,A18,02-09-2025 16:00,21.29,31.93,Evening Peak,Low,29.09,Storm,3,203,0.6431,10.02,Weather,41.95,35.4,13.04
T2904,A7,21-09-2025 06:23,23.02,34.53,Morning Peak,Medium,23.41,Rain,1,581,0.0937,16.82,Traffic,51.35,9.55,43.13
T2905,A34,18-09-2025 18:54,22.88,34.32,Morning Peak,Medium,24.11,Rain,1,602,0.141,12.01,Traffic,46.33,5.13,48.18
T2906,A7,22-09-2025 03:31,7.18,10.77,Afternoon,Medium,15.67,Clear,0,1049,0.2873,2.76,Traffic,13.53,9.64,10.14
T2907,A28,14-09-2025 00:52,20.86,31.29,Afternoon,Low,45.38,Clear,0,956,0.1355,-0.53,No Delay,30.76,7.08,27.06
T2908,A40,05-09-2025 10:06,13.29,19.93,Night,Medium,31.97,Clear,0,749,0.0669,-0.54,No Delay,19.39,11.68,12.56
T2909,A46,29-09-2025 05:08,2.89,4.34,Morning Peak,Low,39.17,Clear,0,931,0.0506,-0.01,No Delay,4.33,1.46,9.03
T2910,A15,20-09-2025 04:27,26.92,40.38,Night,Low,61.67,Clear,0,937,0.0919,-0.85,No Delay,39.53,23.16,18.57
T2911,A30,23-09-2025 13:07,4.72,7.08,Night,Low,51.53,Clear,0,823,0,0.01,No Delay,7.09,4.95,9.41
T2912,A16,10-09-2025 19:34,4.88,7.32,Afternoon,Low,41.58,Clear,0,875,0,-0.02,No Delay,7.3,2.19,7.67
T2913,A5,22-09-2025 06:25,26.97,40.45,Night,Low,54.66,Clear,0,921,0,-1.32,No Delay,39.13,24.08,19.73
T2914,A48,28-09-2025 14:54,21.92,32.88,Morning Peak,High,16.66,Fog,2,207,0.5976,12.95,Incident,45.83,8.91,43.92
T2915,A5,25-09-2025 20:18,13.76,20.64,Evening Peak,High,36.31,Rain,1,454,0.3334,6.81,Weather,27.45,6.96,28.28
T2916,A34,04-09-2025 13:44,22.83,34.24,Morning Peak,High,20.33,Clear,0,793,0.0495,17.43,Traffic,51.67,45,14.39
T2917,A4,10-09-2025 00:44,19.92,29.88,Evening Peak,High,26.21,Storm,3,281,0.5883,16.48,Incident,46.36,5.54,47.43
T2918,A49,27-09-2025 13:17,13.17,19.75,Afternoon,High,21.23,Rain,1,629,0.6136,9.78,Incident,29.53,6.13,29.95
T2919,A1,19-09-2025 01:39,16,24,Evening Peak,High,17.15,Rain,1,513,1.2382,13.62,Incident,37.62,17.3,25.94
T2920,A46,22-09-2025 11:53,4.78,7.17,Evening Peak,Medium,22.93,Rain,1,701,0.3133,1.41,Weather,8.58,0.25,10.15
T2921,A43,17-09-2025 14:29,13.71,20.57,Evening Peak,High,50.48,Fog,2,226,0.4031,8.19,Weather,28.76,14.37,19.06
T2922,A18,25-09-2025 11:56,28.12,42.18,Night,Low,45.49,Clear,0,896,0.1656,-1.55,No Delay,40.63,14.1,28.7
T2923,A44,27-09-2025 01:21,27.18,40.77,Evening Peak,Low,23.63,Fog,2,370,0.5228,7.04,Weather,47.81,11.64,44.74
T2924,A7,21-09-2025 12:26,3.66,5.49,Night,Low,39.17,Clear,0,815,0.0522,0.05,No Delay,5.54,0.55,8.86
T2925,A46,07-09-2025 17:41,9.66,14.49,Evening Peak,High,23.83,Clear,0,823,1.2823,5.19,Incident,19.68,2.21,22.98
T2926,A50,09-09-2025 03:21,27.76,41.64,Afternoon,Low,33.82,Clear,0,940,0.0903,2.41,No Delay,44.05,38.35,11.16
T2927,A2,11-09-2025 17:49,4.96,7.44,Morning Peak,High,19.2,Rain,1,599,0.0959,3.7,Traffic,11.14,1.18,16.49
T2928,A18,22-09-2025 06:14,9.59,14.38,Morning Peak,Medium,34.24,Fog,2,324,0.4559,1.74,Weather,16.12,1.99,20.15
T2929,A20,17-09-2025 15:34,25.02,37.53,Evening Peak,High,21.9,Rain,1,766,0.7881,19.26,Incident,56.79,16.38,40.7
T2930,A35,13-09-2025 15:47,11.67,17.5,Morning Peak,High,22.23,Rain,1,573,0.0747,7.83,Traffic,25.33,19,12.41
T2931,A3,11-09-2025 07:20,7.95,11.93,Evening Peak,High,15.81,Fog,2,350,0.6042,6.41,Incident,18.34,7.83,15.11
T2932,A10,16-09-2025 13:45,8.81,13.21,Afternoon,Low,56.09,Clear,0,970,0.0127,-0.29,No Delay,12.92,8.12,9.04
T2933,A4,09-09-2025 00:58,29.01,43.52,Afternoon,High,51.32,Rain,1,695,0.4815,10.97,Weather,54.49,44.45,15.76
T2934,A24,27-09-2025 22:27,14.57,21.86,Afternoon,Medium,14.1,Fog,2,171,0.8028,11.1,Incident,32.96,8.52,28.45
T2935,A1,26-09-2025 15:24,4.8,7.2,Night,Low,43.15,Clear,0,787,0.2119,-0.14,No Delay,7.06,0.82,12.73
T2936,A30,09-09-2025 07:27,11.89,17.84,Evening Peak,High,13.04,Rain,1,661,0.5481,6,Incident,23.84,9.35,21.84
T2937,A18,15-09-2025 00:53,10.69,16.04,Afternoon,Medium,38.68,Fog,2,145,0.3123,2.41,Weather,18.45,4.56,22.13
T2938,A48,17-09-2025 16:03,3.92,5.88,Night,Low,34.59,Clear,0,917,0,-0.07,No Delay,5.81,2.7,11.13
T2939,A40,24-09-2025 01:51,8.48,12.72,Morning Peak,Low,37.83,Clear,0,860,0,0.26,No Delay,12.98,10.43,9.14
T2940,A10,16-09-2025 15:56,15.55,23.33,Morning Peak,Medium,45.55,Storm,3,272,0.4653,5.91,Weather,29.24,13.56,21.05
T2941,A39,10-09-2025 09:09,3.22,4.83,Morning Peak,Medium,20.51,Clear,0,1076,0,2.34,Traffic,7.17,5.1,10.84
T2942,A30,29-09-2025 19:58,25.81,38.71,Evening Peak,Low,25.49,Fog,2,301,0.2377,11.59,Weather,50.3,9.96,40.6
T2943,A39,02-09-2025 13:16,10.15,15.23,Evening Peak,High,16.74,Clear,0,909,0.2757,6.98,Traffic,22.21,10.69,20.43
T2944,A28,11-09-2025 16:23,18.04,27.06,Night,Medium,28.09,Storm,3,309,0.2055,8.53,Weather,35.59,21.8,17.07
T2945,A34,25-09-2025 22:32,27.83,41.74,Night,Low,50.28,Rain,1,692,0.3569,13.5,Weather,55.24,41.05,18.7
T2946,A17,17-09-2025 06:19,15.24,22.86,Evening Peak,High,27.89,Clear,0,942,0.2631,7.94,Traffic,30.8,24.3,10.5
T2947,A33,24-09-2025 12:15,27.35,41.03,Afternoon,Low,47.62,Clear,0,1002,0.0221,1.39,No Delay,42.42,21.03,23.04
T2948,A21,29-09-2025 01:39,9.87,14.8,Afternoon,Low,42.49,Clear,0,916,0,0.43,No Delay,15.23,6.01,10.98
T2949,A43,06-09-2025 15:12,18.76,28.14,Night,High,54.93,Storm,3,239,0.309,8.27,Weather,36.41,7.16,33.89
T2950,A42,14-09-2025 23:28,10.46,15.69,Night,Medium,40.62,Fog,2,252,0.6875,4.51,Weather,20.2,10.9,14.23
T2951,A25,02-09-2025 09:16,21.63,32.45,Evening Peak,High,31.56,Clear,0,861,0.0301,14.83,Traffic,47.28,1.8,48.98
T2952,A41,30-09-2025 09:52,11.53,17.3,Afternoon,Medium,23.79,Clear,0,886,0.3781,3.77,Traffic,21.07,2.27,22.32
T2953,A12,14-09-2025 18:57,23.29,34.93,Morning Peak,Low,37.15,Storm,3,265,0.2413,11.39,Weather,46.32,20.3,33.58
T2954,A40,15-09-2025 08:38,4.14,6.21,Evening Peak,Medium,27.46,Clear,0,940,0.09,3.14,Traffic,9.35,5.09,10.45
T2955,A23,12-09-2025 10:31,17.46,26.19,Night,High,24.37,Storm,3,239,0.5466,11.55,Incident,37.74,12.41,29.36
T2956,A13,13-09-2025 19:15,18.46,27.69,Afternoon,Low,39.32,Clear,0,913,0.0566,-0.21,No Delay,27.48,6.08,26.55
T2957,A49,01-09-2025 19:45,2.8,4.2,Evening Peak,High,35.34,Rain,1,636,0.3431,0.88,Traffic,5.08,0.02,8.24
T2958,A16,13-09-2025 11:25,17.09,25.64,Evening Peak,High,15.29,Fog,2,296,0.1286,7.88,Traffic,33.52,22.95,18.01
T2959,A37,07-09-2025 10:32,11.75,17.62,Night,Medium,55.13,Storm,3,133,0.2139,4.38,Weather,22,6.75,21.93
T2960,A33,17-09-2025 17:23,6.92,10.38,Night,Low,55.12,Storm,3,103,0.454,1.51,Weather,11.89,4.59,15.7
T2961,A25,13-09-2025 00:15,11.85,17.78,Night,Low,48.33,Clear,0,822,0.1055,0.23,No Delay,18.01,16.02,6.51
T2962,A12,06-09-2025 21:08,17.35,26.03,Evening Peak,Medium,12.41,Fog,2,171,0.6747,9.56,Incident,35.59,29.63,13.48
T2963,A47,02-09-2025 05:00,12.5,18.75,Afternoon,Low,37.32,Fog,2,214,0.1743,5.78,Weather,24.53,15.12,13.95
T2964,A21,27-09-2025 18:53,20.28,30.42,Night,Medium,39.65,Fog,2,196,0.1218,7.55,Weather,37.97,3.47,37.69
T2965,A41,12-09-2025 15:08,29.95,44.93,Morning Peak,High,35.54,Rain,1,533,0.2269,14.6,Traffic,59.53,31.45,36.51
T2966,A18,23-09-2025 04:10,24.7,37.05,Morning Peak,High,22.59,Rain,1,579,0.582,10.49,Incident,47.54,39.9,11.97
T2967,A41,18-09-2025 06:43,29.16,43.74,Afternoon,Low,34.75,Clear,0,995,0,-1.69,No Delay,42.05,11.56,33.59
T2968,A49,04-09-2025 04:00,16.3,24.45,Evening Peak,High,13.38,Fog,2,308,0.7381,15.56,Incident,40.01,8.64,38.36
T2969,A6,20-09-2025 09:47,14.98,22.47,Evening Peak,High,24.89,Rain,1,393,0.1928,10.07,Traffic,32.54,21.46,17.11
T2970,A35,04-09-2025 22:44,26.03,39.05,Morning Peak,High,26.57,Rain,1,450,1.2135,23.86,Traffic,62.91,35.14,30.32
T2971,A35,24-09-2025 12:12,7.98,11.97,Night,Low,41.77,Clear,0,964,0.0412,0.35,No Delay,12.32,9.06,8.75
T2972,A32,02-09-2025 15:01,22.24,33.36,Night,Low,45.19,Clear,0,745,0,-1.02,No Delay,32.34,7.62,26.15
T2973,A37,01-09-2025 17:49,12.95,19.42,Night,Low,34.61,Storm,3,178,0.3335,6.37,Weather,25.79,19.01,12.87
T2974,A44,05-09-2025 23:20,5.49,8.24,Night,Low,60.32,Clear,0,851,0.0871,-0.13,No Delay,8.11,3.69,9.7
T2975,A11,25-09-2025 00:27,4.31,6.46,Morning Peak,High,25.28,Clear,0,907,0.1608,2.91,Traffic,9.37,0.89,13.81
T2976,A4,02-09-2025 14:45,15.32,22.98,Evening Peak,High,25.8,Clear,0,777,0.1988,6.57,Traffic,29.55,4.49,31.21
T2977,A3,14-09-2025 10:13,3.7,5.55,Night,Low,46.77,Clear,0,989,0.1892,-0.15,No Delay,5.4,2.95,7.1
T2978,A38,27-09-2025 00:47,22.58,33.87,Morning Peak,High,26.32,Clear,0,848,0.34,9.2,Traffic,43.07,16.8,30.7
T2979,A20,23-09-2025 00:20,12.56,18.84,Morning Peak,Low,27.08,Fog,2,317,0.3188,8.36,No Delay,27.2,12.74,20.12
T2980,A26,26-09-2025 15:36,18.25,27.38,Morning Peak,High,17.8,Rain,1,464,1.1592,10.78,Incident,38.16,21.68,20.97
T2981,A13,03-09-2025 06:15,12.65,18.98,Night,Medium,32.14,Rain,1,536,0.3994,4.87,Weather,23.85,7.54,22.18
T2982,A14,08-09-2025 22:08,4.8,7.2,Afternoon,Low,47.21,Storm,3,210,0.3624,3.02,Weather,10.22,3.74,11.26
T2983,A40,14-09-2025 13:10,6.66,9.99,Afternoon,Low,45.62,Clear,0,1056,0.053,0.17,No Delay,10.16,3.45,13.09
T2984,A28,13-09-2025 07:45,25.73,38.59,Night,Low,34.91,Storm,3,138,0.2192,14.68,Weather,53.27,21.9,37.82
T2985,A50,05-09-2025 19:48,18.68,28.02,Night,Medium,35.74,Clear,0,854,0.0637,5.28,Traffic,33.3,24.47,13.31
T2986,A13,25-09-2025 01:06,9.09,13.63,Evening Peak,High,5.69,Storm,3,113,0.6266,7.87,Incident,21.5,10.01,13.54
T2987,A50,28-09-2025 05:42,3.12,4.68,Night,Low,30.11,Rain,1,535,0.1283,0.71,Weather,5.39,2.94,5.25
T2988,A12,26-09-2025 05:56,23.88,35.82,Afternoon,Low,51.3,Clear,0,891,0.0443,0.69,No Delay,36.51,4.52,36.48
T2989,A12,10-09-2025 03:12,29.82,44.73,Evening Peak,Medium,35.2,Rain,1,395,0.286,11.77,Traffic,56.5,40.64,24.6
T2990,A45,08-09-2025 03:52,19.87,29.8,Night,Low,48.48,Clear,0,932,0.0456,-0.76,No Delay,29.04,2.97,35.85
T2991,A41,20-09-2025 04:47,9.43,14.14,Morning Peak,High,43.5,Clear,0,878,0.1791,3.72,Traffic,17.86,5.84,14.97
T2992,A36,26-09-2025 20:00,10.81,16.21,Evening Peak,High,34.74,Clear,0,1040,0.1938,4.36,Traffic,20.57,11.71,15.59
T2993,A41,29-09-2025 13:52,6.8,10.2,Morning Peak,High,27.86,Clear,0,1003,0.3619,2.04,Traffic,12.24,7.24,6.7
T2994,A43,25-09-2025 17:08,26.98,40.47,Morning Peak,Medium,23.03,Clear,0,825,0.3039,13.79,Traffic,54.26,6.2,50.94
T2995,A22,03-09-2025 22:39,25.71,38.57,Afternoon,Low,23.2,Storm,3,252,0.1534,5.51,Weather,44.08,31.06,18.88
T2996,A29,06-09-2025 04:09,12,18,Morning Peak,Medium,25.58,Rain,1,722,0.2546,8.2,Traffic,26.2,14.08,18.29
T2997,A50,16-09-2025 00:58,12.2,18.3,Evening Peak,Low,59.3,Rain,1,695,0.4655,5.79,Weather,24.09,4.73,26.98
T2998,A49,24-09-2025 00:34,2.94,4.41,Night,Low,47.34,Clear,0,986,0.0645,-0.12,No Delay,4.29,0.91,7.37
T2999,A6,01-09-2025 21:45,15.24,22.86,Morning Peak,High,19.68,Clear,0,822,1.2286,9.26,Incident,32.12,3.16,36.38
T3000,A3,28-09-2025 14:20,19.64,29.46,Night,Low,50.67,Clear,0,846,0,0.61,No Delay,30.07,21.02,14.14
T3001,A23,05-09-2025 19:01,4.34,6.51,Evening Peak,Medium,18.13,Rain,1,447,0.5613,1.93,Incident,8.44,7.51,5.64
T3002,A32,10-09-2025 20:56,13.89,20.84,Evening Peak,High,7.69,Clear,0,820,0.6553,10.67,Incident,31.51,8.9,25.65
T3003,A14,05-09-2025 10:18,20.02,30.03,Night,High,14.38,Storm,3,257,0.906,19.03,Incident,49.06,41.14,15.49
T3004,A15,23-09-2025 04:56,4.91,7.37,Afternoon,High,5.06,Clear,0,908,0.7145,3.15,Incident,10.52,5.46,7.97
T3005,A1,29-09-2025 22:14,23.93,35.89,Night,Medium,39.6,Fog,2,170,0.5025,13.96,Weather,49.85,24.89,29.8
T3006,A10,23-09-2025 09:12,20.49,30.73,Night,High,23.68,Clear,0,873,0.7683,19.55,Incident,50.28,3.78,48.39
T3007,A2,30-09-2025 20:32,17.47,26.2,Night,Low,39.05,Clear,0,955,0,-0.47,No Delay,25.73,9.71,22.35
T3008,A19,12-09-2025 23:48,7.52,11.28,Morning Peak,High,34.64,Clear,0,901,0.3264,2.51,Traffic,13.79,3.69,15.29
T3009,A3,05-09-2025 23:41,12.57,18.86,Night,Low,45.85,Clear,0,887,0,0.95,No Delay,19.81,11.31,13.69
T3010,A11,15-09-2025 13:26,29.68,44.52,Night,Low,47.48,Clear,0,823,0.0084,-0.07,No Delay,44.45,7.97,44.02
T3011,A5,07-09-2025 18:39,24.84,37.26,Afternoon,High,23.09,Clear,0,1039,0.256,16.23,Traffic,53.49,40.28,17.64
T3012,A15,24-09-2025 14:07,20.4,30.6,Afternoon,Low,40.18,Clear,0,897,0,-0.98,No Delay,29.62,15.99,19.12
T3013,A27,13-09-2025 02:32,12.69,19.04,Morning Peak,High,44.74,Rain,1,615,0.3923,4.46,Traffic,23.5,14.44,13.47
T3014,A16,26-09-2025 12:42,17.74,26.61,Morning Peak,Medium,38.4,Storm,3,131,0.2738,10.78,Weather,37.39,24.76,20.64
T3015,A43,28-09-2025 22:37,29.87,44.8,Afternoon,Low,31.48,Storm,3,250,0.299,9.13,Weather,53.93,30.45,33.01
T3016,A15,12-09-2025 12:43,10.9,16.35,Morning Peak,Medium,51.88,Clear,0,923,0,-0.56,No Delay,15.79,2.53,16.56
T3017,A19,30-09-2025 05:46,23.38,35.07,Afternoon,Low,63.4,Clear,0,781,0,-0.45,No Delay,34.62,8.23,30.6
T3018,A22,20-09-2025 14:47,12.26,18.39,Morning Peak,High,34.98,Clear,0,999,0.3642,5.52,Traffic,23.91,4.46,27.28
T3019,A12,19-09-2025 00:24,14.77,22.15,Evening Peak,Low,22.19,Fog,2,329,0.4372,2.28,Weather,24.43,0.67,28.56
T3020,A32,13-09-2025 08:06,2.45,3.68,Night,High,17.58,Rain,1,663,0.6895,2.1,Incident,5.78,4.59,7.98
T3021,A34,24-09-2025 15:26,14.47,21.71,Night,Low,42.77,Clear,0,925,0.0229,-0.22,No Delay,21.49,16.38,10.85
T3022,A36,27-09-2025 19:58,4.29,6.43,Morning Peak,Medium,32.25,Storm,3,108,0.1095,2.14,Weather,8.57,0.92,11.09
T3023,A33,07-09-2025 03:59,21.48,32.22,Evening Peak,High,26.4,Fog,2,271,0.3519,12.68,Incident,44.9,10.75,43.06
T3024,A8,26-09-2025 09:22,2.71,4.07,Night,High,30.06,Clear,0,939,0.4408,1.36,Traffic,5.43,3.33,7.65
T3025,A46,02-09-2025 15:09,21.83,32.74,Morning Peak,Low,44.64,Clear,0,864,0.0537,0.79,No Delay,33.53,9.08,27.99
T3026,A7,29-09-2025 18:39,7.7,11.55,Morning Peak,High,36.91,Clear,0,881,0.1404,3.39,Traffic,14.94,4.27,15.95
T3027,A42,07-09-2025 12:39,26.71,40.07,Evening Peak,High,33.63,Clear,0,890,0.3585,17.59,Traffic,57.66,26.99,33.24
T3028,A31,12-09-2025 21:24,3.12,4.68,Evening Peak,High,21.99,Clear,0,931,0.5458,2.53,Incident,7.21,5.61,5.59
T3029,A44,04-09-2025 10:37,18.98,28.47,Morning Peak,High,28.11,Clear,0,974,0.4329,7.34,Traffic,35.81,14.85,24.5
T3030,A30,18-09-2025 16:02,3.38,5.07,Evening Peak,High,5,Rain,1,559,0.8632,1.82,Incident,6.89,5.09,9.07
T3031,A14,08-09-2025 14:00,19.67,29.51,Morning Peak,High,13.17,Rain,1,519,0.5059,10.77,Traffic,40.28,18.49,28.28
T3032,A50,30-09-2025 21:32,12.12,18.18,Morning Peak,Low,32.86,Rain,1,511,0.3062,3.4,Weather,21.58,11.64,13.23
T3033,A35,02-09-2025 23:55,2.1,3.15,Night,Low,35.64,Clear,0,1062,0,-0.09,No Delay,3.06,2.59,6.27
T3034,A5,18-09-2025 18:27,23.39,35.09,Night,Low,43.45,Clear,0,831,0.1818,0.64,No Delay,35.73,24.87,16.47
T3035,A40,17-09-2025 16:58,29.88,44.82,Night,Low,38.36,Clear,0,845,0.0337,1.99,No Delay,46.81,12.84,39.61
T3036,A18,09-09-2025 20:32,4.26,6.39,Morning Peak,High,20.03,Storm,3,209,0.8673,3.5,Incident,9.89,3.03,9.47
T3037,A48,09-09-2025 07:36,18.9,28.35,Afternoon,Low,19.85,Storm,3,307,0.2358,4.75,Weather,33.1,16.2,22.11
T3038,A34,01-09-2025 09:56,11.81,17.71,Night,Low,55.42,Clear,0,799,0.1395,-0.06,No Delay,17.65,6.05,15.4
T3039,A21,07-09-2025 11:10,6.29,9.44,Evening Peak,High,35.13,Clear,0,807,0.0412,4.43,Traffic,13.87,4.1,13.23
T3040,A16,03-09-2025 09:11,20.91,31.37,Morning Peak,Low,30.24,Fog,2,337,0.1664,8.78,Weather,40.15,27.42,17.79
T3041,A46,05-09-2025 11:47,14.73,22.1,Morning Peak,Low,37.39,Clear,0,900,0,0.53,No Delay,22.63,11.3,15.18
T3042,A25,24-09-2025 20:03,16.08,24.12,Afternoon,Medium,56.35,Clear,0,987,0.0653,0.83,No Delay,24.95,12.19,19.71
T3043,A15,03-09-2025 15:27,25.36,38.04,Night,Low,47.31,Clear,0,909,0.0039,-0.77,No Delay,37.27,8.85,33.8
T3044,A22,15-09-2025 01:53,28.94,43.41,Afternoon,Low,43.68,Clear,0,902,0.01,-0.98,No Delay,42.43,30.42,17.44
T3045,A21,30-09-2025 13:03,16.69,25.04,Night,High,20.75,Clear,0,843,0.8445,14.09,Incident,39.13,2.61,41.74
T3046,A12,04-09-2025 02:02,23.27,34.91,Morning Peak,Low,47.68,Clear,0,902,0.1625,-1.24,No Delay,33.67,4.97,37.27
T3047,A19,08-09-2025 18:20,2.75,4.12,Afternoon,High,19.61,Fog,2,260,0.6677,1.69,Incident,5.81,3.53,6.05
T3048,A15,05-09-2025 08:05,24.71,37.06,Night,High,17.58,Storm,3,122,0.6135,16.3,Incident,53.36,14.83,43.84
T3049,A38,21-09-2025 18:14,19.8,29.7,Night,Medium,45.97,Storm,3,295,0.145,11.03,Weather,40.73,13.4,34.66
T3050,A32,25-09-2025 18:39,5.58,8.37,Afternoon,Low,48.26,Fog,2,237,0,2.29,Weather,10.66,8.18,7.82
T3051,A34,17-09-2025 06:05,25.14,37.71,Evening Peak,Medium,14.58,Clear,0,1030,1.225,14.06,Incident,51.77,2.01,56.38
T3052,A14,20-09-2025 18:18,5.48,8.22,Night,Low,55.82,Clear,0,822,0.2268,0.12,No Delay,8.34,6.54,4.38
T3053,A19,18-09-2025 02:41,3.92,5.88,Evening Peak,High,19.62,Clear,0,877,0.3317,2.09,Traffic,7.97,4.94,9.86
T3054,A21,06-09-2025 11:44,12.29,18.43,Morning Peak,High,15.84,Fog,2,276,0.8109,7.38,Incident,25.81,2.8,25.22
T3055,A8,25-09-2025 14:59,13.03,19.54,Night,Low,39.75,Clear,0,897,0.1123,0.11,No Delay,19.65,4.19,24.63
T3056,A1,25-09-2025 09:45,2.24,3.36,Evening Peak,High,47.11,Fog,2,272,0.606,0.67,Weather,4.03,1.01,9.67
T3057,A46,23-09-2025 10:50,13.26,19.89,Morning Peak,Medium,32.78,Clear,0,836,0.2118,9.16,Traffic,29.05,25.93,6.76
T3058,A8,28-09-2025 03:24,29.37,44.06,Night,High,6.8,Clear,0,730,0.7081,27.72,Incident,71.78,8.97,76.74
T3059,A7,14-09-2025 11:08,15.52,23.28,Night,Low,42.61,Clear,0,888,0.0131,0.12,No Delay,23.4,19.69,8.23
T3060,A16,17-09-2025 09:11,21.88,32.82,Afternoon,Low,39.82,Fog,2,303,0.3688,13,Weather,45.82,34.71,12.81
T3061,A1,28-09-2025 15:37,21.87,32.81,Evening Peak,High,20.37,Rain,1,496,0.5427,20.3,Incident,53.11,26.04,37.48
T3062,A6,19-09-2025 00:11,23.94,35.91,Evening Peak,Medium,40.8,Storm,3,129,0.2168,14.17,Weather,50.08,41.54,11.02
T3063,A4,02-09-2025 18:13,27.02,40.53,Night,Medium,41.24,Fog,2,302,0.4713,5.94,Weather,46.47,23.06,29.46
T3064,A11,28-09-2025 18:25,19.07,28.61,Night,Low,59.15,Clear,0,960,0,-0.17,No Delay,28.44,16.79,19.41
T3065,A17,19-09-2025 10:48,22.68,34.02,Morning Peak,High,49.3,Fog,2,309,0.3768,7.66,Weather,41.68,25.2,23.38
T3066,A32,11-09-2025 18:52,4.28,6.42,Evening Peak,Medium,36.59,Rain,1,773,0.3207,2.09,Traffic,8.51,3.56,12.27
T3067,A12,03-09-2025 01:36,14.07,21.11,Evening Peak,High,27.02,Clear,0,829,0.3092,10.02,Traffic,31.13,8.02,28.93
T3068,A22,10-09-2025 19:28,12.18,18.27,Afternoon,High,19.89,Fog,2,244,1.2626,10.39,Incident,28.66,16.96,13.96
T3069,A13,25-09-2025 15:01,7.06,10.59,Night,High,19.48,Clear,0,910,0.1516,2.05,Traffic,12.64,2.21,12.28
T3070,A26,01-09-2025 15:16,18.13,27.2,Afternoon,High,21.1,Clear,0,938,0.1603,10.22,Traffic,37.42,9.16,33.14
T3071,A29,26-09-2025 22:28,8.04,12.06,Evening Peak,Medium,27.84,Clear,0,829,0.5322,4.29,Traffic,16.35,11.39,9.59
T3072,A49,13-09-2025 02:03,25.65,38.48,Morning Peak,High,26.6,Clear,0,810,0.3096,13.58,Traffic,52.06,18.64,40.37
T3073,A13,28-09-2025 03:38,2.91,4.37,Evening Peak,High,38.8,Clear,0,871,0.3646,0.96,Traffic,5.33,3.21,4.01
T3074,A25,22-09-2025 06:50,15.42,23.13,Evening Peak,High,23.12,Clear,0,917,0.0245,11.55,Traffic,34.68,11.27,28.1
T3075,A42,08-09-2025 05:43,12.73,19.1,Evening Peak,High,10.52,Fog,2,141,0.8276,5.61,Incident,24.71,17.83,11.71
T3076,A39,03-09-2025 21:36,7.78,11.67,Evening Peak,Medium,21.73,Clear,0,824,0.3585,2.36,Traffic,14.03,4.74,14.2
T3077,A49,15-09-2025 16:34,23.28,34.92,Evening Peak,High,38.16,Clear,0,849,0.0232,15.35,Traffic,50.27,21.07,40.3
T3078,A4,10-09-2025 00:18,20.13,30.2,Morning Peak,Medium,24.29,Clear,0,887,0.2533,13.04,Traffic,43.24,14.56,31.47
T3079,A11,07-09-2025 18:26,12.61,18.91,Morning Peak,High,18.33,Fog,2,231,0.9545,6.79,Incident,25.7,13.92,15.8
T3080,A35,05-09-2025 03:14,12.81,19.22,Afternoon,Low,34.26,Clear,0,749,0.0699,0.83,Weather,20.05,8.47,13.51
T3081,A2,18-09-2025 21:11,11.04,16.56,Morning Peak,High,25.6,Storm,3,106,0.7417,9.65,Incident,26.21,14.27,19.19
T3082,A6,10-09-2025 12:23,9.92,14.88,Morning Peak,High,19.16,Storm,3,143,0.8676,6.11,Incident,20.99,11.33,11.45
T3083,A49,20-09-2025 04:23,4.36,6.54,Afternoon,High,14.73,Fog,2,208,0.8035,3.26,Incident,9.8,4.75,10.83
T3084,A47,10-09-2025 11:22,28.6,42.9,Evening Peak,High,21.38,Clear,0,927,0.1324,15.87,Traffic,58.77,19.57,42.73
T3085,A16,05-09-2025 00:25,23.24,34.86,Evening Peak,Low,15.81,Fog,2,254,0.5019,11.8,Weather,46.66,23.76,27.03
T3086,A39,26-09-2025 10:54,15.56,23.34,Evening Peak,Medium,43.46,Storm,3,209,0.3223,7.91,Weather,31.25,17.67,17.49
T3087,A22,12-09-2025 14:58,26.89,40.34,Afternoon,Medium,25.39,Rain,1,504,0.1441,13.21,Traffic,53.55,31.12,24.9
T3088,A39,11-09-2025 01:22,29.45,44.17,Night,Low,37.85,Clear,0,832,0.0469,2.65,No Delay,46.82,0.46,48.73
T3089,A23,27-09-2025 18:20,12.78,19.17,Evening Peak,Medium,12.13,Rain,1,430,1.0216,6.51,Incident,25.68,11.21,17.61
T3090,A22,11-09-2025 07:48,13.43,20.14,Morning Peak,Medium,33.67,Clear,0,796,0.2517,5.09,Traffic,25.23,3.27,27.77
T3091,A14,05-09-2025 23:39,13.4,20.1,Morning Peak,High,40.36,Clear,0,806,0.134,4.26,Incident,24.36,0.11,24.42
T3092,A38,18-09-2025 20:39,17.33,25.99,Morning Peak,Medium,28.68,Clear,0,812,0.1015,13.08,Traffic,39.07,0.11,44.95
T3093,A13,25-09-2025 11:29,13.74,20.61,Night,Low,28.26,Storm,3,200,0.3331,4.92,Weather,25.53,22.67,8.86
T3094,A16,25-09-2025 09:08,27.22,40.83,Night,Medium,62.4,Clear,0,958,0,-0.76,No Delay,40.07,35.24,8.76
T3095,A5,30-09-2025 02:19,3.28,4.92,Night,Low,46.81,Clear,0,799,0.0387,-0.09,No Delay,4.83,0.4,6.05
T3096,A41,20-09-2025 13:46,4.88,7.32,Morning Peak,Medium,30.1,Storm,3,283,0.3952,3.19,Weather,10.51,4.05,14.04
T3097,A6,25-09-2025 16:49,15.17,22.75,Afternoon,High,21.33,Clear,0,896,0.2776,10.24,Traffic,32.99,18.11,17.56
T3098,A50,18-09-2025 22:13,15.17,22.75,Afternoon,High,37.85,Storm,3,107,0.1682,6.22,Weather,28.97,15.94,19.48
T3099,A18,15-09-2025 16:24,3.15,4.72,Afternoon,Low,47.01,Clear,0,1037,0.024,0.02,No Delay,4.74,0.84,8.74
T3100,A47,13-09-2025 08:01,14.78,22.17,Night,Low,48.45,Clear,0,842,0,1.28,No Delay,23.45,3.93,27.27
T3101,A4,08-09-2025 06:17,20.95,31.42,Evening Peak,High,20.98,Clear,0,778,0.3981,7.38,Traffic,38.8,29.78,11.22
T3102,A25,28-09-2025 22:49,6.38,9.57,Morning Peak,Medium,30.31,Rain,1,553,0.0029,4.36,Traffic,13.93,7.39,13.3
T3103,A34,05-09-2025 13:39,7.41,11.12,Morning Peak,High,32.19,Rain,1,707,0.4143,4.19,Traffic,15.31,3.44,16.24
T3104,A23,21-09-2025 01:27,10.91,16.36,Morning Peak,High,11.73,Clear,0,876,0.6557,10.35,Incident,26.71,0.47,28.5
T3105,A17,29-09-2025 21:58,13.14,19.71,Evening Peak,High,20.35,Storm,3,192,0.9649,6.67,Incident,26.38,10.88,22.1
T3106,A42,06-09-2025 01:00,29.47,44.2,Morning Peak,High,38.99,Clear,0,805,0.1247,19.74,Traffic,63.94,55.54,13.6
T3107,A23,18-09-2025 00:43,20.44,30.66,Evening Peak,Low,42.62,Clear,0,870,0.1333,0.15,No Delay,30.81,19.8,16.36
T3108,A25,29-09-2025 06:35,19.38,29.07,Morning Peak,High,20.98,Rain,1,475,1.334,10.66,Incident,39.73,28.52,13.93
T3109,A45,22-09-2025 01:57,11.09,16.63,Morning Peak,High,20.21,Fog,2,149,0.5581,8.04,Incident,24.67,12.55,19.58
T3110,A32,04-09-2025 14:13,9.48,14.22,Afternoon,Medium,48.55,Clear,0,868,0.0234,0.85,No Delay,15.07,2.25,22.2
T3111,A32,14-09-2025 13:10,25.22,37.83,Evening Peak,High,16.22,Clear,0,866,0.9381,13.98,Incident,51.81,35.81,20.11
T3112,A6,19-09-2025 00:54,6.15,9.22,Morning Peak,Medium,32.35,Clear,0,763,0.402,2.6,Traffic,11.82,8,7.42
T3113,A39,24-09-2025 15:09,5.59,8.38,Evening Peak,High,24.03,Rain,1,505,0.5758,2.57,Incident,10.95,2.43,12.22
T3114,A33,03-09-2025 16:09,25.49,38.23,Night,Low,40.78,Clear,0,1025,0.0093,-0.3,No Delay,37.93,7.24,32.87
T3115,A31,19-09-2025 22:39,13.05,19.58,Evening Peak,Medium,45.23,Fog,2,333,0.1781,7.58,Weather,27.16,10.89,19.25
T3116,A48,29-09-2025 14:14,14.56,21.84,Night,Medium,25.97,Rain,1,746,0.7477,7.86,Incident,29.7,25.52,7.67
T3117,A12,23-09-2025 21:56,8.47,12.71,Afternoon,Medium,41.55,Clear,0,817,0.0549,-0.34,No Delay,12.37,7.6,12.51
T3118,A43,15-09-2025 13:55,16.91,25.37,Evening Peak,High,30.37,Clear,0,931,0.2497,6.36,Traffic,31.73,18.04,21.58
T3119,A11,25-09-2025 07:37,11.53,17.3,Evening Peak,Medium,23.12,Clear,0,908,0.3191,5.16,Traffic,22.46,19.1,11.07
T3120,A50,15-09-2025 22:00,6.3,9.45,Morning Peak,High,20.55,Clear,0,885,0.3098,2.54,Traffic,11.99,5.59,12.21
T3121,A49,15-09-2025 14:00,13.17,19.75,Evening Peak,High,16.89,Clear,0,900,1.1707,7.03,Incident,26.78,22.86,12.36
T3122,A22,28-09-2025 11:35,18.39,27.59,Afternoon,Low,28.55,Rain,1,486,0.2494,10.47,Weather,38.06,5.48,39.34
T3123,A5,23-09-2025 00:51,16.62,24.93,Afternoon,Low,23.17,Rain,1,524,0,6.24,Weather,31.17,13.37,24.79
T3124,A4,21-09-2025 12:30,7.75,11.62,Morning Peak,High,27.92,Rain,1,420,0.1084,2.39,Traffic,14.01,0.74,18.02
T3125,A25,03-09-2025 22:39,29.87,44.8,Night,Low,36.25,Clear,0,1009,0,0.42,No Delay,45.22,5.27,49.34
T3126,A37,16-09-2025 18:39,18.06,27.09,Afternoon,Low,36.02,Storm,3,207,0.5183,11.76,Weather,38.85,19.58,26.41
T3127,A28,19-09-2025 14:06,20.22,30.33,Evening Peak,Medium,25.36,Clear,0,879,0.083,12.62,Traffic,42.95,8.93,35.7
T3128,A4,01-09-2025 23:52,13.17,19.75,Morning Peak,High,24.7,Rain,1,538,0.6263,8.5,Incident,28.25,11.06,22.22
T3129,A46,05-09-2025 08:33,22.74,34.11,Morning Peak,Low,44.5,Clear,0,825,0,-0.36,No Delay,33.75,2.69,37.39
T3130,A44,01-09-2025 18:40,24.69,37.04,Afternoon,High,17.61,Clear,0,736,1.2616,22.94,Incident,59.98,37.7,24.65
T3131,A28,03-09-2025 07:46,17.61,26.41,Evening Peak,High,13.99,Fog,2,371,0.7178,14.38,Incident,40.79,10.64,40.03
T3132,A25,19-09-2025 20:38,21.81,32.72,Evening Peak,Medium,34.29,Storm,3,235,0.3701,14.15,Weather,46.87,41.46,10.22
T3133,A3,23-09-2025 06:18,19.38,29.07,Morning Peak,High,31.59,Clear,0,801,0.3873,10.1,Traffic,39.17,8.13,36
T3134,A9,19-09-2025 18:07,9.31,13.96,Evening Peak,High,17.09,Storm,3,217,0.4461,8.4,Incident,22.36,18.41,11.66
T3135,A28,12-09-2025 06:24,19.54,29.31,Morning Peak,Medium,14.05,Rain,1,473,0.4961,14.35,Incident,43.66,34.59,15.93
T3136,A47,28-09-2025 09:08,14.38,21.57,Evening Peak,High,25.97,Fog,2,367,0.483,8.7,Incident,30.27,6.21,28.43
T3137,A29,24-09-2025 20:09,16.52,24.78,Evening Peak,High,23.31,Clear,0,1041,0.4397,12.65,Traffic,37.43,17.59,24.39
T3138,A14,11-09-2025 15:51,15.82,23.73,Night,Low,42.84,Clear,0,1004,0.0617,-0.13,No Delay,23.6,9.85,17.63
T3139,A35,23-09-2025 00:58,2.05,3.07,Night,High,28.01,Storm,3,110,0.4199,1.1,Incident,4.17,0.27,7.05
T3140,A14,18-09-2025 11:21,12.69,19.04,Afternoon,Medium,49.86,Clear,0,926,0.1264,0.7,No Delay,19.74,2.64,23.48
T3141,A33,29-09-2025 19:11,12.29,18.43,Morning Peak,Medium,18.86,Rain,1,636,0.2739,7.82,Traffic,26.25,16.63,17.43
T3142,A18,28-09-2025 00:42,15.35,23.02,Night,Low,49.13,Clear,0,908,0,-0.6,No Delay,22.42,7.25,22.21
T3143,A36,04-09-2025 05:11,14.59,21.89,Evening Peak,High,29.53,Fog,2,322,0.9417,13.51,Incident,35.4,25.31,15.81
T3144,A30,23-09-2025 01:19,5.51,8.26,Morning Peak,Medium,24.32,Fog,2,252,0.6077,2.19,Weather,10.45,7.73,8.24
T3145,A10,17-09-2025 10:17,24.42,36.63,Night,Low,30.58,Storm,3,154,0.5186,5.89,Weather,42.52,26,19.91
T3146,A47,22-09-2025 14:07,4.16,6.24,Morning Peak,Medium,35.62,Clear,0,1060,0.2524,1.86,Traffic,8.1,7.11,6.93
T3147,A11,28-09-2025 11:58,24.65,36.97,Morning Peak,Low,57.27,Storm,3,143,0.3332,14.47,Weather,51.44,3.51,58.19
T3148,A43,26-09-2025 16:35,13.74,20.61,Morning Peak,Medium,20.96,Rain,1,567,0.1642,4.42,Traffic,25.03,10.52,23.87
T3149,A47,14-09-2025 13:20,18.51,27.77,Night,Low,20.79,Fog,2,279,0.4698,8.54,Weather,36.31,24.36,13.91
T3150,A32,04-09-2025 02:44,29.66,44.49,Evening Peak,High,21.43,Fog,2,262,0.7315,15,Incident,59.49,44.71,21.17
T3151,A32,03-09-2025 02:47,26.59,39.88,Night,High,28.57,Fog,2,386,0.1956,19.72,Traffic,59.6,51.83,10.54
T3152,A23,04-09-2025 09:48,15.51,23.27,Night,Medium,47.7,Storm,3,277,0.2062,8.31,Weather,31.58,26.76,7.75
T3153,A2,04-09-2025 12:33,15.67,23.5,Morning Peak,Medium,32.06,Clear,0,912,0.023,5.39,Traffic,28.89,20.84,10.08
T3154,A28,02-09-2025 02:00,24.56,36.84,Afternoon,High,20.93,Clear,0,781,0.056,11.1,Traffic,47.94,30.56,20.09
T3155,A44,10-09-2025 21:04,9.17,13.76,Afternoon,Low,48.5,Clear,0,922,0,0.53,No Delay,14.29,3.18,16.44
T3156,A29,18-09-2025 18:56,16.34,24.51,Afternoon,High,28.51,Fog,2,270,0.2926,8.17,Weather,32.68,2.81,34.42
T3157,A20,18-09-2025 21:56,20.99,31.48,Evening Peak,High,28.75,Clear,0,817,0.1563,10.46,Traffic,41.94,10.8,34.04
T3158,A48,13-09-2025 07:12,24.68,37.02,Afternoon,Medium,40.16,Clear,0,865,0.0976,9.23,Traffic,46.25,18.71,31.63
T3159,A44,02-09-2025 11:47,28.38,42.57,Night,Low,59.02,Clear,0,826,0,2.47,No Delay,45.04,8.33,43.86
T3160,A13,20-09-2025 07:11,20.64,30.96,Night,High,22.05,Fog,2,220,0.2667,3.87,Weather,34.83,12.36,23.67
T3161,A25,25-09-2025 21:36,15.72,23.58,Morning Peak,High,18.86,Storm,3,117,0.4732,6.77,Incident,30.35,17.74,21.68
T3162,A8,16-09-2025 17:10,19.31,28.96,Evening Peak,High,16.49,Storm,3,180,0.494,13.07,Incident,42.03,6.77,42.97
T3163,A8,05-09-2025 15:04,21.29,31.93,Evening Peak,Medium,58.94,Fog,2,352,0.3174,6.75,Weather,38.68,20.01,24.42
T3164,A47,20-09-2025 08:19,19.97,29.95,Afternoon,Medium,30.68,Fog,2,187,0.2629,8.81,Weather,38.76,23.35,21.37
T3165,A17,19-09-2025 23:27,11.77,17.66,Afternoon,Low,51.04,Clear,0,913,0.0106,0.59,No Delay,18.25,3.43,19.38
T3166,A45,09-09-2025 19:38,29.08,43.62,Afternoon,High,36.01,Clear,0,805,0.2522,14.89,Traffic,58.51,35.28,28.06
T3167,A28,11-09-2025 10:00,14.25,21.38,Night,High,17.77,Fog,2,171,0.8501,6.55,Incident,27.93,22.37,8.9
T3168,A8,06-09-2025 08:38,17.74,26.61,Afternoon,Medium,40.08,Clear,0,825,0.3207,6.74,Traffic,33.35,14.3,20.73
T3169,A24,23-09-2025 05:02,2.38,3.57,Morning Peak,Low,40.27,Clear,0,842,0.074,0.15,No Delay,3.72,2.67,6.49
T3170,A17,18-09-2025 16:17,25.91,38.87,Afternoon,High,37.83,Clear,0,934,0.133,8.92,Traffic,47.79,34.06,16.76
T3171,A24,19-09-2025 11:30,14.33,21.5,Afternoon,Low,25.82,Storm,3,160,0.3404,8.73,Weather,30.23,16.46,19.65
T3172,A19,14-09-2025 23:58,9.14,13.71,Afternoon,Low,26.89,Fog,2,169,0.0973,5.23,No Delay,18.94,15.52,6.86
T3173,A39,06-09-2025 11:56,15.76,23.64,Night,Low,46.63,Clear,0,878,0.0854,0.72,No Delay,24.36,4.67,22.87
T3174,A5,21-09-2025 03:53,26.23,39.35,Night,Low,41.55,Clear,0,926,0.0709,-1.56,No Delay,37.79,17.01,23.47
T3175,A45,13-09-2025 14:59,5.16,7.74,Morning Peak,Low,35.33,Clear,0,815,0,-0.22,No Delay,7.52,0.53,13.72
T3176,A33,06-09-2025 16:05,27.14,40.71,Evening Peak,Medium,18.29,Rain,1,564,1.2412,18.56,Incident,59.27,37.35,26.88
T3177,A7,24-09-2025 21:57,5.61,8.42,Afternoon,Medium,23.31,Clear,0,931,0.1589,3.03,Traffic,11.45,6.81,10.26
T3178,A32,23-09-2025 04:04,2.95,4.43,Night,Low,41.09,Clear,0,778,0,0.01,No Delay,4.44,1.91,6.22
T3179,A17,28-09-2025 20:35,17.84,26.76,Afternoon,High,19.63,Storm,3,196,1.2775,8.12,Incident,34.88,21.42,15.13
T3180,A48,12-09-2025 23:14,7.08,10.62,Night,Low,40.89,Clear,0,917,0.1103,-0.06,No Delay,10.56,2.7,14.38
T3181,A38,10-09-2025 17:22,27.74,41.61,Morning Peak,Medium,21.04,Clear,0,774,0.0997,19.24,Traffic,60.85,47.38,18.14
T3182,A22,19-09-2025 16:24,6.37,9.55,Night,Medium,43.33,Fog,2,152,0.4598,1.55,Weather,11.1,7.84,6.53
T3183,A37,26-09-2025 17:47,26.89,40.34,Afternoon,High,23.55,Rain,1,734,0.6023,22.6,Incident,62.94,13.77,55.95
T3184,A41,08-09-2025 22:14,12.88,19.32,Night,High,37,Rain,1,484,0.1612,4.83,Weather,24.15,2.22,28.07
T3185,A1,14-09-2025 23:42,19.52,29.28,Afternoon,Low,54.23,Clear,0,833,0.0428,0.47,No Delay,29.75,19.22,17.36
T3186,A38,28-09-2025 23:49,12.76,19.14,Night,Low,45.95,Clear,0,859,0.0245,0.35,No Delay,19.49,10.06,13.91
T3187,A50,06-09-2025 13:22,23.87,35.8,Afternoon,High,17.33,Fog,2,266,1.0733,15.96,Incident,51.76,0.87,51.47
T3188,A16,08-09-2025 14:32,15.56,23.34,Evening Peak,High,22,Rain,1,482,0.5817,10.46,Incident,33.8,12.17,29.1
T3189,A11,14-09-2025 20:19,8.52,12.78,Evening Peak,High,22.27,Clear,0,938,0.4125,2.73,Traffic,15.51,5.28,15.34
T3190,A45,14-09-2025 10:58,6.14,9.21,Evening Peak,Low,40.19,Clear,0,838,0.1496,0.15,No Delay,9.36,7.19,5.47
T3191,A35,24-09-2025 18:25,3.43,5.15,Morning Peak,High,28.45,Rain,1,568,0.0421,1.86,Traffic,7.01,2.93,8.94
T3192,A14,25-09-2025 01:38,8.18,12.27,Evening Peak,Low,56.04,Clear,0,1050,0,0.72,No Delay,12.99,2.74,15.82
T3193,A42,19-09-2025 21:59,9.84,14.76,Evening Peak,Medium,37.89,Clear,0,832,0.2231,5.15,Traffic,19.91,16.79,6.97
T3194,A30,05-09-2025 19:57,4.86,7.29,Afternoon,Medium,28.81,Clear,0,850,0.222,2.35,Traffic,9.64,0.41,15.51
T3195,A19,05-09-2025 05:36,6.56,9.84,Afternoon,Low,46.62,Clear,0,857,0.1629,0.26,No Delay,10.1,8.8,6.04
T3196,A25,03-09-2025 15:42,26.68,40.02,Night,Low,39.01,Clear,0,839,0.1508,-1.33,No Delay,38.69,18.27,29.18
T3197,A23,15-09-2025 01:25,13.95,20.93,Morning Peak,High,14.19,Rain,1,400,1.3282,9.84,Traffic,30.77,8.89,27.15
T3198,A14,05-09-2025 13:17,5.98,8.97,Evening Peak,High,22.4,Clear,0,884,0.2284,4.17,Traffic,13.14,10.55,8.22
T3199,A47,03-09-2025 08:59,10.48,15.72,Evening Peak,Low,30,Fog,2,368,0.3341,5.96,Weather,21.68,16.02,12.25
T3200,A9,04-09-2025 14:40,3.59,5.38,Morning Peak,Low,47.68,Fog,2,285,0.2673,1.5,Weather,6.88,2.35,9.04
T3201,A14,07-09-2025 15:21,25.59,38.39,Night,High,9.09,Rain,1,543,0.8805,23.08,Incident,61.47,55.31,10.98
T3202,A34,15-09-2025 22:13,25.54,38.31,Morning Peak,High,22.18,Rain,1,530,1.3089,20.24,Incident,58.55,7.15,51.97
T3203,A37,11-09-2025 06:51,7.45,11.18,Night,High,41.78,Storm,3,252,0.1533,2.72,Weather,13.9,12.49,5.21
T3204,A34,06-09-2025 20:13,6.52,9.78,Night,Low,34.99,Storm,3,251,0.2159,1.17,Weather,10.95,5.05,12.36
T3205,A34,28-09-2025 20:25,11.07,16.61,Morning Peak,Low,29.56,Fog,2,352,0.3977,2.98,Weather,19.59,7.8,17.16
T3206,A2,05-09-2025 09:59,23.75,35.62,Evening Peak,Medium,51.06,Clear,0,865,0.0209,1.63,No Delay,37.25,31.4,12.21
T3207,A31,06-09-2025 15:15,3.13,4.7,Night,Low,53.23,Clear,0,898,0.2046,0.25,No Delay,4.95,1.46,10.58
T3208,A37,03-09-2025 05:04,15.41,23.11,Night,Low,48.21,Clear,0,944,0.04,1.38,No Delay,24.49,18.84,9.85
T3209,A23,04-09-2025 03:48,9.71,14.57,Night,Low,53.65,Clear,0,945,0,-0.37,No Delay,14.2,4.12,18.16
T3210,A7,24-09-2025 23:37,19.64,29.46,Night,Low,38.65,Storm,3,247,0.2085,5.19,Weather,34.65,26.36,10.03
T3211,A5,03-09-2025 03:59,7.69,11.54,Night,Low,58,Clear,0,828,0.0212,-0.13,No Delay,11.41,3.27,12.62
T3212,A5,21-09-2025 06:19,18.54,27.81,Afternoon,High,22.7,Fog,2,390,0.5156,11.38,Incident,39.19,5.36,37.83
T3213,A2,27-09-2025 08:11,18.03,27.05,Morning Peak,Low,40.02,Clear,0,854,0.07,0.09,Weather,27.14,16.61,18.45
T3214,A15,14-09-2025 15:30,29.59,44.38,Night,High,39.13,Rain,1,548,0.3222,6.05,Weather,50.43,25.52,34.36
T3215,A1,16-09-2025 07:07,9.09,13.63,Evening Peak,High,17.44,Clear,0,913,0.8752,8.31,Incident,21.94,11.94,11.99
T3216,A43,26-09-2025 02:04,10.14,15.21,Night,Low,45.25,Clear,0,926,0,0.65,No Delay,15.86,11.07,11.12
T3217,A32,14-09-2025 06:50,27.5,41.25,Night,Medium,36.24,Storm,3,130,0.3513,12.13,Weather,53.38,25.17,34.12
T3218,A15,08-09-2025 17:37,19.22,28.83,Afternoon,Low,47.07,Clear,0,839,0.0264,0.61,No Delay,29.44,14.67,19.57
T3219,A34,24-09-2025 12:54,26.25,39.38,Morning Peak,Medium,26.32,Fog,2,248,0.3083,14.05,Weather,53.43,16.37,43.84
T3220,A37,08-09-2025 15:05,11.99,17.98,Morning Peak,High,32.05,Clear,0,907,0.399,8.56,Traffic,26.54,2.96,29
T3221,A17,28-09-2025 04:55,17.27,25.9,Night,Low,38.56,Fog,2,303,0.2572,4.97,Weather,30.87,3.77,33.12
T3222,A4,25-09-2025 08:42,19.9,29.85,Morning Peak,Low,46.48,Clear,0,953,0.1685,-1.12,No Delay,28.73,12.26,20
T3223,A40,28-09-2025 09:21,19.26,28.89,Evening Peak,High,11.87,Rain,1,593,0.8776,18.05,Incident,46.94,25.87,24.68
T3224,A20,18-09-2025 15:38,3.71,5.56,Evening Peak,High,13.17,Fog,2,298,0.9342,2.15,Incident,7.71,0.59,8.82
T3225,A24,18-09-2025 23:04,10.18,15.27,Afternoon,High,28.91,Rain,1,605,0.1198,5.23,Incident,20.5,6.04,21.24
T3226,A4,25-09-2025 00:22,3.14,4.71,Afternoon,High,35.15,Clear,0,881,0.1994,2.06,Traffic,6.77,5.56,5.93
T3227,A28,14-09-2025 01:25,19.68,29.52,Morning Peak,Medium,16.54,Storm,3,215,0.5472,14.99,Traffic,44.51,22.11,30.14
T3228,A10,01-09-2025 13:43,28.02,42.03,Night,Low,47.75,Fog,2,303,0.5852,18.26,Weather,60.29,1.56,65.03
T3229,A4,12-09-2025 17:58,24.35,36.52,Afternoon,Low,39.08,Clear,0,918,0.1162,-0.55,No Delay,35.97,11.21,33.29
T3230,A38,27-09-2025 05:43,3.05,4.58,Evening Peak,Medium,21.9,Clear,0,1007,0.0598,1.52,Traffic,6.1,4,7.3
T3231,A10,15-09-2025 17:21,23.27,34.91,Evening Peak,Medium,32.98,Rain,1,574,0.3393,12.9,Traffic,47.81,12.96,39.7
T3232,A33,30-09-2025 03:02,7.72,11.58,Night,Medium,28.88,Rain,1,632,0.293,3.03,Weather,14.61,1.99,15.13
T3233,A24,04-09-2025 15:35,8.69,13.04,Night,Medium,36.32,Fog,2,284,0.5988,3.89,Weather,16.93,8.45,11.9
T3234,A20,18-09-2025 13:40,3.74,5.61,Afternoon,High,5,Clear,0,895,1.2795,2.73,Incident,8.34,6.15,7.77
T3235,A34,05-09-2025 03:22,29.24,43.86,Morning Peak,Medium,31.05,Rain,1,592,0.2336,21.62,Traffic,65.48,53.18,16.85
T3236,A15,24-09-2025 14:55,28.77,43.15,Afternoon,Low,69.39,Clear,0,776,0.0559,0.31,No Delay,43.46,17.78,26.13
T3237,A43,08-09-2025 07:31,17.87,26.81,Afternoon,High,9.77,Rain,1,730,1.128,7.63,Incident,34.44,19.19,20.91
T3238,A35,30-09-2025 17:13,15.42,23.13,Afternoon,Low,44.45,Clear,0,895,0.0995,0.51,No Delay,23.64,8.22,23.05
T3239,A14,14-09-2025 18:08,8.03,12.04,Morning Peak,High,27,Rain,1,463,1.229,7.54,Incident,19.58,10.72,14.65
T3240,A15,28-09-2025 11:33,3.3,4.95,Night,Medium,17.58,Fog,2,301,0.6153,2.99,Incident,7.94,0.16,10.69
T3241,A14,13-09-2025 04:06,5.75,8.62,Morning Peak,Medium,22.95,Rain,1,450,0.1821,4.29,Traffic,12.91,3.75,11.45
T3242,A36,28-09-2025 03:06,26.4,39.6,Morning Peak,Low,48.97,Clear,0,889,0.0742,2.22,No Delay,41.82,25.94,22.75
T3243,A43,11-09-2025 21:13,18.01,27.02,Morning Peak,High,19.92,Clear,0,910,0.9602,9.7,Incident,36.72,16.26,27.24
T3244,A40,06-09-2025 16:23,16.77,25.16,Afternoon,Low,49.67,Clear,0,841,0.1064,1.43,No Delay,26.59,22.33,9.55
T3245,A32,04-09-2025 13:42,29.87,44.8,Evening Peak,Low,37.6,Storm,3,166,0.2116,14.87,Weather,59.67,50.48,15.59
T3246,A13,29-09-2025 17:15,13.72,20.58,Night,Low,47.57,Clear,0,995,0,0.25,No Delay,20.83,4.95,20.68
T3247,A49,28-09-2025 21:23,12.64,18.96,Morning Peak,High,28.36,Clear,0,940,0.1833,9.63,Traffic,28.59,5.1,32.86
T3248,A18,12-09-2025 13:12,5.2,7.8,Night,Medium,39.52,Fog,2,284,0.3852,2.26,Weather,10.06,6.38,8.08
T3249,A23,09-09-2025 14:47,27.42,41.13,Night,Low,36.62,Clear,0,883,0.0415,-1.62,No Delay,39.51,16.23,31.14
T3250,A5,21-09-2025 17:30,16.18,24.27,Afternoon,Medium,30.49,Fog,2,338,0.5179,8.86,Weather,33.13,3.87,37.36
T3251,A18,19-09-2025 09:52,24.54,36.81,Morning Peak,Medium,42.15,Fog,2,206,0.1671,9.26,Weather,46.07,31.54,20.56
T3252,A49,24-09-2025 01:10,22.47,33.7,Afternoon,High,33.12,Clear,0,842,0.1261,6.93,Traffic,40.63,12.66,35.11
T3253,A25,16-09-2025 08:12,10.34,15.51,Evening Peak,Low,20.77,Fog,2,391,0.2726,5.14,Weather,20.65,11.29,12.44
T3254,A29,14-09-2025 22:02,12.81,19.22,Afternoon,Low,34.07,Storm,3,144,0.4887,2.72,Weather,21.94,13.31,13.13
T3255,A1,23-09-2025 03:59,26.23,39.35,Night,High,40.5,Clear,0,793,0.1251,18.2,Traffic,57.55,32.19,35.56
T3256,A49,13-09-2025 22:09,2.9,4.35,Afternoon,Medium,43.34,Fog,2,219,0.2354,1.12,Weather,5.47,2.13,6.02
T3257,A15,10-09-2025 11:09,17.76,26.64,Evening Peak,High,27.31,Clear,0,790,0.2256,12.58,Traffic,39.22,19.94,22.47
T3258,A43,28-09-2025 01:23,17.88,26.82,Evening Peak,Medium,32.1,Rain,1,459,0.2699,12.51,Traffic,39.33,3.35,41.99
T3259,A36,22-09-2025 00:54,14.15,21.23,Afternoon,High,5,Rain,1,541,0.791,7.69,Incident,28.92,3.86,31.97
T3260,A11,15-09-2025 01:32,5.92,8.88,Evening Peak,High,28.91,Rain,1,547,0.3643,3.44,Traffic,12.32,6.57,10.48
T3261,A49,09-09-2025 21:30,9.05,13.58,Afternoon,Low,39,Clear,0,838,0.0738,0.76,No Delay,14.34,3.64,18.34
T3262,A41,07-09-2025 02:02,7.53,11.29,Night,Medium,37.36,Fog,2,181,0.5161,2.83,Weather,14.12,12.57,3.34
T3263,A28,15-09-2025 22:33,4.01,6.01,Night,High,13.49,Rain,1,538,0.8788,2.8,Incident,8.81,5.28,5.56
T3264,A39,18-09-2025 06:33,9.08,13.62,Morning Peak,High,25.37,Clear,0,1008,0.0791,6.38,Traffic,20,14.87,8.89
T3265,A37,22-09-2025 09:40,25.9,38.85,Morning Peak,Low,51.6,Clear,0,851,0.1337,-1.51,No Delay,37.34,2.08,39.05
T3266,A43,10-09-2025 14:20,14.86,22.29,Morning Peak,High,22.3,Clear,0,983,0.9684,11.12,Incident,33.41,15.97,21.48
T3267,A35,26-09-2025 08:38,13.31,19.96,Evening Peak,High,52.22,Storm,3,153,0.2195,6.52,Weather,26.48,9.1,19.52
T3268,A28,11-09-2025 06:25,17.45,26.17,Afternoon,High,24.26,Rain,1,581,1.056,12.23,Incident,38.4,6.46,33.24
T3269,A43,19-09-2025 16:30,14.12,21.18,Night,Medium,48.7,Clear,0,887,0.0038,0.1,No Delay,21.28,12.65,14.22
T3270,A30,18-09-2025 19:59,9.07,13.61,Evening Peak,High,18.02,Fog,2,247,0.8034,6.88,Incident,20.49,7.15,16.75
T3271,A8,14-09-2025 08:40,11.88,17.82,Night,Low,49.75,Clear,0,928,0.2026,-0.01,No Delay,17.81,7.19,15.09
T3272,A31,27-09-2025 11:03,8.98,13.47,Morning Peak,High,37,Rain,1,564,0.3388,4.5,Traffic,17.97,2.99,15.66
T3273,A45,16-09-2025 13:19,13.55,20.32,Afternoon,High,29.54,Fog,2,283,0.1081,2.88,Weather,23.2,3.99,23.05
T3274,A48,07-09-2025 19:09,22.82,34.23,Night,Low,33.47,Storm,3,92,0.274,5.94,Weather,40.17,4.74,43.59
T3275,A18,02-09-2025 12:58,28.15,42.23,Morning Peak,Medium,5,Fog,2,220,0.4797,27.31,Incident,69.54,18.52,60.02
T3276,A4,11-09-2025 06:46,4.53,6.79,Afternoon,Low,40.57,Fog,2,347,0.0325,2.88,Weather,9.67,6.27,7.68
T3277,A41,09-09-2025 07:39,12.09,18.14,Evening Peak,Medium,24.3,Rain,1,474,0.0795,8.16,Traffic,26.3,1.82,29.45
T3278,A5,01-09-2025 14:39,26.7,40.05,Night,High,9.84,Clear,0,1051,1.253,18.44,Incident,58.49,5.03,59.75
T3279,A13,06-09-2025 03:47,3.99,5.99,Night,Low,49.57,Clear,0,1001,0.0138,-0.21,No Delay,5.78,0.04,8.89
T3280,A46,11-09-2025 04:26,19.32,28.98,Night,Low,49.78,Clear,0,995,0.06,0.57,No Delay,29.55,3.25,33.11
T3281,A50,06-09-2025 18:24,26.55,39.83,Night,Medium,31.67,Clear,0,982,0.2273,13.42,Traffic,53.25,46.91,14.4
T3282,A37,13-09-2025 08:24,8.22,12.33,Morning Peak,Medium,14.81,Rain,1,637,0.5179,4.57,Incident,16.9,11.51,13.78
T3283,A3,15-09-2025 22:55,2.49,3.74,Morning Peak,Medium,28.25,Clear,0,813,0.1612,0.82,Traffic,4.56,0.7,8.82
T3284,A24,09-09-2025 23:32,3.48,5.22,Afternoon,High,27.95,Fog,2,357,0.2493,1.24,No Delay,6.46,4.73,9.15
T3285,A18,17-09-2025 08:11,15.85,23.77,Morning Peak,Medium,14.85,Rain,1,452,1.0232,15.37,Incident,39.14,5.87,34.98
T3286,A8,20-09-2025 19:18,26.21,39.31,Afternoon,Medium,33.68,Fog,2,167,0.1913,15.06,Weather,54.37,6.87,49.06
T3287,A44,30-09-2025 02:49,6.79,10.19,Morning Peak,High,22.2,Storm,3,170,1.2843,3.01,Incident,13.2,4.4,13.91
T3288,A29,22-09-2025 00:01,27.55,41.32,Morning Peak,Medium,24.66,Clear,0,939,0.3655,12.86,Traffic,54.18,9.17,48.37
T3289,A28,11-09-2025 03:01,3.74,5.61,Night,Low,44.01,Clear,0,968,0,0.33,No Delay,5.94,0.69,10.16
T3290,A38,30-09-2025 17:16,16.35,24.53,Night,High,6.99,Clear,0,1042,1.2196,15.21,Traffic,39.74,13.22,33.62
T3291,A5,05-09-2025 08:02,24.92,37.38,Evening Peak,High,22.41,Clear,0,778,0.918,19.15,Incident,56.53,23.53,40.5
T3292,A30,21-09-2025 23:28,24.63,36.95,Afternoon,Medium,12.2,Rain,1,543,1.0709,11.37,Incident,48.32,3.68,49.43
T3293,A4,13-09-2025 21:57,22.14,33.21,Morning Peak,High,15.06,Clear,0,875,0,9.44,Traffic,42.65,21.83,24.5
T3294,A3,07-09-2025 13:52,6.62,9.93,Morning Peak,High,26.31,Rain,1,628,0,4.17,Traffic,14.1,2.9,16.97
T3295,A37,07-09-2025 06:31,26.86,40.29,Night,Low,40.72,Clear,0,907,0.1505,-1.42,No Delay,38.87,11.45,29.27
T3296,A40,17-09-2025 00:35,17.16,25.74,Afternoon,Low,43.65,Clear,0,968,0.0675,1.06,Weather,26.8,17.58,15.37
T3297,A38,09-09-2025 14:00,20.76,31.14,Morning Peak,High,23.89,Storm,3,280,0.6231,14.76,Incident,45.9,29.92,21.51
T3298,A15,13-09-2025 12:16,28.24,42.36,Night,Low,40.07,Clear,0,845,0.1398,-1.48,No Delay,40.88,14.5,28.46
T3299,A5,16-09-2025 20:56,12.22,18.33,Evening Peak,Medium,43.78,Clear,0,895,0.0139,0.52,No Delay,18.85,3.43,23.44
T3300,A27,06-09-2025 05:46,3.26,4.89,Night,Low,46.9,Clear,0,854,0,0.25,No Delay,5.14,4.46,4.21
T3301,A46,20-09-2025 06:52,27.97,41.95,Afternoon,Medium,21.05,Clear,0,786,0,13.85,Traffic,55.8,47.72,15.11
T3302,A3,07-09-2025 15:42,28.33,42.49,Night,High,27.97,Rain,1,542,1.3449,24.75,Incident,67.24,12.21,57.36
T3303,A33,23-09-2025 09:52,18.28,27.42,Afternoon,Medium,12.11,Storm,3,187,0.435,11.78,Incident,39.2,23.72,18.52
T3304,A1,27-09-2025 08:37,24.48,36.72,Morning Peak,Medium,40.6,Storm,3,145,0.2137,11.26,Weather,47.98,40.32,9.13
T3305,A19,08-09-2025 06:41,15.14,22.71,Night,Low,33.85,Clear,0,849,0,0.72,No Delay,23.43,0.72,26.81
T3306,A34,28-09-2025 05:02,23.37,35.05,Evening Peak,High,28.53,Fog,2,193,0.7491,12.5,Incident,47.55,35.24,14.14
T3307,A26,24-09-2025 05:25,25.89,38.84,Morning Peak,Low,31.61,Storm,3,237,0.2297,6.94,Weather,45.78,17.12,33.16
T3308,A14,04-09-2025 09:59,6.62,9.93,Evening Peak,High,14.45,Storm,3,111,0.862,6.12,Incident,16.05,1.81,18.98
T3309,A35,28-09-2025 11:50,10.9,16.35,Morning Peak,High,25.82,Rain,1,716,1.2971,9.94,Incident,26.29,8.15,24.45
T3310,A48,23-09-2025 11:26,7.66,11.49,Afternoon,High,44.15,Fog,2,264,0.4656,2.13,Weather,13.62,6.73,13.12
T3311,A27,15-09-2025 18:55,27,40.5,Morning Peak,High,21.21,Clear,0,847,0.1389,16.28,Traffic,56.78,15.84,44.88
T3312,A18,03-09-2025 01:13,27.12,40.68,Morning Peak,High,23.56,Rain,1,543,0.1948,10.4,Traffic,51.08,38.15,18.4
T3313,A13,17-09-2025 13:56,23.41,35.12,Morning Peak,Medium,32.88,Clear,0,930,0.0392,17.14,Traffic,52.26,45.16,12.31
T3314,A46,07-09-2025 18:55,2.8,4.2,Evening Peak,High,7.12,Fog,2,217,1.1543,1.92,Incident,6.12,0.21,12.14
T3315,A17,05-09-2025 18:38,27.63,41.45,Evening Peak,High,24.89,Clear,0,931,0.0297,12.82,Traffic,54.27,22.77,39.41
T3316,A42,20-09-2025 19:02,26.05,39.08,Night,Medium,20.49,Rain,1,450,0.416,12.74,Weather,51.82,17.97,35.25
T3317,A31,11-09-2025 08:16,14.46,21.69,Afternoon,Medium,39.42,Fog,2,319,0.5412,6.25,Weather,27.94,4.29,29.47
T3318,A20,19-09-2025 00:25,15.07,22.61,Night,Low,48.55,Clear,0,796,0.0035,-0.21,No Delay,22.4,14.4,11.19
T3319,A17,07-09-2025 18:46,9.83,14.74,Afternoon,Medium,14.86,Rain,1,491,1.0935,5.06,Incident,19.8,13.79,12.79
T3320,A3,19-09-2025 19:56,5.78,8.67,Night,High,39.26,Storm,3,142,0.4537,1.28,Weather,9.95,3.47,9.17
T3321,A15,28-09-2025 07:27,29.06,43.59,Afternoon,Medium,32.44,Clear,0,815,0.1452,-0.94,No Delay,42.65,0.85,46.41
T3322,A29,28-09-2025 19:50,17.17,25.76,Morning Peak,Medium,26.82,Clear,0,932,0.2886,7.69,Incident,33.45,18.2,23.3
T3323,A42,20-09-2025 05:11,24.21,36.32,Morning Peak,High,12.7,Rain,1,501,0.4505,21.64,Incident,57.96,21.22,39.01
T3324,A38,16-09-2025 04:22,25.28,37.92,Afternoon,High,16.26,Clear,0,929,0.3095,9.25,Traffic,47.17,3.44,51.5
T3325,A13,01-09-2025 16:18,12.34,18.51,Night,Medium,24.04,Fog,2,318,0.9382,8.85,Incident,27.36,15.41,14.83
T3326,A24,05-09-2025 00:20,5.68,8.52,Afternoon,Low,52.18,Clear,0,927,0.0533,-0.17,No Delay,8.35,7.47,3.08
T3327,A6,13-09-2025 10:39,26.08,39.12,Afternoon,High,28.17,Fog,2,208,0.2222,16.12,Traffic,55.24,6.4,54.34
T3328,A45,04-09-2025 04:58,25.5,38.25,Morning Peak,High,37.09,Rain,1,690,0.5065,14.34,Traffic,52.59,3.96,52.43
T3329,A29,03-09-2025 11:00,11.92,17.88,Morning Peak,Medium,17.66,Clear,0,860,1.3254,9.04,Incident,26.92,24.15,8.46
T3330,A19,30-09-2025 16:01,28.74,43.11,Morning Peak,Medium,16.76,Clear,0,1041,0.2469,7.82,Traffic,50.93,40.56,17.69
T3331,A23,26-09-2025 20:47,16.93,25.39,Night,Low,51.35,Clear,0,1012,0.0999,1.01,No Delay,26.4,22.88,10.27
T3332,A34,13-09-2025 23:27,8.7,13.05,Night,Low,39.28,Clear,0,861,0.0483,-0.39,No Delay,12.66,0.28,14.93
T3333,A26,08-09-2025 05:02,15.74,23.61,Night,Low,46.6,Clear,0,889,0,1.08,No Delay,24.69,16.68,12.9
T3334,A21,11-09-2025 01:38,21.34,32.01,Morning Peak,High,30.31,Rain,1,627,0.4791,15.77,Incident,47.78,17.7,31.6
T3335,A4,19-09-2025 01:50,27.83,41.74,Morning Peak,High,13.75,Rain,1,525,0.7325,18.64,Incident,60.38,17.07,42.24
T3336,A20,29-09-2025 06:45,19.45,29.17,Morning Peak,Medium,27.05,Rain,1,723,0.197,12.78,Traffic,41.95,37.7,9.49
T3337,A29,17-09-2025 22:31,6.21,9.31,Night,Low,38.31,Clear,0,821,0,0.02,No Delay,9.33,2.04,14.77
T3338,A18,12-09-2025 18:41,4.38,6.57,Night,Medium,43.92,Fog,2,374,0.4279,2.46,Weather,9.03,7.91,5.14
T3339,A24,21-09-2025 14:39,12.8,19.2,Night,High,19.03,Rain,1,557,0.7341,11.5,Incident,30.7,20.91,11.8
T3340,A30,22-09-2025 06:58,11.29,16.93,Morning Peak,High,16.64,Clear,0,909,0.7561,10.88,Incident,27.81,18.47,13.77
T3341,A22,30-09-2025 09:51,20.42,30.63,Morning Peak,High,27.85,Rain,1,397,0.381,5.9,Traffic,36.53,5.24,34.08
T3342,A24,04-09-2025 14:18,24.4,36.6,Evening Peak,High,33.28,Clear,0,895,0.0947,10.84,Traffic,47.44,24.24,25.68
T3343,A16,04-09-2025 22:29,29.31,43.97,Night,Low,29.37,Clear,0,903,0,-0.66,No Delay,43.31,17.86,30.34
T3344,A33,08-09-2025 13:21,7.01,10.51,Afternoon,Low,49.44,Clear,0,802,0.0223,0.33,No Delay,10.84,5.37,10.39
T3345,A9,21-09-2025 21:04,20.22,30.33,Night,High,14.94,Rain,1,614,1.0558,10.96,Incident,41.29,26.34,19.37
T3346,A44,05-09-2025 19:06,6.69,10.04,Evening Peak,Medium,33.05,Clear,0,906,0.354,2.13,Traffic,12.17,10.8,9.08
T3347,A25,24-09-2025 11:17,27.55,41.32,Afternoon,High,18.11,Clear,0,875,0.5642,21.92,Incident,63.24,25.8,47.82
T3348,A1,22-09-2025 12:54,4.91,7.37,Afternoon,High,30.32,Clear,0,944,0.1672,3.66,Traffic,11.03,6.59,11.64
T3349,A33,25-09-2025 15:10,10.22,15.33,Morning Peak,Low,20.53,Fog,2,351,0.0886,6.84,Weather,22.17,19.46,8.94
T3350,A46,03-09-2025 19:39,27.32,40.98,Afternoon,High,27.71,Clear,0,1013,0.9106,22.84,Incident,63.82,13.01,50.01
T3351,A12,27-09-2025 12:43,14.91,22.37,Afternoon,High,12.02,Rain,1,558,0.7335,13.82,Incident,36.19,16.65,22.52
T3352,A14,16-09-2025 17:18,15.23,22.85,Afternoon,Low,52.77,Fog,2,213,0.3463,6.27,Weather,29.12,2.14,34.53
T3353,A47,30-09-2025 13:49,18.09,27.13,Afternoon,High,37.96,Clear,0,848,0.1503,10.88,Traffic,38.01,28.78,14.46
T3354,A4,11-09-2025 23:27,17.91,26.86,Evening Peak,Medium,27.54,Clear,0,1010,0.2925,11.97,Traffic,38.83,28.49,12.86
T3355,A41,06-09-2025 17:52,25.25,37.88,Afternoon,High,21.43,Fog,2,227,0.7152,17.66,Incident,55.54,38.97,17.51
T3356,A8,28-09-2025 13:55,13.93,20.89,Morning Peak,High,16.29,Clear,0,842,0.4801,11.79,Incident,32.68,25.8,13.07
T3357,A46,04-09-2025 15:44,28.15,42.23,Afternoon,Low,39.65,Clear,0,833,0.1843,0.12,No Delay,42.35,11.81,38.5
T3358,A31,22-09-2025 21:00,24.22,36.33,Night,Low,36.69,Clear,0,948,0.1172,-1.24,No Delay,35.09,13.15,25.95
T3359,A11,17-09-2025 15:41,6.84,10.26,Night,High,34.63,Rain,1,690,0.3029,3.34,Traffic,13.6,1.2,16.41
T3360,A14,13-09-2025 18:45,18.55,27.82,Afternoon,Low,49.44,Clear,0,791,0.0338,1.23,No Delay,29.05,0.71,35.49
T3361,A4,07-09-2025 09:22,11.31,16.96,Afternoon,Medium,21.6,Storm,3,155,0.5416,3.91,Weather,20.87,11.7,12.48
T3362,A45,12-09-2025 09:43,22.83,34.24,Night,Medium,27.63,Fog,2,197,0.2245,11.74,Weather,45.98,9.93,42.79
T3363,A40,15-09-2025 04:34,13.31,19.96,Night,Medium,5.75,Fog,2,269,0.6024,12.41,Incident,32.37,4.88,37.41
T3364,A48,23-09-2025 10:37,29.28,43.92,Evening Peak,Medium,21.67,Clear,0,968,0.3356,21.91,Traffic,65.83,24.88,48.47
T3365,A20,13-09-2025 19:12,15.82,23.73,Night,Medium,50.48,Storm,3,274,0.4827,10.29,Weather,34.02,1.92,33.51
T3366,A33,28-09-2025 23:03,23.49,35.23,Afternoon,High,28.37,Fog,2,203,0.2832,6.01,Weather,41.24,1.97,40.79
T3367,A3,07-09-2025 09:57,29.54,44.31,Night,Low,48.36,Clear,0,942,0,-1.01,No Delay,43.3,10.36,40.13
T3368,A27,02-09-2025 18:56,20.5,30.75,Morning Peak,High,34.04,Rain,1,644,0.1444,13.62,Traffic,44.37,19.13,36.3
T3369,A27,09-09-2025 19:00,14.5,21.75,Night,Low,35.48,Fog,2,330,0.1886,2.2,Weather,23.95,8.94,18.81
T3370,A44,21-09-2025 14:35,2.07,3.1,Afternoon,Medium,14.22,Clear,0,929,1.1827,1.29,Incident,4.39,3.35,8.31
T3371,A5,06-09-2025 22:57,20.15,30.22,Evening Peak,High,24.97,Fog,2,270,0.4654,18.38,Incident,48.6,18.54,35.52
T3372,A33,03-09-2025 15:02,11.23,16.84,Evening Peak,Low,61.63,Clear,0,874,0.1004,0.26,No Delay,17.1,1.38,19.07
T3373,A13,25-09-2025 13:13,21.96,32.94,Evening Peak,High,20.24,Rain,1,530,1.1477,16.58,Incident,49.52,41.22,11.33
T3374,A39,27-09-2025 00:35,4.22,6.33,Night,Medium,27.57,Storm,3,307,0.3477,0.67,Weather,7,5.06,6.07
T3375,A19,25-09-2025 09:39,8.58,12.87,Night,Medium,46.22,Clear,0,960,0.081,-0.51,No Delay,12.36,9.74,11.06
T3376,A8,01-09-2025 17:15,24.88,37.32,Night,High,23.69,Clear,0,808,1.0822,21.42,Incident,58.74,33.65,29.86
T3377,A16,12-09-2025 23:05,15.6,23.4,Morning Peak,Medium,30.14,Fog,2,175,0.1617,2.7,Weather,26.1,7.05,21.12
T3378,A24,04-09-2025 02:51,20.97,31.45,Evening Peak,High,8.8,Clear,0,842,0.9497,11.27,Incident,42.72,26.57,18.4
T3379,A41,20-09-2025 22:13,12.81,19.22,Morning Peak,Low,31.11,Storm,3,92,0.3123,6.59,Weather,25.81,6.18,24.99
T3380,A20,03-09-2025 06:08,18.03,27.05,Evening Peak,High,21.3,Clear,0,845,0.6807,16.89,Incident,43.94,19.79,26.55
T3381,A27,24-09-2025 11:21,3.42,5.13,Afternoon,Low,44.87,Clear,0,749,0.1433,-0.03,No Delay,5.1,1.25,9.17
T3382,A21,22-09-2025 07:17,7.66,11.49,Evening Peak,High,14.14,Rain,1,676,0.8565,6.75,Incident,18.24,8.11,14.66
T3383,A50,15-09-2025 19:40,2.02,3.03,Afternoon,Low,39.26,Clear,0,838,0.0978,0.17,No Delay,3.2,2.44,3.82
T3384,A12,25-09-2025 18:13,11.91,17.87,Evening Peak,Medium,24.61,Clear,0,828,0.1085,7.61,Traffic,25.48,15.35,12.89
T3385,A1,08-09-2025 08:22,13.16,19.74,Evening Peak,High,10.8,Storm,3,273,1.0979,5.82,Incident,25.56,1.46,31.49
T3386,A31,12-09-2025 22:38,20.95,31.42,Night,High,11.49,Rain,1,524,0.455,17.34,Incident,48.76,29.27,26.99
T3387,A17,03-09-2025 12:46,4.14,6.21,Morning Peak,Medium,34.36,Storm,3,302,0.179,2.7,Weather,8.91,5.81,7.15
T3388,A11,08-09-2025 14:33,18.11,27.16,Afternoon,Medium,35.26,Storm,3,196,0.3491,5.68,Weather,32.84,3.99,34.27
T3389,A22,23-09-2025 04:00,20.81,31.21,Evening Peak,Medium,16.18,Clear,0,1089,0.3313,12.09,Traffic,43.3,3.55,48.89
T3390,A28,19-09-2025 23:44,24.05,36.08,Afternoon,High,32.29,Storm,3,155,0.2183,10.7,Weather,46.78,38.07,14.95
T3391,A11,29-09-2025 13:21,16.65,24.97,Afternoon,High,15.44,Rain,1,704,1.0649,12.58,Incident,37.55,27.91,13.47
T3392,A41,26-09-2025 08:33,18.81,28.21,Afternoon,Medium,27.44,Clear,0,744,0.1393,1.5,No Delay,29.71,24.69,9.15
T3393,A21,13-09-2025 09:14,2.48,3.72,Evening Peak,Medium,24.99,Fog,2,211,0.2066,1,Weather,4.72,3.79,6.47
T3394,A7,04-09-2025 09:12,22.39,33.59,Night,Low,45.29,Clear,0,1082,0.1068,0.67,No Delay,34.26,18.38,22.03
T3395,A20,11-09-2025 10:21,21.29,31.93,Afternoon,High,21.52,Storm,3,149,0.4028,8.86,Weather,40.79,4.73,42.59
T3396,A44,25-09-2025 12:29,20.36,30.54,Evening Peak,Medium,22.91,Rain,1,623,0.1602,13.75,Traffic,44.29,16.4,34.02
T3397,A27,30-09-2025 18:42,8.84,13.26,Night,Low,45.15,Clear,0,888,0.0206,-0.31,No Delay,12.95,2.85,17.62
T3398,A13,09-09-2025 14:31,3.18,4.77,Afternoon,High,27.6,Rain,1,470,0.4894,1.75,Incident,6.52,0.55,10.93
T3399,A44,14-09-2025 08:38,13.16,19.74,Evening Peak,High,16.57,Rain,1,603,0.9351,9.31,Incident,29.05,23.53,8.62
T3400,A27,08-09-2025 22:54,3.15,4.72,Night,Low,42.87,Clear,0,917,0.1652,-0.04,No Delay,4.68,2.67,8.16
T3401,A28,22-09-2025 01:38,7.15,10.73,Morning Peak,High,16.06,Clear,0,867,1.2685,5.26,Incident,15.99,14.11,4.02
T3402,A20,08-09-2025 00:20,5.58,8.37,Afternoon,Low,46.75,Clear,0,1024,0.1171,0.05,No Delay,8.42,1.27,12.41
T3403,A16,01-09-2025 07:01,7.56,11.34,Night,Low,45.47,Clear,0,877,0,-0.26,No Delay,11.08,3.93,10.75
T3404,A6,12-09-2025 14:49,17.16,25.74,Night,Low,40.98,Storm,3,208,0.463,8.44,Weather,34.18,13.79,20.65
T3405,A36,10-09-2025 22:26,9.07,13.61,Afternoon,Medium,16.95,Clear,0,950,0.1719,4.57,Incident,18.18,12.8,9.83
T3406,A36,25-09-2025 06:34,25.14,37.71,Night,High,35.98,Clear,0,892,0.2282,15.21,Traffic,52.92,42.89,14.33
T3407,A21,18-09-2025 23:42,20.08,30.12,Afternoon,High,25.17,Storm,3,219,0.133,7.28,Weather,37.4,13.36,29.44
T3408,A35,15-09-2025 11:19,19.64,29.46,Afternoon,Low,52.98,Clear,0,892,0.0643,-0.53,No Delay,28.93,24.53,9.85
T3409,A49,20-09-2025 19:16,10.45,15.67,Night,Low,35.12,Clear,0,924,0.0264,0.78,No Delay,16.45,3.8,20.27
T3410,A39,12-09-2025 18:37,15.59,23.38,Evening Peak,High,32.62,Fog,2,310,0.0613,7.74,Weather,31.12,15.64,20.69
T3411,A4,08-09-2025 16:05,3.01,4.51,Night,Low,48.31,Clear,0,866,0.1092,-0.09,No Delay,4.42,2.14,7.14
T3412,A24,17-09-2025 02:45,20.2,30.3,Afternoon,High,21.91,Clear,0,989,0.0837,8.96,Traffic,39.26,14.36,33.45
T3413,A22,17-09-2025 06:44,8.97,13.46,Night,Low,38.98,Clear,0,865,0.0041,0.14,No Delay,13.6,2.11,19.59
T3414,A1,04-09-2025 02:25,19.3,28.95,Afternoon,High,20.89,Rain,1,496,0.9999,18.02,Incident,46.97,12.34,35.98
T3415,A44,09-09-2025 07:20,6.03,9.04,Morning Peak,High,18.04,Clear,0,976,0.6205,5.27,Incident,14.31,4.62,16.96
T3416,A38,05-09-2025 03:25,22.04,33.06,Evening Peak,High,33.72,Rain,1,466,0,16.5,Traffic,49.56,32.84,21.15
T3417,A31,15-09-2025 18:08,8.56,12.84,Morning Peak,High,24.75,Clear,0,806,0.939,5.57,Incident,18.41,16.45,4.71
T3418,A36,26-09-2025 08:41,3.9,5.85,Afternoon,Medium,34.96,Fog,2,188,0.2204,2.59,Weather,8.44,6.54,8.05
T3419,A21,06-09-2025 19:51,18.42,27.63,Evening Peak,High,38.99,Clear,0,880,0.1472,8.29,Traffic,35.92,27.53,16.61
T3420,A7,05-09-2025 03:35,2.13,3.19,Night,Low,48.2,Clear,0,840,0.0359,-0.01,No Delay,3.18,2.21,3.18
T3421,A2,04-09-2025 10:26,6.15,9.22,Evening Peak,Medium,8.35,Fog,2,245,0.567,5.96,Incident,15.18,12.12,5.12
T3422,A21,20-09-2025 12:02,16.4,24.6,Evening Peak,Low,28.69,Storm,3,305,0.3444,4.49,Weather,29.09,14.99,16.14
T3423,A31,13-09-2025 03:07,27.13,40.7,Morning Peak,Low,45.7,Clear,0,987,0.0298,2.04,No Delay,42.74,4.03,46.6
T3424,A15,06-09-2025 04:50,14.94,22.41,Afternoon,Low,46.5,Clear,0,752,0.0004,0.73,No Delay,23.14,7.4,22.18
T3425,A21,11-09-2025 04:18,22.01,33.02,Afternoon,Low,47.38,Clear,0,1024,0.0158,-0.2,No Delay,32.82,22.01,16.03
T3426,A26,12-09-2025 10:40,24.13,36.2,Morning Peak,High,22.61,Clear,0,922,0.2403,18.71,Traffic,54.91,16.47,46.21
T3427,A41,23-09-2025 17:33,17.19,25.79,Afternoon,Low,54.31,Clear,0,916,0.1533,1.35,No Delay,27.14,20.29,10.32
T3428,A24,05-09-2025 19:24,11.32,16.98,Morning Peak,High,31,Rain,1,572,0.178,4.45,Traffic,21.43,7.69,20.65
T3429,A27,27-09-2025 12:39,2.29,3.44,Afternoon,Medium,52.11,Clear,0,875,0,0.04,No Delay,3.48,1.63,6.62
T3430,A13,04-09-2025 02:15,14.29,21.43,Morning Peak,High,41.62,Rain,1,610,0.0697,6.01,Traffic,27.44,17.02,14.7
T3431,A21,19-09-2025 12:27,16.44,24.66,Night,Low,46.84,Clear,0,1022,0.0183,1.46,No Delay,26.12,2,31.37
T3432,A46,26-09-2025 10:28,26.2,39.3,Afternoon,High,14.63,Rain,1,705,0.7879,19.59,Incident,58.89,1.57,65.64
T3433,A22,19-09-2025 18:23,16.26,24.39,Night,Low,35.67,Storm,3,87,0.1656,7.48,Weather,31.87,15.17,21.22
T3434,A24,05-09-2025 23:05,7.88,11.82,Night,Low,44.73,Clear,0,743,0.1689,-0.08,No Delay,11.74,9.03,8.1
T3435,A27,19-09-2025 15:28,24.78,37.17,Afternoon,Low,17.06,Rain,1,610,0.5437,7.94,Weather,45.11,35.47,18.39
T3436,A21,16-09-2025 09:40,12.71,19.07,Morning Peak,Medium,36.66,Fog,2,152,0.3644,4.74,Weather,23.81,4,25.7
T3437,A28,22-09-2025 15:42,26.94,40.41,Night,High,28.57,Clear,0,1029,0.2876,9.27,Traffic,49.68,15.94,35.37
T3438,A10,27-09-2025 23:55,11.92,17.88,Night,Low,43.69,Clear,0,919,0.0126,-0.14,No Delay,17.74,8.82,16.33
T3439,A31,22-09-2025 20:09,2.7,4.05,Afternoon,Low,48.2,Clear,0,965,0,0.23,No Delay,4.28,1.51,6.08
T3440,A42,14-09-2025 12:13,23.06,34.59,Morning Peak,High,24.99,Clear,0,785,0.4641,11.02,Traffic,45.61,33.9,14.42
T3441,A2,06-09-2025 10:31,22.37,33.55,Afternoon,High,32.4,Storm,3,144,0.0119,12.7,Weather,46.25,22.64,30.58
T3442,A2,29-09-2025 21:26,9.51,14.26,Afternoon,Low,35.08,Clear,0,878,0.0314,0.44,No Delay,14.7,10.62,10.13
T3443,A13,29-09-2025 02:58,16.9,25.35,Afternoon,High,8.78,Clear,0,807,0.6538,8.43,Incident,33.78,15.8,23.39
T3444,A50,25-09-2025 13:07,27.15,40.72,Afternoon,Medium,19.58,Fog,2,251,0.6809,16.64,Incident,57.36,44.68,17.25
T3445,A7,15-09-2025 12:09,16.41,24.62,Afternoon,Medium,37.41,Storm,3,232,0.5193,10.25,Weather,34.87,26.76,15.55
T3446,A33,10-09-2025 11:40,13.76,20.64,Night,Low,46.86,Clear,0,859,0.0563,0.48,No Delay,21.12,3.84,21.5
T3447,A20,03-09-2025 02:05,10.25,15.37,Morning Peak,High,18.99,Clear,0,1021,0.2017,6.11,Traffic,21.48,15.85,10.9
T3448,A10,16-09-2025 20:09,9.07,13.61,Night,High,13.21,Clear,0,928,0.3775,6.24,Incident,19.85,8.26,15.98
T3449,A41,01-09-2025 07:38,18.25,27.38,Afternoon,High,17.24,Rain,1,669,1.2228,11.44,Incident,38.82,3.08,37.26
T3450,A24,30-09-2025 15:37,9.24,13.86,Afternoon,Medium,19.52,Clear,0,895,0.2765,6.39,Traffic,20.25,15.28,9.8
T3451,A23,16-09-2025 07:55,28.43,42.64,Afternoon,High,6.39,Clear,0,909,1.0001,15.59,Incident,58.23,37.06,24.77
T3452,A18,24-09-2025 11:58,10.49,15.73,Evening Peak,Medium,17.09,Clear,0,809,0.2955,2.87,Traffic,18.6,9.07,16.01
T3453,A32,19-09-2025 05:33,27.33,40.99,Afternoon,Low,41.01,Clear,0,991,0.1413,-0.81,No Delay,40.18,10.25,33.25
T3454,A29,22-09-2025 11:14,27.46,41.19,Evening Peak,High,21.56,Rain,1,636,0.0938,20.67,Traffic,61.86,2.15,69.12
T3455,A27,16-09-2025 10:44,2.72,4.08,Night,Low,46.24,Clear,0,855,0.1314,0.11,No Delay,4.19,3.54,8.98
T3456,A34,16-09-2025 17:03,8.57,12.86,Evening Peak,High,29.2,Clear,0,858,0.2941,4.23,Traffic,17.09,15.31,5.69
T3457,A41,02-09-2025 13:42,3.45,5.18,Evening Peak,High,23.15,Clear,0,978,0.2842,2.37,Traffic,7.55,2.42,9.37
T3458,A33,18-09-2025 11:58,5.67,8.5,Night,Medium,53.98,Clear,0,929,0.1364,-0.07,No Delay,8.43,0.03,12.04
T3459,A21,03-09-2025 14:39,22.59,33.88,Morning Peak,High,48.07,Storm,3,147,0.3509,9.46,Weather,43.34,4.96,43.93
T3460,A23,28-09-2025 07:40,20.63,30.94,Afternoon,High,21.44,Rain,1,636,0.4438,11.19,Traffic,42.13,15.85,31.45
T3461,A37,02-09-2025 14:13,14.52,21.78,Morning Peak,High,20.61,Fog,2,296,0.129,8.26,Traffic,30.04,13.11,21.68
T3462,A23,11-09-2025 22:14,26.03,39.05,Afternoon,High,9.61,Rain,1,638,1.2689,21.95,Incident,61,14.68,55.17
T3463,A48,08-09-2025 09:16,26.34,39.51,Evening Peak,High,22.68,Fog,2,239,0,9.99,Traffic,49.5,44.1,10.83
T3464,A1,02-09-2025 10:59,10.44,15.66,Afternoon,High,42.9,Fog,2,255,0.3785,3.6,Weather,19.26,5.2,18.36
T3465,A38,14-09-2025 11:36,20.33,30.49,Morning Peak,Low,51.42,Clear,0,883,0.1265,1.3,No Delay,31.79,24.94,14.46
T3466,A48,03-09-2025 18:57,6.16,9.24,Evening Peak,Low,27.6,Storm,3,244,0.8272,3.56,Weather,12.8,3.69,17.38
T3467,A12,30-09-2025 13:15,14.79,22.18,Night,Low,49.43,Clear,0,924,0.0154,0.32,No Delay,22.5,10.77,15.66
T3468,A47,12-09-2025 15:14,23.86,35.79,Morning Peak,High,23.9,Rain,1,736,1.3039,18.98,Traffic,54.77,45.86,11.59
T3469,A30,28-09-2025 07:21,15.54,23.31,Night,High,16.96,Rain,1,583,1.229,7.48,Traffic,30.79,15.06,18.25
T3470,A47,14-09-2025 19:12,12.67,19,Afternoon,Low,52.31,Clear,0,1002,0.1351,-0.06,No Delay,18.94,13.93,7.21
T3471,A11,13-09-2025 19:40,20.15,30.22,Morning Peak,High,7.36,Fog,2,286,0.3978,16.89,Incident,47.11,9.32,40.58
T3472,A7,23-09-2025 03:18,10.66,15.99,Night,High,19.17,Storm,3,283,1.0036,6.08,Incident,22.07,2.7,22.99
T3473,A37,25-09-2025 23:29,11.84,17.76,Morning Peak,High,11.66,Rain,1,512,0.6016,6.35,Incident,24.11,9.18,16.51
T3474,A46,14-09-2025 10:56,24.56,36.84,Evening Peak,Medium,25.54,Clear,0,758,0,15.73,Traffic,52.57,3.81,51.69
T3475,A21,02-09-2025 01:05,16.28,24.42,Evening Peak,High,14.25,Rain,1,455,1.1714,8.38,Incident,32.8,11.85,25.61
T3476,A9,03-09-2025 15:22,27.13,40.7,Afternoon,Low,44.13,Clear,0,1012,0,0.47,No Delay,41.17,12.91,31.71
T3477,A25,19-09-2025 12:21,4.68,7.02,Morning Peak,Medium,50.08,Clear,0,977,0.1401,-0.1,No Delay,6.92,5.21,7.04
T3478,A32,24-09-2025 12:00,21.06,31.59,Morning Peak,High,28.85,Clear,0,897,0.1455,14.76,Traffic,46.35,21.97,29.9
T3479,A50,28-09-2025 13:44,24.77,37.16,Night,Low,32.24,Rain,1,646,0.2757,15.86,Weather,53.02,22.48,33.41
T3480,A38,08-09-2025 04:07,3.42,5.13,Afternoon,Medium,30.31,Fog,2,234,0.4597,1.45,Weather,6.58,3.07,7.7
T3481,A34,11-09-2025 17:23,9.12,13.68,Evening Peak,High,13.12,Fog,2,364,0.6793,6.82,Incident,20.5,8.99,16.31
T3482,A6,17-09-2025 00:40,6.18,9.27,Evening Peak,Low,32.7,Fog,2,247,0.2641,1.81,Weather,11.08,9.2,7.81
T3483,A42,06-09-2025 09:37,14.38,21.57,Morning Peak,High,27.8,Clear,0,888,0.3482,5.07,Traffic,26.64,17.81,15
T3484,A32,11-09-2025 23:03,17.42,26.13,Afternoon,Low,38.34,Storm,3,266,0.5182,3.27,Weather,29.4,2.94,29.09
T3485,A17,09-09-2025 17:00,14.88,22.32,Morning Peak,High,32.76,Storm,3,101,0.0209,6.35,Weather,28.67,21.73,16.27
T3486,A29,21-09-2025 15:04,5.74,8.61,Morning Peak,Medium,19.83,Clear,0,1050,0.143,2.4,Traffic,11.01,5.86,13.18
T3487,A15,21-09-2025 12:55,26.84,40.26,Evening Peak,High,32.06,Clear,0,928,0.1146,9.58,Traffic,49.84,43.43,11.36
T3488,A26,20-09-2025 15:25,10.37,15.55,Evening Peak,High,36.91,Fog,2,287,0.2062,5.3,Weather,20.85,9.87,15.9
T3489,A16,21-09-2025 19:20,2.62,3.93,Afternoon,High,33.9,Clear,0,1000,0.2805,1.98,Traffic,5.91,1.29,8.21
T3490,A10,13-09-2025 23:48,9.44,14.16,Night,Low,33.48,Storm,3,231,0.5069,3.24,Weather,17.4,5.56,15.1
T3491,A19,22-09-2025 09:59,10,15,Morning Peak,Medium,18.27,Rain,1,437,0.4782,6.27,Incident,21.27,3.21,26.49
T3492,A49,14-09-2025 21:54,26.05,39.08,Morning Peak,Medium,21.98,Clear,0,964,0.081,12.42,Traffic,51.5,19.77,39.35
T3493,A16,23-09-2025 08:14,7.4,11.1,Morning Peak,High,9.47,Fog,2,363,1.0522,5.44,Incident,16.54,9.59,14.6
T3494,A36,07-09-2025 14:45,16.88,25.32,Evening Peak,High,7.28,Fog,2,165,0.9537,12.59,Incident,37.91,10.79,37.47
T3495,A50,25-09-2025 05:51,19.09,28.64,Evening Peak,Medium,10.05,Fog,2,181,0.3856,14.2,Incident,42.84,36.77,8.09
T3496,A14,26-09-2025 13:23,4.9,7.35,Morning Peak,High,26.61,Clear,0,885,0.2244,2.02,Traffic,9.37,6.35,5.7
T3497,A6,02-09-2025 17:06,20.75,31.13,Afternoon,High,35.78,Clear,0,949,0.1031,12.44,Traffic,43.57,30.4,19.41
T3498,A1,03-09-2025 09:02,13.39,20.09,Afternoon,High,15.13,Clear,0,792,1.2571,6.33,Traffic,26.42,4.53,28.55
T3499,A10,30-09-2025 01:47,26.4,39.6,Evening Peak,High,16.98,Rain,1,565,0.2087,17.1,Traffic,56.7,5.89,49.18
T3500,A8,03-09-2025 02:56,6.63,9.95,Evening Peak,Medium,31.28,Clear,0,965,0.3393,2.77,Traffic,12.72,10.54,9.97
T3501,A29,27-09-2025 15:03,11.49,17.23,Evening Peak,Medium,19.06,Fog,2,200,0.8673,8.07,Incident,25.3,4.88,30.01
T3502,A12,26-09-2025 21:31,23.63,35.45,Evening Peak,High,22.53,Clear,0,927,0.1624,14.02,Traffic,49.47,20.98,34.67
T3503,A41,22-09-2025 06:58,15.19,22.79,Evening Peak,Medium,37.54,Clear,0,901,0.1281,5.55,Traffic,28.34,13.29,22.48
T3504,A10,10-09-2025 18:31,25.43,38.15,Afternoon,High,20.81,Rain,1,623,0.5763,18.7,Incident,56.85,23.61,37.13
T3505,A27,14-09-2025 22:02,7.42,11.13,Evening Peak,High,15.25,Rain,1,562,0.1966,2.04,Traffic,13.17,8.77,11.02
T3506,A28,26-09-2025 06:02,12.41,18.62,Afternoon,Medium,18.26,Rain,1,588,0.5055,8.56,Incident,27.18,3.23,28.21
T3507,A30,24-09-2025 15:50,12.94,19.41,Afternoon,Low,26.3,Rain,1,590,0.239,7.2,Weather,26.61,9.47,24.87
T3508,A3,29-09-2025 20:56,12.88,19.32,Night,Low,45.11,Clear,0,891,0,0.41,No Delay,19.73,11.04,13.14
T3509,A9,13-09-2025 03:06,25.81,38.71,Evening Peak,High,22.58,Fog,2,230,0.6385,22.21,Incident,60.92,26.17,44.38
T3510,A12,25-09-2025 21:10,20.19,30.29,Night,Low,47.7,Clear,0,1028,0.0613,0.08,No Delay,30.37,0.5,34.49
T3511,A3,25-09-2025 03:13,28.85,43.28,Afternoon,Low,36.47,Clear,0,886,0.0596,-0.45,No Delay,42.83,18.48,25.96
T3512,A15,23-09-2025 00:16,25.62,38.43,Afternoon,Low,42.03,Storm,3,91,0.2721,13.03,Weather,51.46,28.27,26.45
T3513,A17,07-09-2025 17:38,22.08,33.12,Evening Peak,High,22.44,Clear,0,944,0,7.45,Traffic,40.57,10.37,30.77
T3514,A7,14-09-2025 10:49,28.01,42.02,Night,High,34.88,Rain,1,573,0.6051,15.6,Weather,57.62,41.04,22.91
T3515,A38,06-09-2025 09:11,7.66,11.49,Night,Low,48.75,Clear,0,982,0,0.33,No Delay,11.82,0.5,16.08
T3516,A6,03-09-2025 16:47,8.02,12.03,Evening Peak,Low,46.48,Clear,0,823,0,-0.44,No Delay,11.59,9.28,5.11
T3517,A38,04-09-2025 17:28,3.07,4.6,Afternoon,Low,59.32,Clear,0,900,0,-0.16,No Delay,4.44,0.99,7.84
T3518,A25,24-09-2025 12:46,11.56,17.34,Morning Peak,High,17.25,Clear,0,974,0.8817,7.93,Incident,25.27,9.86,24.29
T3519,A1,30-09-2025 01:10,9.03,13.54,Afternoon,Low,46.56,Clear,0,920,0.1845,0.06,No Delay,13.6,5.47,12.93
T3520,A17,17-09-2025 03:21,18.93,28.39,Afternoon,Medium,40.8,Clear,0,884,0.3014,11.12,Traffic,39.51,4.66,37.19
T3521,A12,03-09-2025 10:07,15.36,23.04,Afternoon,High,26.84,Clear,0,931,0.0136,5.97,Traffic,29.01,6.99,24.33
T3522,A28,29-09-2025 08:58,16.54,24.81,Night,Low,48.53,Clear,0,901,0,0.27,No Delay,25.08,11.23,17.43
T3523,A9,16-09-2025 01:45,19.46,29.19,Afternoon,Low,36.77,Clear,0,904,0.1731,-0.77,No Delay,28.42,1.6,30.06
T3524,A42,19-09-2025 22:40,5.33,8,Afternoon,Low,18.69,Fog,2,230,0.1426,0.95,Weather,8.95,1.06,12.52
T3525,A20,11-09-2025 03:25,27.76,41.64,Afternoon,Low,45.25,Clear,0,835,0.1445,-0.24,No Delay,41.4,12.44,31.98
T3526,A21,15-09-2025 23:16,22.18,33.27,Night,Medium,9.32,Storm,3,162,1.1596,20.67,Incident,53.94,40.65,16.74
T3527,A17,04-09-2025 03:35,3.95,5.93,Evening Peak,High,10.73,Rain,1,513,1.3105,2.7,Incident,8.63,5.49,8.31
T3528,A46,20-09-2025 09:48,28.63,42.95,Evening Peak,High,29.07,Clear,0,837,0.3931,19.4,Traffic,62.35,33.9,35.11
T3529,A11,19-09-2025 19:11,20.85,31.27,Afternoon,High,26.06,Fog,2,198,0.2275,11.25,Weather,42.52,15.1,29.6
T3530,A26,27-09-2025 07:56,15.85,23.77,Morning Peak,High,28.21,Clear,0,1064,0.0052,11.74,Traffic,35.51,10.45,26.03
T3531,A37,24-09-2025 05:24,26.02,39.03,Night,Low,33.07,Clear,0,797,0,0.25,No Delay,39.28,29.51,13.25
T3532,A40,07-09-2025 17:46,23.48,35.22,Evening Peak,Medium,29.47,Clear,0,959,0.2592,17.72,Traffic,52.94,8.78,46.34
T3533,A38,27-09-2025 16:29,12.39,18.59,Morning Peak,High,19.98,Storm,3,256,1.0897,9.66,Incident,28.25,3.99,27.15
T3534,A37,22-09-2025 16:50,3.11,4.67,Afternoon,Medium,43.48,Clear,0,901,0.116,0.22,No Delay,4.89,3.38,7.39
T3535,A26,19-09-2025 06:18,12.74,19.11,Evening Peak,Medium,37.78,Clear,0,951,0.0337,9.02,Traffic,28.13,3.85,28.19
T3536,A26,24-09-2025 12:36,17.53,26.3,Afternoon,High,26.9,Fog,2,257,0.2102,5.33,Weather,31.63,6.68,31.77
T3537,A47,04-09-2025 19:33,7.16,10.74,Afternoon,Low,43.38,Fog,2,208,0.0372,2.33,Weather,13.07,8.89,11.55
T3538,A39,29-09-2025 21:43,25.62,38.43,Night,High,15.16,Clear,0,1011,1.3204,24.59,Incident,63.02,50.36,15.91
T3539,A32,06-09-2025 19:23,22.09,33.13,Afternoon,High,18.5,Rain,1,662,0.8416,15.96,Incident,49.09,13.07,41.17
T3540,A28,03-09-2025 19:30,25.02,37.53,Evening Peak,High,29.69,Fog,2,340,0.0839,4,Weather,41.53,31.55,17.93
T3541,A5,20-09-2025 07:09,19.01,28.52,Morning Peak,High,22.88,Clear,0,849,1.2084,9.44,Incident,37.96,28.97,14.4
T3542,A18,04-09-2025 10:31,8.08,12.12,Night,High,16.14,Rain,1,675,1.3072,6.38,Incident,18.5,3.96,20.33
T3543,A24,16-09-2025 02:56,24.06,36.09,Morning Peak,Medium,19.37,Rain,1,498,0.4698,14.59,Traffic,50.68,41.46,15.36
T3544,A4,04-09-2025 15:30,18.65,27.97,Evening Peak,High,32.81,Clear,0,843,0.0916,13.35,Traffic,41.32,28.47,16.02
T3545,A26,30-09-2025 13:13,15.25,22.88,Night,High,26.9,Rain,1,533,0.2164,5.52,Traffic,28.4,5.43,30.81
T3546,A27,08-09-2025 22:47,4.6,6.9,Evening Peak,High,28.82,Fog,2,281,0.1418,2.24,Traffic,9.14,4.77,10.45
T3547,A47,22-09-2025 04:35,11.2,16.8,Night,Low,38.36,Clear,0,859,0.2181,0.92,No Delay,17.72,15.83,5.88
T3548,A5,19-09-2025 06:51,19.97,29.95,Afternoon,High,12.18,Clear,0,972,0.6165,13.87,Incident,43.82,0.52,47.8
T3549,A36,03-09-2025 00:59,20.45,30.67,Morning Peak,Low,44.42,Storm,3,111,0.2016,13.45,Weather,44.12,30.07,20.56
T3550,A17,18-09-2025 03:05,16.86,25.29,Afternoon,High,27.34,Clear,0,877,0.3962,11.77,Traffic,37.06,23.98,18.68
T3551,A45,05-09-2025 01:39,25.56,38.34,Night,Low,33.82,Clear,0,818,0.1399,-1.06,No Delay,37.28,11.06,30.74
T3552,A42,15-09-2025 00:16,29.05,43.58,Evening Peak,High,20.84,Fog,2,191,0.9766,19.23,Incident,62.81,13.72,57.29
T3553,A18,20-09-2025 04:21,22.02,33.03,Night,Low,45.46,Clear,0,906,0,-0.48,No Delay,32.55,23.42,12.97
T3554,A36,08-09-2025 08:10,13.34,20.01,Night,Low,50.66,Clear,0,871,0.1034,0.31,No Delay,20.32,15.42,6.81
T3555,A1,13-09-2025 21:07,8.32,12.48,Night,Low,45.78,Clear,0,931,0.0616,0.02,No Delay,12.5,4.73,10.36
T3556,A45,08-09-2025 03:19,9.34,14.01,Evening Peak,High,24.59,Clear,0,879,0.1624,5.49,Traffic,19.5,9.76,16.5
T3557,A22,06-09-2025 23:16,15.03,22.54,Afternoon,Medium,35.44,Storm,3,150,0.3388,7.34,Weather,29.88,14.23,22.68
T3558,A18,10-09-2025 20:15,4.98,7.47,Morning Peak,Medium,21.47,Clear,0,960,0.1513,2.97,Traffic,10.44,7.41,9.14
T3559,A46,28-09-2025 19:45,16.19,24.29,Night,Low,42.84,Clear,0,820,0,0.39,No Delay,24.68,5.44,25.65
T3560,A45,10-09-2025 11:15,26.34,39.51,Afternoon,High,27.64,Rain,1,491,0.0056,10.43,Weather,49.94,43.18,15.12
T3561,A42,10-09-2025 15:38,24.88,37.32,Evening Peak,Medium,22.03,Clear,0,837,0.3374,14.83,Traffic,52.15,4.95,59.2
T3562,A26,03-09-2025 14:47,4.14,6.21,Evening Peak,High,48.19,Rain,1,608,0.4341,1.48,Weather,7.69,3.22,11.22
T3563,A34,09-09-2025 17:19,13.35,20.02,Afternoon,High,34.6,Clear,0,841,0.1623,5.4,Traffic,25.42,7.87,26.99
T3564,A42,18-09-2025 15:53,18.47,27.7,Morning Peak,High,30.27,Clear,0,859,0.1292,5.17,Traffic,32.87,11.69,27.01
T3565,A27,16-09-2025 11:41,6.87,10.31,Morning Peak,High,17.19,Fog,2,323,0.1941,4.73,Traffic,15.04,1.94,18.42
T3566,A35,05-09-2025 12:29,12.62,18.93,Night,Low,45.26,Clear,0,847,0.0934,-0.55,No Delay,18.38,3.43,22.1
T3567,A14,15-09-2025 00:22,25.01,37.52,Evening Peak,High,21.45,Clear,0,797,0.5074,13.26,Incident,50.78,18.91,40.86
T3568,A33,30-09-2025 08:21,2.66,3.99,Evening Peak,Medium,22.53,Clear,0,865,0.2259,1.99,Traffic,5.98,3.2,8.92
T3569,A39,06-09-2025 23:57,21.59,32.38,Morning Peak,Medium,37.51,Storm,3,252,0.2035,11.69,Weather,44.07,35.82,12.74
T3570,A11,01-09-2025 06:12,25.38,38.07,Night,Low,40.71,Storm,3,155,0.4409,8.41,Weather,46.48,35.99,13.62
T3571,A12,11-09-2025 14:28,3.85,5.78,Evening Peak,Medium,14.3,Fog,2,145,0.561,2.67,Incident,8.45,0.53,11.91
T3572,A45,16-09-2025 11:39,27.29,40.94,Night,Low,49.85,Clear,0,904,0.0623,2.07,No Delay,43.01,30.73,19.81
T3573,A50,25-09-2025 21:40,8.3,12.45,Evening Peak,Medium,34.22,Rain,1,415,0.2792,4.93,Traffic,17.38,11.95,8.03
T3574,A48,24-09-2025 21:18,22.91,34.37,Evening Peak,Medium,43.49,Clear,0,938,0.2499,12.13,Traffic,46.5,7.57,48.25
T3575,A30,28-09-2025 18:11,14.43,21.64,Morning Peak,High,25.54,Clear,0,789,0.1472,8.54,Traffic,30.18,21.46,16.27
T3576,A43,19-09-2025 06:01,14.38,21.57,Night,Medium,34.99,Storm,3,305,0.5123,2.73,Weather,24.3,14.86,11.82
T3577,A32,02-09-2025 00:18,3.06,4.59,Afternoon,Medium,39.27,Storm,3,262,0.1357,2.03,Weather,6.62,4.94,9.93
T3578,A25,08-09-2025 09:02,26.5,39.75,Afternoon,High,11.74,Rain,1,614,0.8952,23.89,Incident,63.64,20.03,47.53
T3579,A21,15-09-2025 00:23,21.44,32.16,Afternoon,High,15.5,Clear,0,884,0.9795,10.89,Incident,43.05,28.74,22.09
T3580,A1,05-09-2025 03:33,6.54,9.81,Night,Low,35.23,Clear,0,1075,0.0141,-0.35,No Delay,9.46,4.77,10.42
T3581,A7,30-09-2025 04:07,22.45,33.68,Morning Peak,High,18.46,Rain,1,538,1.26,15.51,Incident,49.19,20.41,35.44
T3582,A39,17-09-2025 13:19,29.22,43.83,Evening Peak,Medium,23.27,Fog,2,364,0.2474,19.18,Weather,63.01,19.07,49.73
T3583,A48,28-09-2025 00:09,6.86,10.29,Evening Peak,Medium,41.49,Storm,3,117,0.4284,1.35,No Delay,11.64,5.14,12.83
T3584,A38,03-09-2025 21:53,25.88,38.82,Evening Peak,Medium,26.42,Clear,0,993,0.1427,14.33,Traffic,53.15,10.15,47.48
T3585,A2,26-09-2025 10:35,24.41,36.61,Evening Peak,Low,38.94,Storm,3,209,0.1787,11.14,Weather,47.75,41.5,8.92
T3586,A23,14-09-2025 05:07,7.39,11.08,Evening Peak,Medium,16.44,Rain,1,650,0.8621,3.18,Incident,14.26,3.29,13.82
T3587,A12,18-09-2025 19:25,25.12,37.68,Afternoon,Low,40.63,Clear,0,948,0,0.1,No Delay,37.78,28.23,13.39
T3588,A14,06-09-2025 09:21,28.11,42.16,Afternoon,High,21.16,Rain,1,530,0.8401,21.99,Incident,64.15,40.24,34.68
T3589,A20,25-09-2025 12:11,13,19.5,Morning Peak,Medium,34.74,Rain,1,655,0.516,7.06,Traffic,26.56,10.63,23.67
T3590,A22,06-09-2025 03:33,16.21,24.32,Night,Medium,15.27,Clear,0,1092,0.2176,10.82,Traffic,35.14,13.29,29.86
T3591,A27,06-09-2025 01:57,13.11,19.66,Morning Peak,Low,58.07,Clear,0,904,0,0.13,No Delay,19.79,8.01,21.4
T3592,A22,13-09-2025 01:57,7.58,11.37,Afternoon,High,15.05,Fog,2,293,0.0538,1.18,Weather,12.55,2.78,13.68
T3593,A42,25-09-2025 05:04,10,15,Afternoon,Medium,15.24,Rain,1,516,0.869,7.25,Incident,22.25,4.84,21.73
T3594,A18,17-09-2025 10:08,10.22,15.33,Evening Peak,Medium,30.87,Rain,1,715,0.2397,4.02,Traffic,19.35,5.95,16.94
T3595,A46,15-09-2025 15:17,6.41,9.62,Morning Peak,Medium,33.17,Rain,1,464,0.2358,2.85,Traffic,12.47,3.25,18.06
T3596,A47,17-09-2025 19:23,3.47,5.21,Night,Low,65.72,Clear,0,1013,0.0712,0.27,No Delay,5.48,3.79,9.22
T3597,A40,06-09-2025 07:28,28.38,42.57,Afternoon,Low,38.04,Clear,0,972,0.0537,0.28,No Delay,42.85,26.77,22.87
T3598,A17,28-09-2025 11:22,5.1,7.65,Evening Peak,Low,20.7,Storm,3,126,0.8502,2.08,Weather,9.73,2.87,15.21
T3599,A10,19-09-2025 00:14,11.94,17.91,Morning Peak,Medium,34.26,Clear,0,927,0.2807,3.55,Traffic,21.46,18.13,8.61
T3600,A47,15-09-2025 15:02,24.73,37.09,Night,Medium,39.89,Storm,3,296,0.6605,13.42,Weather,50.51,16.6,39.21
T3601,A31,03-09-2025 08:44,29,43.5,Morning Peak,High,28.21,Fog,2,246,0.1507,13.27,Traffic,56.77,35.82,22
T3602,A45,24-09-2025 16:14,25.69,38.53,Night,Medium,52.15,Clear,0,968,0.0915,-0.68,No Delay,37.85,17.23,24.41
T3603,A23,21-09-2025 23:46,6.44,9.66,Night,High,24.74,Rain,1,594,0.8658,5.16,Incident,14.82,12.77,4.82
T3604,A49,23-09-2025 23:55,29.11,43.66,Evening Peak,High,12.81,Rain,1,543,0.6613,16.65,Incident,60.31,3.03,69.24
T3605,A24,09-09-2025 01:19,19.19,28.79,Night,High,6.35,Fog,2,173,1.1249,9.22,Incident,38.01,6.86,35.34
T3606,A7,07-09-2025 08:10,7.65,11.47,Morning Peak,High,24.61,Rain,1,464,0.0363,5.62,Traffic,17.09,1.53,17.25
T3607,A44,21-09-2025 15:25,9.47,14.21,Evening Peak,High,17.11,Storm,3,122,1.0072,7.74,Incident,21.95,7.72,20.48
T3608,A3,04-09-2025 17:35,22.57,33.86,Evening Peak,High,14.3,Clear,0,902,1.1899,12.25,Incident,46.11,38.82,12.34
T3609,A31,02-09-2025 09:58,22.65,33.97,Afternoon,High,30.91,Clear,0,902,0.0508,7.91,Traffic,41.88,2.06,43.12
T3610,A10,01-09-2025 09:48,6.55,9.83,Afternoon,Medium,42.44,Storm,3,136,0.233,1.15,Weather,10.98,7.94,10.33
T3611,A14,02-09-2025 00:48,2.42,3.63,Morning Peak,Low,50.83,Clear,0,875,0.0733,0.19,No Delay,3.82,1.37,9.72
T3612,A32,03-09-2025 02:41,24.9,37.35,Evening Peak,Low,28.76,Fog,2,372,0.513,12.86,Weather,50.21,23.67,30.53
T3613,A2,17-09-2025 14:00,17.33,25.99,Night,High,15.82,Rain,1,558,0.6258,7.37,Incident,33.36,1.03,39.7
T3614,A48,14-09-2025 20:28,8.52,12.78,Afternoon,Low,37.74,Clear,0,916,0.0307,0.14,No Delay,12.92,7.5,13.78
T3615,A2,06-09-2025 06:11,10.76,16.14,Evening Peak,High,43.9,Fog,2,228,0.4597,2.31,Weather,18.45,15.91,6.07
T3616,A24,08-09-2025 04:49,17.85,26.78,Morning Peak,High,12.27,Rain,1,640,0.6811,15.26,Incident,42.04,34.56,12.43
T3617,A31,29-09-2025 15:39,10.62,15.93,Night,Medium,24.19,Rain,1,557,0.2481,5.42,Weather,21.35,8.62,19.26
T3618,A21,10-09-2025 09:03,28.53,42.8,Afternoon,Medium,35.19,Clear,0,833,0.0432,-0.73,No Delay,42.07,30.02,14.75
T3619,A4,10-09-2025 20:46,28.14,42.21,Afternoon,Low,58.44,Clear,0,895,0.0179,1.56,No Delay,43.77,22.25,30.31
T3620,A27,30-09-2025 01:13,28.98,43.47,Night,Medium,43.33,Clear,0,928,0.026,-0.19,No Delay,43.28,5.34,45.28
T3621,A20,16-09-2025 20:25,9.54,14.31,Evening Peak,High,26.64,Clear,0,817,0.687,5.38,Incident,19.69,15.37,6.6
T3622,A24,19-09-2025 14:52,17.92,26.88,Afternoon,Low,43.52,Clear,0,935,0.0681,-0.12,No Delay,26.76,7.8,22.72
T3623,A43,14-09-2025 15:23,12.1,18.15,Afternoon,High,27.75,Rain,1,575,0.6641,8.71,Incident,26.86,6.86,26.63
T3624,A12,11-09-2025 09:48,18.76,28.14,Evening Peak,Medium,22,Clear,0,939,0.2702,8.28,Traffic,36.42,26.05,14.6
T3625,A50,21-09-2025 07:37,15.1,22.65,Afternoon,High,5,Clear,0,840,1.0242,13.14,Traffic,35.79,13.54,28.58
T3626,A48,07-09-2025 23:00,10.91,16.36,Night,Low,40.95,Clear,0,940,0.0608,0.85,Weather,17.21,12.38,10.3
T3627,A6,01-09-2025 15:39,8.55,12.83,Morning Peak,Medium,36.71,Fog,2,191,0.117,5.68,Weather,18.51,15.89,8.7
T3628,A24,28-09-2025 22:28,11.43,17.14,Evening Peak,High,24.83,Clear,0,976,0.3094,6.9,Traffic,24.04,5.47,20.88
T3629,A38,23-09-2025 11:06,28.37,42.55,Afternoon,Low,36.86,Fog,2,213,0.5333,16.14,Weather,58.69,17.82,44.2
T3630,A27,28-09-2025 15:41,4.88,7.32,Evening Peak,High,5,Fog,2,138,0.7657,2.71,Incident,10.03,7.48,7.34
T3631,A32,03-09-2025 04:46,8.19,12.29,Afternoon,Low,39.15,Clear,0,737,0.0396,-0.34,No Delay,11.95,4.71,12.41
T3632,A18,15-09-2025 07:46,25.75,38.62,Morning Peak,High,16.8,Rain,1,425,1.1166,21.79,Incident,60.41,44.11,18.68
T3633,A6,10-09-2025 21:42,13.38,20.07,Afternoon,High,18.82,Rain,1,438,1.0769,9.58,Incident,29.65,7.75,22.42
T3634,A37,23-09-2025 23:27,15.84,23.76,Night,Medium,33.21,Storm,3,261,0.0855,10.07,Weather,33.83,17.74,24.1
T3635,A16,10-09-2025 17:28,5.88,8.82,Night,Low,31.83,Clear,0,790,0,-0.06,No Delay,8.76,6.89,4.48
T3636,A16,12-09-2025 17:31,21.62,32.43,Afternoon,High,28.61,Clear,0,897,0.2904,12.39,Traffic,44.82,31.09,18.35
T3637,A7,15-09-2025 03:06,24.69,37.04,Morning Peak,Medium,24,Clear,0,939,0.1964,9.52,Traffic,46.56,36.52,17.7
T3638,A17,25-09-2025 04:03,12.33,18.5,Night,Medium,24.5,Clear,0,873,0.3564,8.18,Traffic,26.68,8.3,22.85
T3639,A4,24-09-2025 07:04,21.17,31.75,Night,Low,37.7,Rain,1,469,0.5129,12.79,Weather,44.54,34.29,15.81
T3640,A7,29-09-2025 02:07,16.59,24.89,Night,Low,33.87,Clear,0,965,0.0011,-0.55,No Delay,24.34,6.66,23.93
T3641,A26,06-09-2025 01:06,10.82,16.23,Night,Low,46.34,Clear,0,871,0,0.36,No Delay,16.59,5,18.27
T3642,A40,27-09-2025 18:09,22.8,34.2,Night,Low,40.81,Clear,0,799,0.0166,0.33,Weather,34.53,19.99,21.72
T3643,A50,13-09-2025 21:50,10.31,15.47,Evening Peak,Low,50.85,Clear,0,954,0.0867,-0.6,No Delay,14.87,10.65,12.24
T3644,A17,09-09-2025 21:05,27.9,41.85,Evening Peak,Low,38.71,Clear,0,861,0.0514,0.75,No Delay,42.6,7.38,34.85
T3645,A11,01-09-2025 10:54,17.86,26.79,Afternoon,Low,60.94,Clear,0,898,0.0208,0.71,No Delay,27.5,7.56,27.68
T3646,A23,18-09-2025 09:29,26.94,40.41,Morning Peak,High,26.04,Clear,0,929,0.0526,16.45,Traffic,56.86,23.56,36.35
T3647,A35,02-09-2025 08:13,4.08,6.12,Night,Low,46.1,Clear,0,873,0.1098,0.03,No Delay,6.15,2.28,5.57
T3648,A35,11-09-2025 10:37,27.85,41.78,Evening Peak,High,14.49,Clear,0,905,0.4661,13.76,Incident,55.54,12.64,51.92
T3649,A43,28-09-2025 12:29,12.66,18.99,Night,Medium,49,Clear,0,825,0.1494,-0.05,No Delay,18.94,3.4,24.3
T3650,A44,24-09-2025 15:18,28.73,43.1,Evening Peak,High,18.3,Fog,2,347,1.0029,20.24,Incident,63.34,25.58,46.77
T3651,A18,20-09-2025 19:11,16.72,25.08,Evening Peak,High,24.94,Clear,0,780,0.1007,12.03,Traffic,37.11,15.46,27.17
T3652,A9,05-09-2025 08:19,24.96,37.44,Evening Peak,High,12.07,Storm,3,163,0.5274,17.72,Incident,55.16,15.41,50.35
T3653,A4,29-09-2025 01:52,25.18,37.77,Afternoon,Low,31.94,Storm,3,271,0.4562,11.25,Weather,49.02,6.99,47.87
T3654,A4,14-09-2025 04:40,5.21,7.82,Morning Peak,High,27.67,Clear,0,984,0,3.48,Traffic,11.3,3.29,12.25
T3655,A15,29-09-2025 09:54,16.78,25.17,Night,High,16.89,Rain,1,748,1.0693,14.78,Incident,39.95,31.06,14.21
T3656,A38,15-09-2025 13:50,26.86,40.29,Evening Peak,High,34.24,Clear,0,983,0.3762,14.64,Traffic,54.93,33.72,25.27
T3657,A1,11-09-2025 09:18,20.91,31.37,Night,Low,42.12,Clear,0,980,0.1832,-0.16,No Delay,31.21,27.97,7.51
T3658,A12,18-09-2025 01:30,8.1,12.15,Afternoon,Low,43.6,Clear,0,1012,0.093,0.35,No Delay,12.5,2.12,18.07
T3659,A41,21-09-2025 09:56,19.13,28.69,Morning Peak,High,16.97,Clear,0,962,0.3287,6.76,Traffic,35.45,15.74,24.38
T3660,A49,19-09-2025 15:13,21.86,32.79,Afternoon,Low,49.25,Clear,0,932,0.1122,1.78,No Delay,34.57,1.7,35.61
T3661,A21,25-09-2025 14:41,20.73,31.09,Afternoon,High,40,Storm,3,107,0.0511,3.25,Weather,34.34,8.96,35
T3662,A29,28-09-2025 08:52,21.23,31.85,Morning Peak,Low,55.44,Clear,0,936,0.0269,0.85,No Delay,32.7,4.22,30.2
T3663,A20,19-09-2025 13:39,3.62,5.43,Afternoon,Low,41.8,Clear,0,863,0.1279,0.25,No Delay,5.68,3.75,7.97
T3664,A42,17-09-2025 14:37,17.9,26.85,Evening Peak,Medium,5.97,Clear,0,1055,0.8858,11.53,Incident,38.38,4.48,36.4
T3665,A48,12-09-2025 16:54,7.87,11.8,Night,Low,36.15,Fog,2,250,0.1646,4.25,Weather,16.05,12.96,9.56
T3666,A26,28-09-2025 10:34,28,42,Night,Low,45.53,Clear,0,979,0,1.47,Weather,43.47,12.82,38.25
T3667,A32,26-09-2025 14:13,23.38,35.07,Morning Peak,High,22.71,Clear,0,914,0.3915,14.08,Incident,49.15,1.92,54.78
T3668,A38,28-09-2025 23:48,8.15,12.23,Evening Peak,High,13.08,Clear,0,802,0.7679,4.6,Incident,16.83,12.55,11.35
T3669,A9,01-09-2025 18:31,6.93,10.39,Night,Low,44.57,Clear,0,854,0,0.47,No Delay,10.86,9.66,7.29
T3670,A9,30-09-2025 02:31,23.05,34.58,Afternoon,Medium,32.79,Fog,2,251,0.5511,6.52,Weather,41.1,16.79,29.56
T3671,A47,17-09-2025 03:18,15.47,23.21,Morning Peak,High,32.19,Storm,3,269,0.3843,9.97,Weather,33.18,18.96,19.16
T3672,A12,18-09-2025 12:50,5.15,7.73,Night,Low,29.05,Fog,2,292,0.2751,1.12,Weather,8.85,1.77,15.94
T3673,A25,23-09-2025 14:19,11.22,16.83,Night,Low,43.39,Clear,0,826,0.0532,0.79,No Delay,17.62,0.5,25.79
T3674,A45,27-09-2025 20:37,4.68,7.02,Afternoon,Medium,30.16,Rain,1,510,0.4469,2.98,Weather,10,4.18,9.21
T3675,A41,13-09-2025 06:06,2.42,3.63,Evening Peak,High,21.06,Clear,0,862,0.3591,1.18,Traffic,4.81,3.6,4.19
T3676,A26,12-09-2025 00:34,11.27,16.91,Afternoon,Low,28.66,Storm,3,199,0.3245,6.75,Weather,23.66,1.58,30.11
T3677,A9,14-09-2025 14:28,7.73,11.6,Night,Low,26.57,Fog,2,210,0.5502,1.32,Weather,12.92,0.47,16.64
T3678,A50,25-09-2025 14:57,22.47,33.7,Morning Peak,Medium,36.92,Fog,2,312,0.1323,7.65,Weather,41.35,23.45,23.2
T3679,A33,27-09-2025 06:11,9.88,14.82,Afternoon,Low,48.19,Clear,0,936,0.1503,0.17,No Delay,14.99,0.23,21.5
T3680,A48,02-09-2025 00:02,12.83,19.24,Night,Low,46.39,Clear,0,1036,0.0046,-0.54,No Delay,18.7,12.88,12.89
T3681,A9,06-09-2025 17:24,25.44,38.16,Evening Peak,High,18.05,Fog,2,321,0.5564,19.28,Incident,57.44,45.87,14.83
T3682,A28,09-09-2025 09:29,17.41,26.12,Afternoon,Low,59.47,Clear,0,855,0.0201,0.29,No Delay,26.41,1.75,33.28
T3683,A12,09-09-2025 13:24,20.64,30.96,Night,Low,39.89,Fog,2,201,0.2941,9.55,Weather,40.51,28.83,14.98
T3684,A24,28-09-2025 02:55,24.22,36.33,Night,Low,22.86,Fog,2,255,0.4313,10.87,Weather,47.2,26.66,27.31
T3685,A36,18-09-2025 01:20,27.95,41.92,Morning Peak,Low,59.56,Clear,0,886,0.0039,2.4,No Delay,44.32,33.57,13.81
T3686,A25,20-09-2025 06:02,23.93,35.89,Morning Peak,Medium,46.58,Rain,1,536,0.2858,6.78,Weather,42.67,31.42,17.24
T3687,A38,09-09-2025 17:11,14.69,22.03,Morning Peak,High,12.73,Fog,2,213,0.5781,12,Incident,34.03,27.66,12.14
T3688,A4,01-09-2025 11:41,25.25,37.88,Night,Medium,59,Clear,0,856,0.0556,-1.11,No Delay,36.77,19.48,20.6
T3689,A40,11-09-2025 19:33,17.86,26.79,Afternoon,High,39.96,Clear,0,1026,0.1342,7.44,Traffic,34.23,11.21,31.44
T3690,A32,20-09-2025 07:26,4.3,6.45,Morning Peak,Low,24.36,Storm,3,84,0.2777,2,Weather,8.45,1.69,10.15
T3691,A50,25-09-2025 05:51,11.2,16.8,Morning Peak,Low,45.7,Fog,2,348,0.2909,3.36,Weather,20.16,2.1,19.12
T3692,A26,15-09-2025 02:27,28.21,42.32,Night,Low,26.99,Fog,2,223,0.357,5.96,Weather,48.28,39.18,14.72
T3693,A23,05-09-2025 06:06,25.22,37.83,Night,Low,49.71,Clear,0,861,0.0046,1.04,No Delay,38.87,4.81,41.24
T3694,A26,12-09-2025 17:51,27.67,41.51,Morning Peak,High,15.01,Fog,2,349,1.1146,14.9,Incident,56.41,45.85,14.92
T3695,A7,04-09-2025 13:54,4.92,7.38,Evening Peak,Medium,5.23,Fog,2,293,0.5139,4.06,Incident,11.44,1.88,13.04
T3696,A33,16-09-2025 01:04,8.87,13.3,Night,Low,37.56,Clear,0,839,0.0365,0.27,No Delay,13.57,7.66,15.06
T3697,A5,28-09-2025 19:32,14.63,21.95,Evening Peak,High,20.79,Fog,2,168,0.9904,8.82,Incident,30.77,5.42,28.42
T3698,A22,30-09-2025 07:26,20.54,30.81,Afternoon,High,32.07,Clear,0,915,0.1578,14.47,Traffic,45.28,10.92,44.36
T3699,A49,25-09-2025 14:45,12.45,18.67,Morning Peak,Low,42.38,Clear,0,787,0.0027,-0.75,No Delay,17.92,8.55,14.05
T3700,A31,10-09-2025 23:42,4.94,7.41,Evening Peak,Medium,32.07,Storm,3,279,0.5606,2.09,Weather,9.5,8.55,6.4
T3701,A42,04-09-2025 22:51,12.27,18.4,Night,Low,44.71,Clear,0,1037,0.1778,-0.02,No Delay,18.38,14.14,10.81
T3702,A5,14-09-2025 20:54,17.45,26.17,Evening Peak,Medium,27.38,Clear,0,863,0.2054,5.47,Traffic,31.64,16.74,22.3
T3703,A33,02-09-2025 10:30,18.48,27.72,Morning Peak,High,14.72,Storm,3,273,1.2808,14.83,Incident,42.55,31.21,15.99
T3704,A30,03-09-2025 04:24,23.51,35.27,Evening Peak,Medium,19.63,Rain,1,757,0.9625,14.37,Incident,49.64,20.19,34.31
T3705,A10,25-09-2025 09:56,27.29,40.94,Night,Medium,30.27,Rain,1,619,0.3363,15.5,Weather,56.44,38.47,26.36
T3706,A38,25-09-2025 22:23,15.47,23.21,Evening Peak,High,11.79,Fog,2,199,0.8308,8.07,Incident,31.28,0.48,34.2
T3707,A44,20-09-2025 14:12,29.86,44.79,Night,Low,52.47,Clear,0,792,0.0237,-1.07,No Delay,43.72,8.51,35.89
T3708,A1,03-09-2025 22:37,25.64,38.46,Night,Low,54.96,Clear,0,861,0,0.33,No Delay,38.79,34.81,6.05
T3709,A1,14-09-2025 05:46,18.02,27.03,Morning Peak,Medium,16.59,Clear,0,770,0.0179,5.15,Traffic,32.18,21.13,17.2
T3710,A14,14-09-2025 21:51,25.2,37.8,Night,High,14.07,Rain,1,688,1.2023,22.84,Incident,60.64,51.6,17.89
T3711,A34,18-09-2025 05:15,21.38,32.07,Night,Low,22.61,Storm,3,270,0.2597,6.98,Weather,39.05,10.02,29.33
T3712,A39,02-09-2025 09:40,10.01,15.01,Night,Low,43.94,Clear,0,827,0.0378,0.03,No Delay,15.04,9.79,13.3
T3713,A25,18-09-2025 02:17,10.02,15.03,Night,Medium,51.22,Rain,1,752,0.2125,6.32,Weather,21.35,16.82,8.88
T3714,A42,10-09-2025 07:29,15.08,22.62,Afternoon,Low,54.52,Clear,0,1053,0,0.42,No Delay,23.04,3.68,26.5
T3715,A36,29-09-2025 07:32,23.36,35.04,Morning Peak,Medium,45.74,Clear,0,881,0,-0.79,No Delay,34.25,12.09,26.14
T3716,A42,17-09-2025 22:43,26.34,39.51,Night,Medium,50.09,Clear,0,959,0.0005,0.7,No Delay,40.21,1.49,44.6
T3717,A8,09-09-2025 17:32,17.06,25.59,Evening Peak,Medium,13.06,Fog,2,337,1.3604,10.94,Incident,36.53,10.85,35.17
T3718,A2,06-09-2025 16:15,14.39,21.59,Night,High,24.13,Fog,2,254,1.2459,7.34,Incident,28.93,21.18,15.56
T3719,A35,09-09-2025 11:34,13.31,19.96,Morning Peak,High,19.82,Clear,0,922,0.504,6.98,Incident,26.94,5.99,25.56
T3720,A45,20-09-2025 12:11,8.59,12.88,Evening Peak,Medium,36.62,Clear,0,838,0.1847,5.93,Traffic,18.81,5.48,14.85
T3721,A21,25-09-2025 11:18,23.08,34.62,Morning Peak,Low,59.19,Clear,0,882,0,1.41,No Delay,36.03,31.38,12.08
T3722,A3,16-09-2025 03:33,20.99,31.48,Afternoon,Low,56.97,Clear,0,892,0.0677,-0.67,No Delay,30.81,11.22,23.07
T3723,A39,08-09-2025 06:39,12.14,18.21,Night,Low,38.87,Clear,0,927,0.1486,0.59,No Delay,18.8,14.26,10.4
T3724,A43,23-09-2025 16:27,14.56,21.84,Morning Peak,High,17.77,Storm,3,143,1.1887,12.36,Traffic,34.2,18.55,21.16
T3725,A31,04-09-2025 16:46,4,6,Night,Medium,50.3,Rain,1,454,0.2683,1.96,No Delay,7.96,3.65,10.88
T3726,A40,04-09-2025 02:50,4.8,7.2,Afternoon,Low,37.13,Clear,0,907,0,-0.01,No Delay,7.19,1.93,8.25
T3727,A8,25-09-2025 06:20,6.63,9.95,Evening Peak,High,30.65,Rain,1,698,0.3742,2.69,Traffic,12.64,0.86,16.59
T3728,A37,19-09-2025 17:36,21.32,31.98,Evening Peak,High,10.6,Fog,2,187,0.8658,17.01,Incident,48.99,11.3,42.09
T3729,A25,22-09-2025 05:30,12.21,18.32,Evening Peak,Low,13.32,Storm,3,109,0.5867,7.15,Weather,25.47,20.46,10.76
T3730,A12,25-09-2025 14:50,3.01,4.51,Night,Medium,32.14,Rain,1,592,0.1322,1.84,Weather,6.35,4.72,7.1
T3731,A12,15-09-2025 07:28,7.94,11.91,Morning Peak,High,10.72,Rain,1,739,0.6248,3.43,Incident,15.34,0.9,21.83
T3732,A20,15-09-2025 10:41,16.78,25.17,Night,Medium,44.27,Clear,0,899,0,1.13,No Delay,26.3,0.37,33.77
T3733,A30,29-09-2025 00:43,26.66,39.99,Afternoon,Low,40.8,Rain,1,487,0.164,6.77,Weather,46.76,17.12,31.77
T3734,A11,24-09-2025 09:52,6.21,9.31,Afternoon,High,48.9,Storm,3,291,0.0715,2.05,Weather,11.36,3.5,11.67
T3735,A32,12-09-2025 12:10,25.79,38.68,Afternoon,Low,38.06,Clear,0,758,0.1017,1.66,No Delay,40.34,7.54,34.97
T3736,A38,19-09-2025 12:12,25.78,38.67,Evening Peak,High,12.32,Rain,1,509,0.5189,11.34,Incident,50.01,17.91,36.51
T3737,A42,10-09-2025 10:50,18.1,27.15,Afternoon,Medium,34.75,Fog,2,374,0.2518,12.19,Weather,39.34,28.1,13.06
T3738,A29,06-09-2025 13:30,6.59,9.88,Morning Peak,High,26.57,Clear,0,1024,0.2077,4.25,Traffic,14.13,4.92,14.95
T3739,A13,29-09-2025 22:48,19.31,28.96,Morning Peak,Medium,28.42,Clear,0,989,0.2465,8.93,Traffic,37.89,17.26,25.11
T3740,A4,15-09-2025 11:28,26.3,39.45,Evening Peak,High,33.08,Clear,0,823,0.0379,15.28,Traffic,54.73,6.69,55.15
T3741,A34,23-09-2025 13:11,8.28,12.42,Morning Peak,High,17.29,Fog,2,353,0.772,7.69,Incident,20.11,12.1,11.76
T3742,A6,11-09-2025 03:19,7.26,10.89,Evening Peak,Medium,23.76,Clear,0,865,0.4497,6.92,Incident,17.81,9.55,13.88
T3743,A39,25-09-2025 18:54,16.21,24.32,Morning Peak,High,19.52,Clear,0,867,0.3739,5.14,Traffic,29.46,22.37,15.31
T3744,A48,30-09-2025 05:36,15.16,22.74,Afternoon,Low,42.69,Clear,0,978,0.1785,-0.59,No Delay,22.15,17.51,6.8
T3745,A5,13-09-2025 03:37,25.99,38.98,Morning Peak,Low,35.27,Clear,0,848,0.1598,-0.52,No Delay,38.46,29.4,14.58
T3746,A7,23-09-2025 09:35,11.2,16.8,Night,Medium,41.24,Fog,2,179,0.4945,5.41,Weather,22.21,13.65,14.08
T3747,A17,08-09-2025 18:01,12.56,18.84,Evening Peak,Medium,33.69,Clear,0,875,0.2949,7.12,Traffic,25.96,2.58,30.5
T3748,A21,21-09-2025 18:25,5.74,8.61,Evening Peak,Low,39.2,Clear,0,900,0.0437,-0.04,No Delay,8.57,6.51,7
T3749,A8,15-09-2025 04:32,8.82,13.23,Evening Peak,High,17.82,Clear,0,862,0.451,6.71,Traffic,19.94,10.12,14.63
T3750,A20,07-09-2025 19:28,27.03,40.55,Night,Medium,23.93,Fog,2,335,0.1427,6.29,Weather,46.84,30.09,18.97
T3751,A29,23-09-2025 01:18,7.36,11.04,Evening Peak,High,24.82,Rain,1,702,0.8907,6.83,Incident,17.87,9.4,14.09
T3752,A42,02-09-2025 00:52,9.69,14.54,Evening Peak,High,17.62,Clear,0,948,1.1267,5.32,Traffic,19.86,3.79,21.12
T3753,A3,09-09-2025 20:06,13.57,20.36,Night,High,21.58,Fog,2,175,0.0946,4.62,Weather,24.98,1.84,29.1
T3754,A49,04-09-2025 10:32,14.77,22.15,Afternoon,Low,52.53,Rain,1,476,0.5672,6.9,Weather,29.05,20.84,14.63
T3755,A29,07-09-2025 20:30,3.75,5.62,Morning Peak,Medium,23.79,Storm,3,178,0.3443,2.04,Weather,7.66,0.05,12.15
T3756,A25,06-09-2025 19:46,29.24,43.86,Morning Peak,High,25.6,Rain,1,657,1.3008,20.8,Incident,64.66,45.72,28.3
T3757,A32,02-09-2025 19:50,29.58,44.37,Evening Peak,High,23.71,Clear,0,828,0.3178,9.82,Traffic,54.19,6.11,50.52
T3758,A7,12-09-2025 23:16,7.54,11.31,Night,Low,35.79,Rain,1,488,0.2592,4.99,Weather,16.3,5.36,18.22
T3759,A46,28-09-2025 12:33,5.94,8.91,Evening Peak,Medium,28.07,Fog,2,289,0.5144,2.02,Weather,10.93,0.8,11.8
T3760,A50,24-09-2025 05:08,22.22,33.33,Evening Peak,Low,61.36,Clear,0,1023,0.1098,1.6,No Delay,34.93,18.79,23.13
T3761,A31,17-09-2025 17:39,27.94,41.91,Afternoon,Medium,27.65,Fog,2,242,0.4726,18.39,Weather,60.3,11.22,58.69
T3762,A29,24-09-2025 20:47,22.49,33.73,Evening Peak,High,19.91,Clear,0,859,0.4405,10.65,Traffic,44.38,14.91,30.42
T3763,A46,15-09-2025 03:12,12.13,18.2,Afternoon,Low,47.27,Clear,0,965,0.0987,-0.13,No Delay,18.07,7.92,14.47
T3764,A20,27-09-2025 00:14,11.28,16.92,Night,Medium,45.73,Clear,0,867,0.056,0.24,No Delay,17.16,13.44,10.69
T3765,A34,23-09-2025 03:26,3.38,5.07,Night,High,12.53,Fog,2,161,0.6154,1.48,Incident,6.55,2.61,6.61
T3766,A39,16-09-2025 10:17,6.2,9.3,Morning Peak,Low,30.53,Fog,2,354,0.5843,1.98,Weather,11.28,2.82,14.78
T3767,A20,17-09-2025 03:09,12.43,18.64,Evening Peak,High,20.48,Rain,1,633,1.3259,11.34,Incident,29.98,9.89,28.07
T3768,A26,26-09-2025 11:18,9.72,14.58,Night,High,5,Clear,0,876,1.0265,6.71,Incident,21.29,12,11.45
T3769,A15,11-09-2025 13:51,28.54,42.81,Evening Peak,High,15.65,Rain,1,567,1.2112,12.6,Incident,55.41,24.45,37.35
T3770,A26,27-09-2025 01:57,4.93,7.39,Morning Peak,High,18.1,Rain,1,446,1.0328,4.19,Incident,11.58,10.09,6.93
T3771,A48,23-09-2025 03:10,21.64,32.46,Night,High,7.69,Fog,2,356,0.9646,15.04,Incident,47.5,35.57,15.3
T3772,A9,15-09-2025 07:11,12.19,18.28,Afternoon,High,10.33,Fog,2,363,0.8237,11.69,Incident,29.97,22.08,12.08
T3773,A19,15-09-2025 07:30,15.38,23.07,Night,Medium,59.23,Clear,0,840,0.0389,-0.28,No Delay,22.79,18.02,7.01
T3774,A23,10-09-2025 19:28,16.49,24.73,Night,Low,51.96,Clear,0,905,0,0.06,No Delay,24.79,2.31,24.31
T3775,A26,03-09-2025 02:57,9.42,14.13,Evening Peak,Medium,19.22,Fog,2,302,0.6861,6.76,Traffic,20.89,14.62,10.5
T3776,A48,18-09-2025 03:37,3.61,5.42,Night,Low,42.9,Clear,0,900,0.0717,0.31,No Delay,5.73,0.09,8.3
T3777,A12,25-09-2025 12:47,18.45,27.68,Morning Peak,High,21.12,Rain,1,495,0.8826,12.82,Incident,40.5,31.35,12.65
T3778,A23,12-09-2025 02:18,18.92,28.38,Night,Low,38.18,Fog,2,289,0.4425,4,Weather,32.38,16.67,22.53
T3779,A35,21-09-2025 22:52,6.02,9.03,Evening Peak,High,26.89,Rain,1,433,0,3.35,Traffic,12.38,8.89,11.78
T3780,A29,20-09-2025 23:21,26.64,39.96,Morning Peak,High,13.3,Clear,0,817,0.3558,11.76,Traffic,51.72,7.09,52.96
T3781,A33,27-09-2025 04:16,29.99,44.98,Afternoon,Medium,32.41,Fog,2,234,0.4304,9.8,Weather,54.78,32.21,27.22
T3782,A44,07-09-2025 04:09,25.19,37.79,Night,Low,35,Clear,0,976,0.1107,2.08,No Delay,39.87,34.13,8.65
T3783,A41,17-09-2025 01:02,21.04,31.56,Morning Peak,High,37.39,Clear,0,888,0.0028,12.11,Traffic,43.67,15.4,37.67
T3784,A15,07-09-2025 01:58,8.74,13.11,Afternoon,Low,58.44,Clear,0,971,0.1518,-0.2,No Delay,12.91,1.76,13.86
T3785,A3,11-09-2025 05:10,17.17,25.76,Evening Peak,High,15.8,Storm,3,268,0.8638,8.95,Incident,34.71,2.11,40.16
T3786,A7,14-09-2025 21:55,24.27,36.41,Afternoon,High,10.09,Rain,1,675,1.0243,11.04,Incident,47.45,9.23,38.37
T3787,A28,06-09-2025 07:56,15.23,22.85,Morning Peak,High,30.37,Fog,2,244,0.1517,9.01,Weather,31.86,27.92,9.36
T3788,A47,16-09-2025 23:19,22.27,33.41,Afternoon,High,14.88,Clear,0,948,1.2164,20.69,Incident,54.1,15.86,37.76
T3789,A25,21-09-2025 13:37,23.49,35.23,Morning Peak,Low,33.66,Rain,1,650,0.1819,9.67,Weather,44.9,2.69,45.25
T3790,A49,20-09-2025 01:34,24.47,36.7,Evening Peak,Medium,26.55,Fog,2,167,0.1637,14.9,No Delay,51.6,26.83,33.23
T3791,A42,20-09-2025 03:54,14.85,22.27,Morning Peak,High,31.88,Clear,0,807,0.085,5.6,Traffic,27.87,24.8,5.9
T3792,A20,29-09-2025 03:03,9.78,14.67,Afternoon,Low,29.99,Storm,3,116,0.3035,5.34,Weather,20.01,4.3,20.82
T3793,A37,04-09-2025 17:59,28.27,42.41,Night,Medium,16.35,Fog,2,260,0.8373,27.37,Incident,69.78,52.36,22.74
T3794,A6,29-09-2025 06:04,2.62,3.93,Evening Peak,Low,46.87,Clear,0,947,0.029,0.15,No Delay,4.08,1.05,8.65
T3795,A38,05-09-2025 15:11,17.82,26.73,Morning Peak,Medium,33.49,Storm,3,121,0.307,3.16,No Delay,29.89,24.61,11.05
T3796,A12,19-09-2025 08:10,24.58,36.87,Afternoon,Medium,23.73,Rain,1,558,0.1176,13.34,Traffic,50.21,10.77,46.57
T3797,A4,15-09-2025 00:43,28.39,42.59,Afternoon,Medium,11.31,Fog,2,273,0.5139,13.27,Incident,55.86,28.63,29.66
T3798,A13,26-09-2025 19:22,18.03,27.05,Evening Peak,High,38.02,Storm,3,161,0.2032,8.71,Weather,35.76,32.07,9.15
T3799,A43,19-09-2025 01:41,8.19,12.29,Evening Peak,High,17.49,Rain,1,600,0.8781,4.85,Incident,17.14,14.66,8.7
T3800,A48,26-09-2025 06:32,29.47,44.2,Evening Peak,Low,33.84,Clear,0,868,0,1.73,No Delay,45.93,7.73,44.86
T3801,A46,28-09-2025 14:09,15.02,22.53,Night,Low,38.1,Clear,0,838,0.038,0.8,No Delay,23.33,19.33,6.99
T3802,A13,01-09-2025 00:44,18.16,27.24,Night,Medium,51.16,Rain,1,458,0.1896,11.85,Weather,39.09,28.47,14.14
T3803,A48,15-09-2025 15:03,14.5,21.75,Night,Medium,37.77,Fog,2,394,0.3826,7.55,Weather,29.3,10.89,25.13
T3804,A38,30-09-2025 16:33,14.1,21.15,Evening Peak,High,21.61,Storm,3,130,1.4282,7.26,Incident,28.41,23.19,9.37
T3805,A41,22-09-2025 07:27,12.25,18.38,Afternoon,Low,41.83,Clear,0,869,0.0367,0.95,No Delay,19.33,5.1,17.21
T3806,A47,14-09-2025 07:10,7.35,11.03,Morning Peak,Medium,35.2,Rain,1,675,0.2409,2.47,Traffic,13.5,5.81,13.79
T3807,A49,26-09-2025 18:31,28.15,42.23,Morning Peak,High,21.75,Rain,1,634,0.9384,27.31,Incident,69.54,57.23,16.51
T3808,A33,19-09-2025 06:27,2.54,3.81,Evening Peak,Low,49.09,Fog,2,393,0.2973,0.9,Weather,4.71,3.13,6.88
T3809,A35,02-09-2025 01:54,2.52,3.78,Morning Peak,Low,49.1,Fog,2,318,0.1528,0.41,Weather,4.19,1.46,7.66
T3810,A41,29-09-2025 17:23,14.48,21.72,Afternoon,Low,45.58,Clear,0,858,0.0205,0.3,No Delay,22.02,0.79,28.58
T3811,A14,07-09-2025 03:28,27.9,41.85,Evening Peak,High,20.71,Clear,0,848,1.0507,17.81,Incident,59.66,7.91,58.9
T3812,A49,13-09-2025 10:29,3.81,5.71,Night,Low,38.64,Fog,2,208,0.5567,2.1,Weather,7.81,6.16,4.52
T3813,A38,17-09-2025 02:23,6,9,Morning Peak,High,31.54,Fog,2,219,0.1602,1.48,Weather,10.48,9.19,7.08
T3814,A27,12-09-2025 22:48,19.24,28.86,Evening Peak,High,24.17,Clear,0,938,0.0994,13.19,Traffic,42.05,27.98,17.1
T3815,A50,23-09-2025 14:51,11.76,17.64,Afternoon,High,17.72,Clear,0,1048,0.3813,9.07,Traffic,26.71,10.95,23.68
T3816,A26,19-09-2025 13:46,16.01,24.02,Afternoon,Low,44.91,Clear,0,913,0,0.51,No Delay,24.53,1.68,29.07
T3817,A50,20-09-2025 09:48,7.22,10.83,Morning Peak,Low,50.46,Clear,0,1006,0.1413,0.3,No Delay,11.13,3.43,12.32
T3818,A21,21-09-2025 22:13,24.2,36.3,Night,High,8.51,Rain,1,628,1.0146,14.93,Incident,51.23,32.6,25.05
T3819,A5,07-09-2025 17:10,29.97,44.95,Afternoon,High,6.1,Clear,0,968,0.8416,22.03,Incident,66.98,17.86,61.21
T3820,A20,04-09-2025 07:17,8.39,12.59,Afternoon,High,20.42,Storm,3,152,0.4344,4.58,Weather,17.17,12.28,7.62
T3821,A41,08-09-2025 21:21,25.96,38.94,Morning Peak,Low,53.45,Clear,0,908,0.0987,-0.54,No Delay,38.4,21.4,22.86
T3822,A29,11-09-2025 04:51,28.16,42.24,Morning Peak,High,46.8,Fog,2,344,0.2786,8.7,Weather,50.94,37.8,16.6
T3823,A14,30-09-2025 10:33,4.37,6.55,Evening Peak,Medium,6.45,Storm,3,221,1.1929,4.11,Traffic,10.66,1.57,16.25
T3824,A31,18-09-2025 22:55,27.78,41.67,Afternoon,Medium,31.38,Rain,1,615,0.2323,17.81,Traffic,59.48,15.95,44.1
T3825,A48,20-09-2025 23:24,12.55,18.83,Evening Peak,High,41.11,Clear,0,891,0.1097,7.47,Traffic,26.3,10.25,24.92
T3826,A35,08-09-2025 10:58,14.71,22.07,Afternoon,High,20.26,Fog,2,181,0.6944,13.71,Traffic,35.78,19.29,24.04
T3827,A48,04-09-2025 22:15,20.08,30.12,Night,Medium,48.28,Clear,0,943,0.1192,0.91,No Delay,31.03,24.44,11.1
T3828,A29,29-09-2025 14:08,14.68,22.02,Evening Peak,Medium,18,Clear,0,852,0.1764,11.27,Traffic,33.29,20.52,17.62
T3829,A20,19-09-2025 00:35,21.45,32.17,Morning Peak,Low,46.89,Fog,2,366,0.3011,7.35,Weather,39.52,16.68,27.44
T3830,A27,29-09-2025 08:31,24.07,36.11,Morning Peak,High,18.06,Clear,0,882,0.7672,18.28,Incident,54.39,29.92,31.63
T3831,A9,09-09-2025 04:46,19.9,29.85,Afternoon,Low,29.05,Clear,0,898,0.0424,-0.23,No Delay,29.62,16.01,16
T3832,A16,10-09-2025 19:00,6.73,10.1,Evening Peak,High,7.96,Rain,1,590,1.3628,3.66,Incident,13.76,12.31,4.05
T3833,A33,12-09-2025 13:04,22.72,34.08,Evening Peak,Medium,27.55,Fog,2,246,0.2599,12.04,Weather,46.12,9.41,38.1
T3834,A7,06-09-2025 13:05,29.14,43.71,Morning Peak,Medium,52.12,Fog,2,257,0.3849,9.68,Weather,53.39,40.77,17.96
T3835,A33,11-09-2025 06:35,17.58,26.37,Morning Peak,High,9.97,Fog,2,174,0.9354,15.78,Incident,42.15,4.33,44.77
T3836,A37,23-09-2025 01:52,12.78,19.17,Evening Peak,High,27.57,Fog,2,287,0.2523,7.84,Traffic,27.01,11.18,22.13
T3837,A10,10-09-2025 00:32,28.97,43.45,Morning Peak,High,45.43,Rain,1,444,0.3286,13.14,Weather,56.59,28.08,38.83
T3838,A23,26-09-2025 22:04,16.32,24.48,Night,Low,51.54,Clear,0,801,0.0714,1.24,No Delay,25.72,1.89,30.64
T3839,A3,18-09-2025 13:42,23.09,34.64,Afternoon,Low,17,Fog,2,298,0.3192,8.37,Weather,43.01,30.41,15.38
T3840,A6,05-09-2025 07:36,13.14,19.71,Morning Peak,High,35.72,Clear,0,915,0.1985,9.73,Traffic,29.44,1.87,32.31
T3841,A5,03-09-2025 05:35,22.07,33.1,Evening Peak,High,24.99,Fog,2,160,0.3409,15.39,Traffic,48.49,19.96,34.81
T3842,A37,05-09-2025 07:46,9.86,14.79,Morning Peak,High,29.96,Clear,0,1056,0.0045,5.03,Traffic,19.82,13.91,9.18
T3843,A12,26-09-2025 09:41,16.11,24.16,Night,Low,41.47,Clear,0,959,0.0774,0.52,Weather,24.68,14.54,16.91
T3844,A22,22-09-2025 00:39,20.89,31.34,Night,Low,33.16,Clear,0,915,0,-0.93,No Delay,30.41,23.96,12.39
T3845,A29,11-09-2025 15:40,9.81,14.72,Morning Peak,Medium,45.54,Clear,0,908,0,0.8,Weather,15.52,10.32,12.02
T3846,A39,19-09-2025 02:42,2.25,3.38,Afternoon,High,17.45,Rain,1,545,1.0607,2.14,Incident,5.52,1.96,10.88
T3847,A2,10-09-2025 14:23,17,25.5,Night,Medium,14.06,Storm,3,268,0.3302,9.5,Weather,35,15.82,28.51
T3848,A27,27-09-2025 02:25,14.48,21.72,Morning Peak,High,17.28,Fog,2,223,0.3778,10.68,Traffic,32.4,24.26,12.72
T3849,A50,14-09-2025 20:22,10.93,16.39,Afternoon,High,9.34,Clear,0,986,0.5145,9.96,Incident,26.35,9.61,17.63
T3850,A4,11-09-2025 05:18,5.18,7.77,Afternoon,High,41.47,Fog,2,353,0.6713,2.63,Weather,10.4,8.63,8.65
T3851,A37,04-09-2025 10:04,23.53,35.3,Morning Peak,High,29.09,Clear,0,905,0.2922,13.46,Traffic,48.76,0.24,51.46
T3852,A33,14-09-2025 09:02,8.65,12.97,Night,Low,44.25,Clear,0,908,0.1542,0.38,No Delay,13.35,0.53,15.22
T3853,A4,19-09-2025 00:44,4.9,7.35,Morning Peak,Medium,17.28,Clear,0,1026,0.2656,2.53,Traffic,9.88,3.32,15.49
T3854,A31,10-09-2025 03:15,6.85,10.27,Night,Medium,37.44,Fog,2,314,0.3481,1.77,Weather,12.04,9.08,6.67
T3855,A38,17-09-2025 11:35,2.41,3.62,Morning Peak,Low,33.34,Storm,3,169,0.4776,0.99,Weather,4.61,2.22,4.52
T3856,A47,28-09-2025 11:20,14.74,22.11,Evening Peak,Medium,23.36,Clear,0,995,0,6.11,Traffic,28.22,11.38,19.38
T3857,A26,19-09-2025 15:07,12.88,19.32,Afternoon,Low,31.99,Storm,3,228,0.5214,2.85,No Delay,22.17,13.72,13.58
T3858,A29,12-09-2025 23:01,14.88,22.32,Morning Peak,High,20.37,Rain,1,625,1.1021,13,Incident,35.32,4.71,35.21
T3859,A9,27-09-2025 21:20,15.72,23.58,Afternoon,Medium,33.76,Storm,3,151,0.214,10.33,Weather,33.91,0.12,38.35
T3860,A49,06-09-2025 11:44,26.27,39.4,Afternoon,Low,41.47,Clear,0,897,0,-1.43,No Delay,37.97,31.46,9.19
T3861,A47,30-09-2025 18:00,18.64,27.96,Morning Peak,Medium,24.65,Clear,0,832,0.3725,5.62,Traffic,33.58,13.96,28.72
T3862,A14,02-09-2025 14:15,3.48,5.22,Morning Peak,High,21.44,Clear,0,868,0.1475,2.2,Traffic,7.42,3.84,8.95
T3863,A31,25-09-2025 04:21,10.63,15.95,Evening Peak,Medium,21.33,Clear,0,936,0.3212,6.07,Traffic,22.02,16.25,9.65
T3864,A25,25-09-2025 15:17,7.73,11.6,Afternoon,Low,37.37,Fog,2,148,0.4535,2.08,Weather,13.68,12.18,4.65
T3865,A39,22-09-2025 08:11,11.39,17.09,Evening Peak,Low,24.71,Storm,3,191,0.3073,5.27,Weather,22.36,17.33,12.6
T3866,A2,26-09-2025 23:46,13.83,20.75,Afternoon,Low,51,Clear,0,1053,0.0159,-0.57,No Delay,20.18,4.64,20.35
T3867,A21,16-09-2025 12:22,18.65,27.97,Evening Peak,High,27.78,Rain,1,487,1.0745,7.85,Incident,35.82,6.85,31.91
T3868,A47,01-09-2025 23:23,5.78,8.67,Evening Peak,Medium,20.45,Rain,1,421,1.1835,3.77,Incident,12.44,3.3,13.81
T3869,A45,27-09-2025 07:14,6.31,9.46,Evening Peak,Low,14.33,Storm,3,187,0.6569,3.9,Weather,13.36,3.99,12.94
T3870,A32,06-09-2025 21:19,21.4,32.1,Morning Peak,Medium,28.7,Rain,1,426,0.5707,8.96,Weather,41.06,28.83,17.5
T3871,A30,10-09-2025 23:45,5.09,7.63,Afternoon,High,23.42,Rain,1,657,0.1528,2.08,Incident,9.71,4,11.68
T3872,A19,10-09-2025 16:25,15.11,22.66,Night,Low,41.1,Clear,0,877,0.0012,0.7,No Delay,23.36,12,15.67
T3873,A32,06-09-2025 07:44,21.99,32.98,Afternoon,High,11.99,Fog,2,357,0.799,20.38,Traffic,53.36,14.85,41.76
T3874,A22,01-09-2025 04:57,15.69,23.54,Morning Peak,High,39.7,Clear,0,992,0.292,6.49,Traffic,30.03,3.66,34.78
T3875,A50,16-09-2025 05:05,4.26,6.39,Afternoon,Low,34.94,Rain,1,733,0.4366,1.13,Weather,7.52,3.27,7.9
T3876,A4,08-09-2025 21:27,27.97,41.95,Morning Peak,Low,35.09,Fog,2,237,0.1171,6.69,Weather,48.64,26.38,28.73
T3877,A38,01-09-2025 03:13,6.78,10.17,Evening Peak,High,23.78,Clear,0,848,0,3.85,Traffic,14.02,10.1,8.16
T3878,A5,25-09-2025 18:09,26.13,39.2,Afternoon,Medium,34.11,Rain,1,445,0.2984,12.79,Traffic,51.99,14.94,36.92
T3879,A31,28-09-2025 00:57,11.03,16.54,Night,High,21.07,Storm,3,204,0.7875,5.62,Incident,22.16,17.71,7.43
T3880,A3,03-09-2025 09:49,17.6,26.4,Afternoon,Low,29.05,Fog,2,169,0.2824,9.64,Weather,36.04,13.47,30.31
T3881,A36,05-09-2025 05:03,9.72,14.58,Evening Peak,High,29.41,Clear,0,938,0.2104,4.33,Traffic,18.91,2.32,18.76
T3882,A32,26-09-2025 08:32,17.23,25.85,Night,Low,42.33,Clear,0,875,0.095,0.24,No Delay,26.09,2.54,29.08
T3883,A40,16-09-2025 00:07,22.2,33.3,Morning Peak,Medium,23.62,Fog,2,161,0.3205,14.93,Weather,48.23,11.37,43.34
T3884,A41,30-09-2025 04:47,29.61,44.41,Evening Peak,Low,51.28,Clear,0,913,0.0797,-1.25,No Delay,43.16,34.07,15.74
T3885,A36,28-09-2025 06:19,10.57,15.85,Night,Low,24.91,Storm,3,237,0.3829,6.62,Weather,22.47,9.67,15.63
T3886,A4,01-09-2025 12:01,29.89,44.84,Morning Peak,Low,39.79,Fog,2,317,0.5082,7.26,Weather,52.1,33.27,27.58
T3887,A49,27-09-2025 21:49,9.84,14.76,Morning Peak,Low,34.91,Fog,2,264,0.1283,1.76,Weather,16.52,6.74,14.65
T3888,A24,21-09-2025 20:59,16.67,25.01,Evening Peak,Low,43.04,Storm,3,233,0.4835,10.7,Weather,35.71,13.69,26.98
T3889,A5,26-09-2025 06:35,24.44,36.66,Night,Medium,45.85,Clear,0,874,0.0857,-0.41,No Delay,36.25,28.53,13.14
T3890,A11,20-09-2025 07:48,9.94,14.91,Morning Peak,Medium,9.41,Rain,1,513,1.1101,7.21,Incident,22.12,0.96,26.13
T3891,A46,11-09-2025 23:13,17.68,26.52,Night,High,12.33,Rain,1,666,0.4044,13.04,Incident,39.56,24.6,16.36
T3892,A50,19-09-2025 00:16,10.91,16.36,Evening Peak,High,32.59,Rain,1,685,0.072,3.64,Incident,20,8.96,16.18
T3893,A31,08-09-2025 13:05,2.85,4.28,Evening Peak,High,36.96,Storm,3,160,0.4307,0.72,Weather,5,3.06,5.58
T3894,A19,29-09-2025 02:06,15.24,22.86,Afternoon,Low,40.28,Storm,3,153,0.104,6.64,Weather,29.5,13.03,25.04
T3895,A26,26-09-2025 19:29,5.45,8.18,Afternoon,Medium,30.93,Storm,3,196,0.1618,0.98,Weather,9.16,5.04,9.53
T3896,A15,16-09-2025 20:48,15.82,23.73,Morning Peak,Low,45.38,Clear,0,1052,0,0.17,No Delay,23.9,6.74,23.29
T3897,A47,02-09-2025 06:09,12.61,18.91,Morning Peak,High,34.4,Rain,1,519,0.0219,8.8,Traffic,27.71,0.19,27.07
T3898,A44,10-09-2025 00:33,26.57,39.86,Evening Peak,High,33.91,Clear,0,876,0.1741,19.41,Traffic,59.27,8.01,54.48
T3899,A21,20-09-2025 15:42,18.43,27.64,Morning Peak,High,13.25,Storm,3,100,0.7844,11.93,Incident,39.57,15.38,29.81
T3900,A17,10-09-2025 01:36,15.89,23.84,Morning Peak,High,17.84,Clear,0,976,0.9424,10.8,Incident,34.64,5.03,30.15
T3901,A40,08-09-2025 08:14,29.87,44.8,Evening Peak,High,21.48,Rain,1,439,1.0303,27.55,Incident,72.35,19.73,56.74
T3902,A10,04-09-2025 12:20,28.2,42.3,Evening Peak,High,18.21,Rain,1,693,0.4457,11.49,Traffic,53.79,30.32,26.84
T3903,A36,01-09-2025 09:08,28.79,43.19,Morning Peak,High,26.29,Storm,3,237,0.5944,14.59,Weather,57.78,36.98,22.42
T3904,A20,05-09-2025 12:35,4.65,6.98,Afternoon,High,25.27,Clear,0,983,1.3652,2.4,Incident,9.38,5.56,7.4
T3905,A41,21-09-2025 06:35,22.36,33.54,Night,Low,37.53,Storm,3,224,0.0638,4.03,Weather,37.57,33.26,7.99
T3906,A47,12-09-2025 15:44,14.29,21.43,Night,Low,51.49,Clear,0,1004,0,-0.25,No Delay,21.18,5.89,22.53
T3907,A37,27-09-2025 01:18,6.51,9.77,Night,High,16.03,Fog,2,203,1.1422,5.81,Incident,15.58,2.51,18.7
T3908,A41,21-09-2025 19:11,7.97,11.95,Evening Peak,High,24.98,Rain,1,515,0.1525,4.78,Traffic,16.73,0.97,20.95
T3909,A19,30-09-2025 01:43,11.45,17.18,Afternoon,Medium,43.44,Clear,0,840,0,0.94,No Delay,18.12,12.63,12.65
T3910,A8,24-09-2025 09:22,19.72,29.58,Evening Peak,High,5,Fog,2,199,1.2189,19.18,Incident,48.76,24.94,31.53
T3911,A11,02-09-2025 22:24,13.57,20.36,Morning Peak,High,38.29,Clear,0,1049,0.1501,8.71,Traffic,29.07,12.45,19.62
T3912,A16,07-09-2025 18:57,26.02,39.03,Evening Peak,High,30.81,Clear,0,832,0.4182,15.77,Traffic,54.8,40.2,19.91
T3913,A29,01-09-2025 21:00,23.64,35.46,Evening Peak,High,12.15,Fog,2,179,1.1642,16.37,Incident,51.83,44.72,13.37
T3914,A46,03-09-2025 00:49,9.19,13.78,Morning Peak,Medium,41.37,Fog,2,294,0.5128,1.75,Weather,15.53,13.5,10.02
T3915,A6,03-09-2025 03:21,4.82,7.23,Evening Peak,High,27.13,Storm,3,201,0.6812,2.75,Incident,9.98,3.04,10.69
T3916,A11,07-09-2025 02:23,7.84,11.76,Night,Low,32.15,Clear,0,1004,0.1292,0.25,No Delay,12.01,1.46,13.71
T3917,A31,09-09-2025 08:44,23.03,34.55,Afternoon,High,11.89,Rain,1,682,1.1285,18.08,Incident,52.63,15.93,40.72
T3918,A9,10-09-2025 08:16,18.39,27.59,Afternoon,Low,33.23,Storm,3,196,0.5483,3.73,Weather,31.32,8.57,31.16
T3919,A32,23-09-2025 21:12,6.67,10.01,Night,Low,36.04,Clear,0,979,0.0454,0.13,No Delay,10.14,6.71,8.66
T3920,A21,05-09-2025 13:04,3.31,4.96,Afternoon,Medium,38.58,Storm,3,212,0.2232,1.55,Weather,6.51,1.49,6.81
T3921,A18,10-09-2025 12:16,29.32,43.98,Evening Peak,Medium,34.76,Rain,1,677,0.1273,10.74,Traffic,54.72,19.02,39.73
T3922,A31,09-09-2025 04:53,15.29,22.93,Morning Peak,High,23.64,Rain,1,533,1.1481,12.4,Incident,35.33,18.86,19.62
T3923,A1,03-09-2025 03:33,28.92,43.38,Morning Peak,Low,41.8,Storm,3,134,0.3212,12.84,Weather,56.22,48.45,13.96
T3924,A5,18-09-2025 03:31,3.68,5.52,Evening Peak,High,26.01,Storm,3,223,0.572,2.47,Incident,7.99,4.14,10.69
T3925,A39,30-09-2025 12:22,24.82,37.23,Morning Peak,Low,46.07,Clear,0,914,0.1661,2.07,No Delay,39.3,27.96,16.43
T3926,A14,13-09-2025 09:21,16.86,25.29,Afternoon,Medium,52.06,Clear,0,778,0,-0.99,No Delay,24.3,6.31,22.74
T3927,A6,08-09-2025 20:51,14.71,22.07,Morning Peak,High,12.65,Clear,0,888,1.3189,11.11,Incident,33.18,2.91,34.57
T3928,A19,09-09-2025 03:36,24.57,36.85,Evening Peak,High,21.11,Clear,0,1062,0.0993,15.83,Traffic,52.68,43.41,14
T3929,A8,25-09-2025 07:43,29.87,44.8,Evening Peak,Medium,26.25,Rain,1,586,1.3268,20.75,Incident,65.55,30.13,40.63
T3930,A34,02-09-2025 12:42,10.11,15.16,Night,Low,50.44,Clear,0,1052,0.1325,0.54,No Delay,15.7,4.7,17.41
T3931,A37,01-09-2025 11:14,6.73,10.1,Evening Peak,Medium,40.51,Fog,2,292,0.368,1.59,Weather,11.69,3.09,14.52
T3932,A49,22-09-2025 10:32,3.03,4.54,Evening Peak,High,17.59,Storm,3,229,0.5317,0.74,Weather,5.28,4.45,3.34
T3933,A36,19-09-2025 13:17,29.64,44.46,Afternoon,High,19.81,Rain,1,457,0.76,20.5,Incident,64.96,31.37,36.83
T3934,A41,06-09-2025 13:16,16.34,24.51,Evening Peak,Medium,40.85,Fog,2,407,0.197,9.27,Weather,33.78,20.49,16.22
T3935,A1,20-09-2025 06:36,19.31,28.96,Morning Peak,High,43.98,Rain,1,606,0.3634,13.61,Traffic,42.57,27.16,21.47
T3936,A13,06-09-2025 22:35,14.08,21.12,Afternoon,High,16.68,Rain,1,656,0.5834,12.48,Incident,33.6,19.79,19.83
T3937,A21,04-09-2025 16:13,12.73,19.1,Afternoon,Low,42.55,Clear,0,956,0.0929,-0.1,No Delay,19,14.81,7.72
T3938,A25,11-09-2025 20:53,15.58,23.37,Night,Low,49.16,Clear,0,823,0.105,0.95,No Delay,24.32,0.84,28.37
T3939,A49,18-09-2025 06:52,18.17,27.26,Evening Peak,Medium,23.89,Clear,0,874,0.2087,7.18,Traffic,34.44,10.77,29.31
T3940,A18,04-09-2025 20:30,5.74,8.61,Morning Peak,High,29.32,Clear,0,909,0.0659,3.47,Traffic,12.08,2.85,14.78
T3941,A30,21-09-2025 17:43,24.56,36.84,Night,Low,56.07,Clear,0,848,0.045,-0.05,No Delay,36.79,10.61,34.4
T3942,A22,21-09-2025 04:02,10.02,15.03,Night,Low,57.06,Clear,0,822,0.0881,0.02,No Delay,15.05,5.85,16.17
T3943,A25,28-09-2025 13:06,18.33,27.49,Afternoon,High,13.06,Clear,0,898,0.6618,16.34,Incident,43.83,16.4,28.91
T3944,A18,03-09-2025 13:18,12.8,19.2,Night,Medium,55.6,Clear,0,814,0,-0.68,No Delay,18.52,16.21,7.18
T3945,A42,15-09-2025 22:05,12.05,18.08,Afternoon,Medium,26.21,Storm,3,214,0.3624,7,Weather,25.08,11.18,17.08
T3946,A6,25-09-2025 09:32,11.69,17.54,Night,Low,51.78,Clear,0,913,0.1584,0,No Delay,17.54,8.08,14.82
T3947,A43,19-09-2025 18:16,20.31,30.46,Night,Low,40.1,Clear,0,871,0.1436,-0.45,No Delay,30.01,7.57,26.58
T3948,A28,02-09-2025 22:36,5.55,8.32,Evening Peak,Medium,29.78,Clear,0,928,0,3.06,Traffic,11.38,8.94,7.54
T3949,A12,28-09-2025 06:38,16.63,24.94,Afternoon,Low,56.67,Clear,0,950,0,-0.18,No Delay,24.76,8.75,22.48
T3950,A37,05-09-2025 10:01,2.39,3.59,Night,High,32.58,Storm,3,213,0.58,0.68,Weather,4.27,3.62,3.98
T3951,A29,06-09-2025 06:30,24.15,36.23,Morning Peak,High,11.01,Clear,0,932,1.0848,19.12,Incident,55.35,20.85,36.92
T3952,A20,23-09-2025 22:14,21.22,31.83,Morning Peak,High,9.18,Rain,1,604,0.7605,15.25,Incident,47.08,3.9,51.01
T3953,A5,21-09-2025 19:59,5.53,8.29,Morning Peak,High,31.17,Rain,1,479,0.1551,1.74,Traffic,10.03,1.28,15.51
T3954,A50,11-09-2025 19:17,20.63,30.94,Morning Peak,Medium,24.91,Fog,2,230,0.2605,13.24,Weather,44.18,13.45,39.66
T3955,A25,09-09-2025 20:59,22.57,33.86,Night,Low,43.2,Clear,0,822,0.0883,-0.97,No Delay,32.89,9.26,27.92
T3956,A41,01-09-2025 14:15,10.06,15.09,Afternoon,High,21.65,Fog,2,307,0.4818,8.31,Incident,23.4,15.38,13.36
T3957,A4,26-09-2025 18:50,21.02,31.53,Evening Peak,Medium,17.74,Clear,0,856,0.6907,10,Incident,41.53,33.24,13.71
T3958,A19,21-09-2025 17:19,28.85,43.28,Evening Peak,Low,40.39,Storm,3,121,0.2862,17.91,Weather,61.19,16.37,51.22
T3959,A27,08-09-2025 09:22,20.96,31.44,Evening Peak,Medium,26.64,Clear,0,768,0.1848,10.82,Traffic,42.26,25.3,20.13
T3960,A39,20-09-2025 22:14,4.66,6.99,Night,High,20.41,Storm,3,265,0.6848,3.91,Incident,10.9,2.08,12.27
T3961,A16,04-09-2025 17:25,9.25,13.88,Afternoon,High,16.32,Storm,3,260,0.8762,3.96,Incident,17.84,3.98,17.85
T3962,A17,20-09-2025 19:16,13.68,20.52,Night,Medium,40.55,Rain,1,404,0.0875,2.13,Weather,22.65,7.89,17.44
T3963,A14,26-09-2025 18:33,15.86,23.79,Afternoon,High,17.32,Fog,2,184,0.6742,12.87,Traffic,36.66,8.95,33.81
T3964,A42,15-09-2025 01:10,23.11,34.66,Evening Peak,Medium,13.68,Rain,1,530,0.9484,22.32,Incident,56.98,13.11,45.97
T3965,A18,17-09-2025 07:59,17.37,26.05,Morning Peak,Low,31.28,Fog,2,198,0.22,9.03,Weather,35.08,20.95,20.77
T3966,A5,19-09-2025 18:52,27.12,40.68,Afternoon,Medium,35.4,Rain,1,733,0.1357,15.71,Weather,56.39,27.68,30.56
T3967,A38,24-09-2025 06:22,10.41,15.61,Evening Peak,Medium,20.74,Clear,0,781,0.9948,8.52,Incident,24.13,2.24,26.5
T3968,A38,15-09-2025 00:17,26.08,39.12,Evening Peak,Low,34.42,Fog,2,144,0.3737,9.83,Weather,48.95,4.12,51.57
T3969,A49,11-09-2025 23:17,13.16,19.74,Afternoon,Low,39.43,Clear,0,776,0.1129,-0.2,No Delay,19.54,14.13,8.83
T3970,A9,24-09-2025 09:39,23.72,35.58,Evening Peak,High,39.34,Clear,0,814,0.2337,17.13,Traffic,52.71,23.87,33.9
T3971,A9,25-09-2025 09:54,25.45,38.17,Morning Peak,High,26.81,Fog,2,362,0.1099,18.59,Traffic,56.76,33.35,28.5
T3972,A14,17-09-2025 20:36,17.42,26.13,Morning Peak,High,35.27,Clear,0,801,0.2753,9.93,Traffic,36.06,27.61,11.96
T3973,A1,12-09-2025 00:24,20.24,30.36,Evening Peak,High,20.02,Clear,0,798,0.2296,12.6,Traffic,42.96,10.96,33.75
T3974,A1,27-09-2025 20:52,8.44,12.66,Afternoon,High,24.35,Clear,0,814,0.2026,3.79,Traffic,16.45,8.66,14.99
T3975,A50,29-09-2025 19:04,8.85,13.28,Evening Peak,Medium,23.68,Rain,1,752,1.4749,4.32,Incident,17.6,8.02,17.59
T3976,A38,26-09-2025 01:02,25.62,38.43,Night,Low,64.06,Clear,0,834,0,0.33,No Delay,38.76,5.51,44.19
T3977,A34,28-09-2025 10:41,12.09,18.14,Afternoon,Low,43.82,Clear,0,1017,0.1522,-0.3,No Delay,17.84,5.41,20.36
T3978,A2,26-09-2025 03:27,21.65,32.48,Morning Peak,Medium,41.37,Fog,2,152,0.3087,10.5,Weather,42.98,6.58,43.89
T3979,A23,11-09-2025 01:11,22.33,33.49,Afternoon,Medium,5,Clear,0,863,0.8189,17.27,Incident,50.76,6.23,48.73
T3980,A36,15-09-2025 22:15,10.87,16.3,Morning Peak,Medium,21.51,Storm,3,128,0.1401,4.87,Weather,21.17,3.13,21.83
T3981,A21,03-09-2025 04:44,29.76,44.64,Morning Peak,Low,42,Clear,0,964,0.0352,-0.03,No Delay,44.61,7.08,43.97
T3982,A40,10-09-2025 08:14,24.77,37.16,Evening Peak,Medium,18.83,Rain,1,595,0.6153,15.41,Incident,52.57,41.02,18.73
T3983,A48,28-09-2025 10:19,14.75,22.12,Afternoon,Low,25.13,Storm,3,89,0.1844,5.81,Weather,27.93,5.48,24.1
T3984,A34,18-09-2025 21:27,26.04,39.06,Afternoon,Medium,19.91,Storm,3,307,0.8486,22.82,Incident,61.88,45.83,24.68
T3985,A28,03-09-2025 01:37,14.35,21.53,Morning Peak,High,37.89,Clear,0,964,0.3966,4.61,Traffic,26.14,23.03,6.29
T3986,A37,04-09-2025 22:55,7.78,11.67,Afternoon,Medium,27.39,Fog,2,245,0.3828,3.78,Weather,15.45,12.49,5.56
T3987,A13,09-09-2025 06:31,6.32,9.48,Morning Peak,High,36.39,Clear,0,844,0.3229,2.62,Traffic,12.1,6.39,12.85
T3988,A32,12-09-2025 06:09,11.98,17.97,Evening Peak,High,28.22,Rain,1,705,0.2793,6.92,Traffic,24.89,14.96,11.29
T3989,A42,17-09-2025 12:02,24.95,37.43,Morning Peak,High,26.93,Clear,0,1081,0.2704,17.29,Traffic,54.72,31.27,29.35
T3990,A40,01-09-2025 23:21,17.57,26.36,Night,Medium,39.84,Clear,0,952,0.2113,0.66,No Delay,27.02,19.62,10.14
T3991,A23,07-09-2025 00:15,7.94,11.91,Night,Low,47.84,Clear,0,806,0.0487,-0.11,No Delay,11.8,2.72,11.02
T3992,A44,04-09-2025 03:30,19.59,29.39,Afternoon,Medium,31.67,Fog,2,359,0.2475,4.89,Weather,34.28,9.54,28.58
T3993,A42,26-09-2025 18:30,10.62,15.93,Afternoon,High,15.01,Clear,0,862,1.0964,6.77,Incident,22.7,8.68,16.05
T3994,A12,20-09-2025 15:37,6.58,9.87,Afternoon,Low,48.55,Clear,0,974,0.1267,0.15,Weather,10.02,8.13,5.41
T3995,A36,19-09-2025 06:20,11.11,16.66,Morning Peak,Low,36.96,Rain,1,638,0.3307,3.54,Weather,20.2,3.38,24.68
T3996,A30,13-09-2025 21:09,24.29,36.43,Night,Low,30.23,Storm,3,151,0.4465,8.63,Weather,45.06,36.08,14.52
T3997,A46,16-09-2025 20:22,12.61,18.91,Evening Peak,Medium,38.35,Clear,0,858,0.2305,6.39,Traffic,25.3,16.96,13.94
T3998,A22,12-09-2025 17:10,5.75,8.62,Night,Medium,48.13,Storm,3,96,0.5329,2.55,Weather,11.17,6.85,9.57
T3999,A16,27-09-2025 13:57,9.84,14.76,Evening Peak,High,20.05,Clear,0,837,1.0286,5.23,Incident,19.99,3.11,22.18
T4000,A47,14-09-2025 12:17,21.74,32.61,Afternoon,Low,48.76,Clear,0,993,0,-1.21,No Delay,31.4,21.96,11.32
T4001,A36,27-09-2025 23:47,7.15,10.73,Evening Peak,High,24.98,Clear,0,1006,0.3911,4.08,Traffic,14.81,9.31,13.56
T4002,A50,15-09-2025 01:53,20.88,31.32,Morning Peak,Low,33.15,Storm,3,186,0.3741,11.23,Weather,42.55,29.19,19.32
T4003,A24,06-09-2025 00:00,23.85,35.78,Morning Peak,Medium,28.81,Clear,0,945,0.273,12.8,Traffic,48.58,4.03,43.22
T4004,A48,15-09-2025 18:21,10.44,15.66,Afternoon,Low,31.69,Clear,0,1025,0,-0.44,No Delay,15.22,7.87,10.87
T4005,A4,28-09-2025 18:03,20.43,30.65,Night,Low,44.47,Clear,0,1001,0.0641,-1.17,No Delay,29.48,24.61,11.17
T4006,A30,06-09-2025 15:11,21.4,32.1,Night,Medium,41.39,Storm,3,85,0.1484,6.64,Weather,38.74,6.28,31.53
T4007,A13,23-09-2025 01:17,26.81,40.22,Night,Low,30.69,Clear,0,880,0,0.02,No Delay,40.24,34.75,11.19
T4008,A21,02-09-2025 04:25,21.24,31.86,Night,Medium,24.54,Fog,2,230,0.0116,9.28,Weather,41.14,27.39,19.65
T4009,A11,30-09-2025 12:52,24.57,36.85,Morning Peak,Medium,31.04,Storm,3,167,0.3891,11.45,No Delay,48.3,4.2,53.84
T4010,A11,03-09-2025 06:02,27.01,40.52,Night,High,27.23,Rain,1,478,0.3267,8.6,Traffic,49.12,36,20.03
T4011,A40,17-09-2025 07:31,12.28,18.42,Night,Medium,33.81,Storm,3,98,0.3136,4.78,Weather,23.2,3.39,21.62
T4012,A3,10-09-2025 02:31,6.25,9.38,Night,Low,48.13,Clear,0,837,0.0364,-0.04,No Delay,9.34,2.51,13.12
T4013,A35,04-09-2025 01:28,13.66,20.49,Morning Peak,High,9.97,Rain,1,393,0.4903,6.93,Incident,27.42,8.42,23.7
T4014,A29,06-09-2025 23:30,18.56,27.84,Evening Peak,Low,34.41,Fog,2,209,0.2165,7.41,Weather,35.25,23.33,17.75
T4015,A1,06-09-2025 09:32,26.83,40.24,Morning Peak,High,25.57,Fog,2,283,0.0848,6.8,Weather,47.04,1.57,53.17
T4016,A17,07-09-2025 02:55,17.05,25.58,Afternoon,Low,35.19,Fog,2,196,0.2433,9.32,Weather,34.9,6.05,30.6
T4017,A46,04-09-2025 05:23,29.61,44.41,Night,Low,39,Clear,0,1033,0.2097,2.11,No Delay,46.52,20.68,30.98
T4018,A13,13-09-2025 12:52,23.39,35.09,Evening Peak,Medium,8.75,Clear,0,946,0.7232,20.74,Incident,55.83,5.01,53.34
T4019,A7,16-09-2025 13:13,19.81,29.71,Afternoon,Low,40.1,Clear,0,979,0.1621,0.78,No Delay,30.49,4.19,31.57
T4020,A27,06-09-2025 18:03,9.46,14.19,Afternoon,Medium,11.42,Storm,3,259,0.9728,7.98,Incident,22.17,6.74,19.26
T4021,A41,12-09-2025 00:22,9.91,14.87,Evening Peak,High,29.44,Clear,0,937,0.1932,3.65,Traffic,18.52,13.73,8.65
T4022,A17,22-09-2025 06:48,29.63,44.45,Afternoon,Low,36.37,Storm,3,174,0.4969,19.11,Weather,63.56,44.65,23.66
T4023,A48,18-09-2025 02:15,12.08,18.12,Morning Peak,High,23.39,Clear,0,862,0.0053,8.69,Traffic,26.81,12.36,17.89
T4024,A35,29-09-2025 00:51,20.79,31.18,Night,Medium,42.45,Rain,1,620,0.12,10.9,Weather,42.08,32.86,14.18
T4025,A4,17-09-2025 21:35,20.82,31.23,Night,Low,45.29,Clear,0,879,0,1.87,No Delay,33.1,1.62,32.94
T4026,A22,30-09-2025 15:21,9.16,13.74,Morning Peak,Low,48.17,Clear,0,904,0.0961,0.43,No Delay,14.17,6.28,13.41
T4027,A12,11-09-2025 17:49,26.83,40.24,Afternoon,High,19.53,Fog,2,336,0.6375,25.53,Incident,65.77,19.16,46.39
T4028,A1,16-09-2025 02:15,8.34,12.51,Evening Peak,High,18.28,Rain,1,526,0.5809,6.62,Incident,19.13,12.05,11.08
T4029,A14,01-09-2025 14:46,22.85,34.28,Evening Peak,High,32.26,Clear,0,895,0.2471,16.25,Traffic,50.53,21.44,31.02
T4030,A49,11-09-2025 19:34,2.95,4.43,Afternoon,Low,40.91,Clear,0,830,0,0.04,No Delay,4.47,3.21,4.44
T4031,A16,30-09-2025 18:08,24.88,37.32,Night,Medium,57.3,Fog,2,331,0.2901,16.18,Weather,53.5,45.96,13.48
T4032,A50,08-09-2025 21:16,7.01,10.51,Evening Peak,High,34.11,Clear,0,863,0.4261,4.68,Traffic,15.19,7.55,13.21
T4033,A4,08-09-2025 00:35,10.38,15.57,Evening Peak,High,8.61,Clear,0,870,0.7209,8.73,Incident,24.3,14.59,11.76
T4034,A18,05-09-2025 00:59,23.13,34.69,Afternoon,Medium,38.18,Clear,0,804,0.1412,1.59,No Delay,36.28,6,33.39
T4035,A46,11-09-2025 09:49,17.85,26.78,Evening Peak,Medium,32.33,Storm,3,223,0.0763,4.35,Weather,31.13,23.68,12.79
T4036,A31,16-09-2025 19:47,25.76,38.64,Evening Peak,High,30.94,Rain,1,431,0.1213,9.56,Traffic,48.2,26.93,26.55
T4037,A11,14-09-2025 07:43,10.76,16.14,Morning Peak,Medium,30.54,Rain,1,645,0.045,6.82,Traffic,22.96,0.93,28.74
T4038,A1,23-09-2025 14:01,24.6,36.9,Night,Low,49.73,Clear,0,805,0.0589,2.14,No Delay,39.04,8.63,32.98
T4039,A35,27-09-2025 18:04,16.57,24.86,Morning Peak,Medium,36.7,Rain,1,502,0.3883,10.6,Weather,35.46,22.6,18.69
T4040,A15,13-09-2025 16:43,9.41,14.12,Afternoon,Low,40.97,Clear,0,857,0.0655,0,No Delay,14.12,5.48,10.44
T4041,A49,15-09-2025 10:39,28.31,42.46,Evening Peak,Low,43.86,Rain,1,716,0.3855,6.75,Weather,49.21,29.29,22.95
T4042,A7,28-09-2025 04:02,9.04,13.56,Night,Low,48.85,Clear,0,1010,0.0124,0.59,No Delay,14.15,9.26,12.11
T4043,A6,16-09-2025 20:35,5.57,8.36,Night,Low,48.89,Clear,0,996,0.0332,0.46,No Delay,8.82,3.58,10.57
T4044,A27,17-09-2025 08:38,7.51,11.27,Morning Peak,Medium,31.55,Storm,3,254,0.169,1.18,Weather,12.45,3.07,16.74
T4045,A34,23-09-2025 01:21,24.13,36.2,Night,Low,41.23,Clear,0,807,0.1072,-0.79,No Delay,35.41,26.39,15.74
T4046,A29,19-09-2025 23:10,12.54,18.81,Afternoon,Low,37.01,Clear,0,901,0.037,0.27,No Delay,19.08,8.13,17.46
T4047,A1,08-09-2025 03:11,19.48,29.22,Night,Low,35.7,Clear,0,993,0.0915,0.58,No Delay,29.8,20.87,11.85
T4048,A48,04-09-2025 21:07,18.38,27.57,Afternoon,High,5,Clear,0,824,0.6801,14.88,Incident,42.45,24.49,22.01
T4049,A36,12-09-2025 21:00,20.24,30.36,Morning Peak,Medium,24.67,Clear,0,865,0.0838,12.41,Traffic,42.77,23.35,23.19
T4050,A40,01-09-2025 19:51,18.15,27.22,Morning Peak,High,24.2,Rain,1,724,0.8842,9.21,Incident,36.43,2.21,40.54
T4051,A20,06-09-2025 17:42,14.12,21.18,Evening Peak,Medium,27.3,Clear,0,904,0.3577,8.53,Traffic,29.71,23.84,8.69
T4052,A3,12-09-2025 05:20,12.45,18.67,Morning Peak,High,38.18,Storm,3,161,0.2119,7.58,Weather,26.25,12.08,21.89
T4053,A32,30-09-2025 10:17,9.28,13.92,Afternoon,Low,43.79,Clear,0,909,0.1901,0.58,No Delay,14.5,6.47,12.2
T4054,A20,25-09-2025 16:41,7.45,11.18,Afternoon,Low,39.78,Clear,0,1010,0.1851,-0.41,No Delay,10.77,9.11,4.97
T4055,A26,01-09-2025 07:36,23.3,34.95,Evening Peak,Low,48.21,Clear,0,905,0.0687,1.41,No Delay,36.36,4.33,34.26
T4056,A38,27-09-2025 16:48,5.32,7.98,Morning Peak,Low,43.65,Clear,0,947,0,-0.29,Weather,7.69,0.95,9.88
T4057,A30,13-09-2025 13:32,17.02,25.53,Morning Peak,High,25.16,Clear,0,878,0.3588,9.75,Traffic,35.28,5.86,38.2
T4058,A43,19-09-2025 03:59,12.89,19.34,Morning Peak,High,16.88,Rain,1,710,1.1371,11.37,Incident,30.71,1.36,32.86
T4059,A22,25-09-2025 21:44,17.82,26.73,Evening Peak,Medium,38.52,Rain,1,611,0.6024,5.77,Traffic,32.5,16.29,21.53
T4060,A2,21-09-2025 06:51,4.05,6.07,Morning Peak,High,32.75,Fog,2,147,0.4591,1.79,Weather,7.86,2.24,13.11
T4061,A11,20-09-2025 14:19,9.5,14.25,Afternoon,High,11.69,Fog,2,342,1.0978,7.68,Incident,21.93,17.37,7.89
T4062,A25,19-09-2025 04:56,10.54,15.81,Afternoon,Medium,44.03,Clear,0,913,0.087,0.18,No Delay,15.99,0.31,20.96
T4063,A15,25-09-2025 21:27,8.23,12.35,Morning Peak,High,20.66,Fog,2,380,0.0934,2.66,Traffic,15.01,7.42,12.04
T4064,A43,26-09-2025 02:13,24.6,36.9,Afternoon,Low,52.51,Clear,0,882,0.2463,-1.04,No Delay,35.86,27,11.95
T4065,A31,17-09-2025 17:23,12.46,18.69,Morning Peak,High,18.79,Rain,1,515,0.6964,7.56,Incident,26.25,10.74,20.38
T4066,A48,12-09-2025 03:42,12.85,19.27,Afternoon,High,16.21,Rain,1,688,1.1186,8.36,Incident,27.63,12.66,22.86
T4067,A37,29-09-2025 03:06,4.31,6.46,Morning Peak,High,21.11,Rain,1,455,1.1967,3.21,Incident,9.67,1.12,16.56
T4068,A30,12-09-2025 17:53,26.22,39.33,Afternoon,Low,48.05,Clear,0,836,0,-0.78,No Delay,38.55,26.57,19.42
T4069,A5,05-09-2025 04:51,18.68,28.02,Night,Low,51.17,Clear,0,911,0,0.21,No Delay,28.23,1.62,32.44
T4070,A38,11-09-2025 22:04,21.9,32.85,Afternoon,Medium,17.43,Rain,1,584,0.6684,9.4,Incident,42.25,34.5,11.71
T4071,A15,23-09-2025 23:26,17.23,25.85,Night,Low,55.9,Clear,0,910,0.0318,1.06,No Delay,26.91,16.15,14.07
T4072,A29,01-09-2025 06:16,28.88,43.32,Evening Peak,Medium,37.14,Fog,2,241,0.4541,13.32,Weather,56.64,26.04,36.94
T4073,A36,24-09-2025 08:31,8.37,12.55,Afternoon,Low,31.32,Fog,2,241,0.5091,1.68,Weather,14.23,7.17,10.49
T4074,A8,06-09-2025 18:13,13.02,19.53,Evening Peak,High,40.14,Rain,1,542,0.3452,5.73,Traffic,25.26,21.58,10
T4075,A33,28-09-2025 19:07,22.27,33.41,Morning Peak,High,14.65,Fog,2,187,0.4334,21.02,Incident,54.43,23.83,33.7
T4076,A11,04-09-2025 13:50,4.05,6.07,Morning Peak,High,12.68,Rain,1,624,1.3349,3.2,Incident,9.27,6.69,4.72
T4077,A34,12-09-2025 11:31,17.53,26.3,Evening Peak,High,13.85,Clear,0,926,1.2765,11.94,Incident,38.24,29.71,15.83
T4078,A41,07-09-2025 16:04,11,16.5,Night,High,18.66,Fog,2,244,1.1969,6.29,Incident,22.79,8.26,15.87
T4079,A21,08-09-2025 07:25,5.94,8.91,Afternoon,Low,60.5,Clear,0,868,0.0215,0.43,No Delay,9.34,0.11,14.87
T4080,A50,30-09-2025 03:58,11.57,17.36,Morning Peak,High,19.95,Rain,1,437,1.4133,5.43,Incident,22.79,3.12,28.84
T4081,A31,26-09-2025 18:05,16.05,24.07,Night,High,16.39,Clear,0,795,1.1898,9.35,Incident,33.42,14.22,25.27
T4082,A13,20-09-2025 11:47,11.42,17.13,Afternoon,Medium,5,Rain,1,606,0.7417,8.87,Incident,26,17.59,12.9
T4083,A9,12-09-2025 09:01,19.07,28.61,Afternoon,Low,42.43,Clear,0,961,0,1.12,No Delay,29.73,19.12,17.93
T4084,A6,29-09-2025 21:46,20.1,30.15,Evening Peak,High,21.97,Clear,0,819,0.2242,14.9,Traffic,45.05,36.6,15.46
T4085,A29,12-09-2025 18:33,27.28,40.92,Morning Peak,Medium,10.36,Rain,1,542,0.8829,26.6,Incident,67.52,59.07,9.68
T4086,A10,22-09-2025 20:57,13.88,20.82,Evening Peak,High,15.05,Rain,1,757,1.0444,10.45,Incident,31.27,25.21,10.77
T4087,A8,23-09-2025 16:03,17.24,25.86,Night,Low,48.74,Clear,0,857,0.1604,-0.56,No Delay,25.3,19.13,11.31
T4088,A11,15-09-2025 01:54,7.09,10.63,Afternoon,Low,41.71,Fog,2,290,0.3385,3.29,Weather,13.92,11.25,5.17
T4089,A29,25-09-2025 19:33,27.8,41.7,Evening Peak,High,23.71,Fog,2,168,1.1679,19.64,Incident,61.34,47.55,15.72
T4090,A45,08-09-2025 09:27,30,45,Morning Peak,High,27.96,Clear,0,952,0.2791,18.2,Traffic,63.2,42.2,26.69
T4091,A20,28-09-2025 14:26,10.18,15.27,Night,Medium,46.46,Fog,2,261,0.5118,5.03,Weather,20.3,17.09,8.77
T4092,A3,29-09-2025 11:46,23.72,35.58,Night,Low,55.72,Clear,0,762,0.2809,1.52,No Delay,37.1,26.29,15.16
T4093,A12,08-09-2025 01:23,17.7,26.55,Afternoon,Low,38.48,Rain,1,614,0.5155,2.72,Weather,29.27,11.74,22.44
T4094,A1,08-09-2025 02:35,11.37,17.05,Morning Peak,Medium,25.88,Rain,1,438,0.2222,5.25,Traffic,22.3,4.14,24.3
T4095,A40,26-09-2025 23:24,8.94,13.41,Afternoon,High,52.28,Fog,2,358,0.7468,5.3,Weather,18.71,5.19,17.89
T4096,A41,29-09-2025 01:45,19.16,28.74,Night,High,39.13,Fog,2,190,0.1765,6.73,Weather,35.47,13.56,25.05
T4097,A33,28-09-2025 00:07,22.75,34.12,Night,Medium,36.06,Storm,3,129,0.3203,9.81,Weather,43.93,38.68,10.98
T4098,A19,27-09-2025 19:45,21.49,32.23,Evening Peak,High,19.43,Rain,1,526,0.7678,16.18,Incident,48.41,15.97,39.53
T4099,A22,16-09-2025 21:46,23.48,35.22,Evening Peak,High,20.22,Clear,0,932,0.2236,8.53,Traffic,43.75,23.45,24.12
T4100,A50,18-09-2025 11:48,26.38,39.57,Morning Peak,High,29.2,Rain,1,537,0.9058,19.25,Incident,58.82,5.44,59.26
T4101,A50,06-09-2025 18:40,9.14,13.71,Night,Medium,21.2,Fog,2,299,0.3163,4.5,Weather,18.21,8.2,15.82
T4102,A48,15-09-2025 20:33,12.12,18.18,Morning Peak,Low,34.48,Fog,2,237,0.5001,5.35,Weather,23.53,3.4,23.32
T4103,A18,08-09-2025 14:23,9.23,13.85,Night,Low,40.06,Clear,0,942,0.0676,0,No Delay,13.85,9.9,7.18
T4104,A35,18-09-2025 06:33,25.52,38.28,Morning Peak,High,26.73,Rain,1,456,0.2379,18.4,Traffic,56.68,21.44,41.13
T4105,A23,21-09-2025 12:16,5.18,7.77,Night,Low,50.26,Rain,1,423,0.5055,2.39,Weather,10.16,4.86,10.6
T4106,A27,02-09-2025 13:43,26.52,39.78,Evening Peak,Low,37.25,Fog,2,189,0.5023,16.03,Weather,55.81,25.47,33.78
T4107,A39,17-09-2025 15:45,20.86,31.29,Morning Peak,High,32.9,Fog,2,156,0.1248,8.62,Weather,39.91,8.82,35.37
T4108,A50,17-09-2025 19:21,15.65,23.47,Afternoon,High,22.57,Clear,0,1008,0.005,11.13,Traffic,34.6,3.52,38.6
T4109,A22,05-09-2025 13:25,4.65,6.98,Evening Peak,High,22.08,Clear,0,967,0.4597,3.38,Incident,10.36,9.08,7.26
T4110,A8,09-09-2025 01:00,9.28,13.92,Morning Peak,Medium,27.24,Storm,3,194,0.253,5.09,Weather,19.01,13.96,10.16
T4111,A16,11-09-2025 11:54,9.78,14.67,Night,Low,26.93,Rain,1,641,0.3123,5.38,Weather,20.05,15.65,10.9
T4112,A46,25-09-2025 11:21,11.06,16.59,Night,Medium,49.56,Fog,2,165,0.1014,6.27,Weather,22.86,14.03,17.99
T4113,A14,15-09-2025 00:14,29.33,43.99,Night,High,41.39,Fog,2,293,0.2607,17.64,Weather,61.63,9.34,58.91
T4114,A42,14-09-2025 01:59,20.89,31.34,Afternoon,Low,51.29,Clear,0,947,0.0772,1.14,No Delay,32.48,6.08,27.2
T4115,A32,14-09-2025 00:21,16.08,24.12,Night,Low,23.5,Rain,1,563,0.1742,10.56,Weather,34.68,4.91,33.15
T4116,A2,03-09-2025 01:33,5.83,8.74,Evening Peak,High,5,Fog,2,256,0.7607,4.56,Incident,13.3,4.55,17.65
T4117,A28,02-09-2025 08:41,24.34,36.51,Afternoon,Low,37.47,Clear,0,1025,0,2.13,No Delay,38.64,6.02,41.87
T4118,A18,06-09-2025 13:37,10.19,15.28,Afternoon,High,18.19,Rain,1,559,0.8962,7.17,Incident,22.45,5.22,19.47
T4119,A50,06-09-2025 22:48,21.53,32.3,Evening Peak,Low,61.57,Fog,2,173,0.2429,8.05,Weather,40.35,19.59,24.04
T4120,A26,30-09-2025 14:21,17.99,26.98,Night,High,45.95,Rain,1,434,0.3746,5.11,Weather,32.09,0.76,34.34
T4121,A21,05-09-2025 11:50,4.92,7.38,Night,Low,36.12,Storm,3,111,0.2867,1.57,Weather,8.95,5.74,9.04
T4122,A7,10-09-2025 15:52,13.52,20.28,Night,Low,52.73,Clear,0,900,0,-0.33,No Delay,19.95,12.8,11.93
T4123,A44,05-09-2025 19:13,6.86,10.29,Afternoon,High,27.5,Rain,1,571,0.1957,1.95,Traffic,12.24,2.09,16.46
T4124,A24,03-09-2025 11:29,17.48,26.22,Night,Low,46.52,Clear,0,828,0.0664,-0.86,No Delay,25.36,2.79,30.25
T4125,A50,08-09-2025 00:15,15.16,22.74,Afternoon,Low,44.72,Storm,3,176,0.4447,4.45,Weather,27.19,17.79,11.13
T4126,A45,21-09-2025 22:08,24.32,36.48,Evening Peak,High,22.57,Clear,0,953,0.7243,22.42,Incident,58.9,22.31,40.45
T4127,A22,10-09-2025 21:26,12.27,18.4,Morning Peak,High,31.91,Clear,0,1000,0.1367,8.02,Traffic,26.42,11.47,16.83
T4128,A24,30-09-2025 07:09,12.86,19.29,Evening Peak,High,8.58,Fog,2,205,1.1814,8.39,Incident,27.68,8.57,23.34
T4129,A41,10-09-2025 21:25,16.85,25.28,Morning Peak,Medium,25.05,Clear,0,853,0.2943,9.43,Traffic,34.71,1.9,34.21
T4130,A48,05-09-2025 07:27,12.06,18.09,Afternoon,Low,61.12,Clear,0,1016,0,-0.72,No Delay,17.37,14.05,10.35
T4131,A17,12-09-2025 00:14,21.03,31.55,Evening Peak,Medium,30.35,Clear,0,1025,0.1682,7.54,Traffic,39.09,24.48,23.93
T4132,A14,12-09-2025 16:14,15.2,22.8,Night,Low,47.21,Clear,0,884,0,1.02,No Delay,23.82,11.45,19.06
T4133,A2,19-09-2025 20:20,14.06,21.09,Afternoon,Low,43.58,Clear,0,881,0,0.56,No Delay,21.65,1.51,22.69
T4134,A36,14-09-2025 07:23,14.17,21.25,Evening Peak,Low,38.4,Rain,1,720,0.1867,2.89,Weather,24.14,7.12,20.06
T4135,A37,21-09-2025 20:34,8.79,13.18,Morning Peak,High,27.03,Rain,1,719,0.5768,5.74,Incident,18.92,14.77,9.41
T4136,A37,16-09-2025 12:13,8.64,12.96,Night,High,20.28,Storm,3,124,0.6958,7.52,Incident,20.48,1.71,25.9
T4137,A23,03-09-2025 20:07,21.04,31.56,Afternoon,Medium,21.05,Fog,2,293,0.2181,3.54,Weather,35.1,16.43,22.57
T4138,A4,02-09-2025 00:52,15.62,23.43,Afternoon,High,17.37,Clear,0,1049,0.836,10.29,Traffic,33.72,18.31,24.38
T4139,A9,10-09-2025 15:33,25.56,38.34,Evening Peak,High,26.87,Clear,0,939,0.344,7.02,Traffic,45.36,31.11,18.49
T4140,A17,09-09-2025 04:42,11.4,17.1,Morning Peak,Medium,18.51,Rain,1,411,0.0664,7.18,Traffic,24.28,8,19.97
T4141,A29,28-09-2025 22:59,17.15,25.72,Afternoon,Low,55.06,Clear,0,825,0.099,1.32,No Delay,27.04,12.29,18.83
T4142,A6,18-09-2025 13:28,7.07,10.61,Afternoon,High,18.57,Storm,3,214,1.4415,4.64,Incident,15.25,0.32,16.45
T4143,A48,26-09-2025 10:13,18.8,28.2,Night,High,48.38,Fog,2,226,0.1371,11.19,Weather,39.39,0.68,44.29
T4144,A42,02-09-2025 18:32,22.52,33.78,Night,Low,46.37,Clear,0,819,0.0396,0.65,No Delay,34.43,15.72,23.86
T4145,A9,02-09-2025 17:19,7.45,11.18,Night,High,18.33,Rain,1,654,0.6584,5.5,Incident,16.68,8.72,11.24
T4146,A9,24-09-2025 20:29,8.66,12.99,Night,High,40.51,Fog,2,341,0.3522,1.98,Weather,14.97,10.38,8.9
T4147,A45,26-09-2025 22:41,7.05,10.57,Morning Peak,High,27.41,Clear,0,919,0.2035,2.81,Incident,13.38,8.03,9.96
T4148,A23,10-09-2025 21:15,20.37,30.55,Evening Peak,High,25.49,Clear,0,937,1.1058,18,Traffic,48.55,25.02,26.48
T4149,A3,04-09-2025 13:57,10.94,16.41,Evening Peak,Medium,18.77,Fog,2,301,0.729,8.7,Incident,25.11,19.75,8.89
T4150,A48,28-09-2025 23:40,12.41,18.62,Evening Peak,Medium,27.53,Fog,2,235,0.5542,6.5,Weather,25.12,17.02,12.99
T4151,A9,08-09-2025 02:06,22.53,33.8,Night,Medium,53.41,Storm,3,274,0.5401,13.28,Weather,47.08,6.5,40.87
T4152,A48,09-09-2025 09:16,5.81,8.71,Afternoon,Medium,39.56,Storm,3,180,0.2049,3.66,Weather,12.37,0.06,17.35
T4153,A48,26-09-2025 03:40,20.17,30.26,Afternoon,High,28.67,Clear,0,866,0.3785,13.51,Traffic,43.77,26.43,20.62
T4154,A23,22-09-2025 22:16,8.05,12.08,Morning Peak,High,25.11,Clear,0,989,0.1886,3.96,Traffic,16.04,5.19,17.92
T4155,A18,25-09-2025 07:10,13.56,20.34,Afternoon,High,43.05,Rain,1,590,0.2629,7.78,Weather,28.12,19.41,10.24
T4156,A12,29-09-2025 11:30,10.45,15.67,Morning Peak,High,25.8,Rain,1,632,0.2482,3.82,Traffic,19.49,14.46,9.08
T4157,A41,30-09-2025 12:44,12.63,18.95,Morning Peak,Medium,34.03,Clear,0,956,0.0843,9.8,Traffic,28.75,9.72,21.14
T4158,A45,19-09-2025 03:43,13.05,19.58,Night,Low,47.64,Clear,0,740,0.0818,0.79,No Delay,20.37,15.11,8.16
T4159,A24,07-09-2025 19:12,2.24,3.36,Night,Low,35.71,Storm,3,176,0.163,0.8,Weather,4.16,2.25,7.4
T4160,A15,30-09-2025 19:36,3.83,5.75,Night,Low,44.11,Clear,0,1020,0.0511,-0.04,No Delay,5.71,1.65,8.03
T4161,A12,17-09-2025 13:21,19.89,29.84,Morning Peak,Medium,34.71,Fog,2,235,0.1016,8.26,Weather,38.1,6.9,34.65
T4162,A3,02-09-2025 21:30,17.97,26.95,Morning Peak,Medium,22.54,Clear,0,917,0.2387,6.51,Traffic,33.46,9.94,27.15
T4163,A26,10-09-2025 23:34,27.29,40.94,Night,Low,33.6,Clear,0,880,0.015,-0.36,No Delay,40.58,6.37,39.48
T4164,A39,01-09-2025 03:14,28.98,43.47,Night,Low,48.93,Clear,0,970,0.0824,1.81,No Delay,45.28,37.15,13.38
T4165,A43,13-09-2025 17:03,3.28,4.92,Morning Peak,High,34.65,Clear,0,849,0.3536,0.98,Traffic,5.9,0.83,8.85
T4166,A33,11-09-2025 11:25,17.26,25.89,Night,Medium,48.48,Clear,0,1003,0.0257,0.06,Weather,25.95,23.29,9.82
T4167,A5,04-09-2025 19:24,20.55,30.83,Evening Peak,High,23.15,Clear,0,898,0.0078,8.62,Traffic,39.45,23.45,19.55
T4168,A5,13-09-2025 14:49,6.12,9.18,Night,Medium,64.26,Clear,0,1026,0,0.43,No Delay,9.61,1.25,13.99
T4169,A24,05-09-2025 21:37,9.61,14.41,Morning Peak,Medium,49.36,Fog,2,138,0.2019,4.83,Weather,19.24,3.12,20.35
T4170,A16,16-09-2025 01:28,7.76,11.64,Evening Peak,High,11.09,Rain,1,551,1.0577,4.82,Incident,16.46,13.33,5.7
T4171,A11,19-09-2025 08:51,15.82,23.73,Evening Peak,Medium,38.47,Clear,0,828,0.347,5.28,Traffic,29.01,17.4,18.8
T4172,A19,12-09-2025 12:10,13.49,20.23,Evening Peak,Low,46.52,Fog,2,326,0.3894,5.01,Weather,25.24,8.32,19.1
T4173,A41,07-09-2025 09:58,20.9,31.35,Morning Peak,High,25.62,Rain,1,673,0.7915,12.02,Incident,43.37,11.96,32.48
T4174,A34,20-09-2025 10:33,6.58,9.87,Morning Peak,High,21.5,Clear,0,987,0.4006,2.74,Traffic,12.61,8.31,10.51
T4175,A47,14-09-2025 16:35,21.03,31.55,Afternoon,Low,39.69,Fog,2,148,0.1664,12.13,Weather,43.68,14.22,37.31
T4176,A12,29-09-2025 01:46,28.74,43.11,Evening Peak,High,28.93,Rain,1,460,0.2212,14.91,Traffic,58.02,14.58,53.73
T4177,A17,24-09-2025 11:06,8.01,12.01,Evening Peak,High,13.79,Rain,1,700,1.2421,7.45,Incident,19.46,11.34,11.69
T4178,A36,07-09-2025 23:05,28.46,42.69,Evening Peak,Medium,29.04,Fog,2,343,0.1916,6.74,Weather,49.43,43.71,8.98
T4179,A22,27-09-2025 03:19,3.59,5.38,Night,Low,46.38,Clear,0,775,0,0.08,No Delay,5.46,2,6.45
T4180,A31,07-09-2025 05:24,4.14,6.21,Evening Peak,High,26.24,Rain,1,693,0.153,1.67,Traffic,7.88,4.36,7.06
T4181,A15,21-09-2025 17:56,7.46,11.19,Morning Peak,Low,39.72,Fog,2,222,0.5478,4.39,Weather,15.58,3.85,13.04
T4182,A42,12-09-2025 22:08,3.7,5.55,Morning Peak,Low,47.77,Clear,0,841,0.173,0.09,Weather,5.64,2.29,8.49
T4183,A1,28-09-2025 14:19,3.22,4.83,Afternoon,Medium,42.43,Clear,0,867,0.2722,1.58,Traffic,6.41,0.57,12.84
T4184,A35,24-09-2025 21:26,15.78,23.67,Evening Peak,High,24.11,Clear,0,886,0.5659,14.15,Incident,37.82,24.65,18.88
T4185,A16,15-09-2025 11:00,5.45,8.18,Night,Low,41.54,Storm,3,151,0.2416,2.12,Weather,10.3,3.91,13.67
T4186,A33,04-09-2025 21:13,11.41,17.12,Evening Peak,High,33.77,Clear,0,938,0,3.19,Traffic,20.31,11.76,14.37
T4187,A15,20-09-2025 04:48,21.14,31.71,Morning Peak,Medium,22.82,Clear,0,803,0.3631,15.91,Traffic,47.62,8.92,41.21
T4188,A25,27-09-2025 00:41,15.34,23.01,Night,Medium,17.99,Clear,0,944,0.608,4.28,Traffic,27.29,2.71,33.6
T4189,A11,12-09-2025 06:09,28.22,42.33,Evening Peak,Medium,17.34,Clear,0,885,0.2446,16.18,Traffic,58.51,33.39,26.65
T4190,A36,01-09-2025 04:09,20.35,30.53,Morning Peak,Medium,22.53,Clear,0,882,0.1594,7.43,Traffic,37.96,25.81,15.81
T4191,A39,29-09-2025 15:22,21,31.5,Morning Peak,Low,50,Clear,0,903,0.0754,0.06,No Delay,31.56,18.48,21.56
T4192,A4,16-09-2025 01:06,27.08,40.62,Afternoon,High,9.09,Storm,3,103,0.3955,15.39,Incident,56.01,38.26,22.16
T4193,A38,24-09-2025 12:59,19.82,29.73,Morning Peak,Medium,31.25,Storm,3,179,0.1586,9.96,Weather,39.69,34.99,6.55
T4194,A22,13-09-2025 16:31,18.84,28.26,Afternoon,Low,49.72,Clear,0,902,0,-0.87,No Delay,27.39,11.87,22.83
T4195,A9,16-09-2025 20:21,17.56,26.34,Afternoon,Low,38.98,Fog,2,258,0.6448,11.47,Weather,37.81,16.17,28.04
T4196,A36,15-09-2025 14:02,5.18,7.77,Morning Peak,High,29.7,Fog,2,304,0.442,3.82,Traffic,11.59,3,15.3
T4197,A2,25-09-2025 03:20,19.1,28.65,Morning Peak,High,18.66,Clear,0,840,0.7753,15.87,Incident,44.52,16.14,38.93
T4198,A8,23-09-2025 17:58,23.22,34.83,Night,Low,58.7,Clear,0,929,0.0356,0.82,No Delay,35.65,15.59,20.73
T4199,A13,30-09-2025 19:36,3.41,5.12,Night,High,29.31,Clear,0,781,0.4058,2.46,Incident,7.58,3.53,10.68
T4200,A46,01-09-2025 21:09,8.25,12.38,Night,High,14.46,Storm,3,186,0.8123,7.44,Incident,19.82,11.28,15.56
T4201,A36,03-09-2025 08:53,2.06,3.09,Night,Medium,32.4,Rain,1,473,0.1614,0.84,Weather,3.93,3.35,7.35
T4202,A48,13-09-2025 21:50,19.44,29.16,Night,Low,32.83,Storm,3,98,0.3921,7.52,Weather,36.68,31.46,12.48
T4203,A24,12-09-2025 00:14,24.72,37.08,Afternoon,Low,44.17,Fog,2,355,0.3466,15.19,Weather,52.27,15.59,39.57
T4204,A37,01-09-2025 06:05,8.69,13.04,Night,High,18.33,Storm,3,206,0.7902,6.01,Incident,19.05,1.37,21.75
T4205,A16,28-09-2025 15:33,26.6,39.9,Afternoon,High,34.71,Fog,2,219,0.463,17.48,No Delay,57.38,38.48,23.41
T4206,A20,30-09-2025 09:53,9.96,14.94,Night,High,48.56,Storm,3,138,0.2741,6.61,Weather,21.55,0.19,27.02
T4207,A37,17-09-2025 09:24,20.01,30.02,Night,Low,47.54,Clear,0,797,0.0211,-0.65,No Delay,29.37,9.6,26.67
T4208,A12,09-09-2025 12:00,11.69,17.54,Evening Peak,High,24.68,Clear,0,808,0.2748,3.89,Traffic,21.43,10.92,17.93
T4209,A5,04-09-2025 16:51,7.38,11.07,Afternoon,High,22.34,Fog,2,169,1.3213,4.44,Incident,15.51,12.27,9.08
T4210,A33,07-09-2025 05:22,14.93,22.39,Morning Peak,High,17.25,Rain,1,647,1.3671,12.8,Incident,35.19,22.59,13.38
T4211,A17,01-09-2025 00:42,11.71,17.57,Evening Peak,High,8.84,Fog,2,291,0.4225,6.78,Incident,24.35,16.97,12.91
T4212,A35,26-09-2025 15:08,15.94,23.91,Afternoon,High,26.23,Clear,0,968,0.3501,6.41,Traffic,30.32,21.28,15.49
T4213,A2,18-09-2025 15:59,6.12,9.18,Night,Low,35.15,Clear,0,944,0.1139,0.01,No Delay,9.19,7.19,5.83
T4214,A17,23-09-2025 06:38,27.93,41.9,Morning Peak,Medium,19.5,Storm,3,261,0.3714,15.79,Weather,57.69,43.48,21.17
T4215,A44,17-09-2025 22:45,28.38,42.57,Night,Medium,33.01,Rain,1,475,0.2967,13.07,Weather,55.64,28.72,32.8
T4216,A10,17-09-2025 14:13,20.97,31.45,Evening Peak,Medium,22.37,Clear,0,886,0.3262,10.71,Incident,42.16,32.22,16.21
T4217,A28,05-09-2025 07:51,11.7,17.55,Morning Peak,High,38.26,Fog,2,302,0.4839,1.77,Weather,19.32,17.05,6.72
T4218,A40,27-09-2025 17:04,6.4,9.6,Morning Peak,Medium,27.94,Clear,0,848,0.2901,3.27,Traffic,12.87,6,12.48
T4219,A16,27-09-2025 21:50,21.29,31.93,Night,High,8.31,Clear,0,1038,0.566,15.12,Incident,47.05,31.66,24.97
T4220,A20,26-09-2025 18:04,14.07,21.11,Afternoon,Medium,6.9,Clear,0,911,0.9837,8,Incident,29.11,20.66,13.74
T4221,A2,02-09-2025 15:36,18.66,27.99,Morning Peak,Medium,35.21,Clear,0,869,0.3018,10.71,Traffic,38.7,9.35,32.99
T4222,A25,17-09-2025 01:42,3.19,4.79,Morning Peak,High,37.1,Clear,0,939,0.2946,0.89,Traffic,5.68,2.99,7.35
T4223,A15,03-09-2025 16:57,7.51,11.27,Night,Medium,39.56,Clear,0,886,0.0688,0,No Delay,11.27,1.51,17.46
T4224,A50,04-09-2025 10:14,22.75,34.12,Morning Peak,High,36.21,Clear,0,797,0.1506,15.06,Traffic,49.18,40.51,11.64
T4225,A35,13-09-2025 03:54,9.35,14.02,Evening Peak,High,49.61,Fog,2,229,0.4549,4.44,Weather,18.46,11.71,9.95
T4226,A23,02-09-2025 05:17,18.17,27.26,Morning Peak,High,25.17,Rain,1,548,0.3018,9.96,Traffic,37.22,7.69,33.65
T4227,A26,25-09-2025 07:59,29.02,43.53,Evening Peak,Medium,29.21,Clear,0,868,0.2562,22.41,Traffic,65.94,3.36,61.01
T4228,A36,04-09-2025 11:49,8.58,12.87,Evening Peak,High,34.77,Clear,0,960,0.0217,3.09,Traffic,15.96,8.26,13.21
T4229,A45,01-09-2025 03:04,9.29,13.93,Night,Low,45.51,Clear,0,867,0,0.47,No Delay,14.4,9.64,13.45
T4230,A5,11-09-2025 10:45,22.66,33.99,Morning Peak,High,23,Rain,1,610,0.5342,18.27,Traffic,52.26,38.44,20.08
T4231,A39,01-09-2025 09:05,20.83,31.24,Evening Peak,High,28.62,Clear,0,996,0.3825,15.51,Traffic,46.75,35.82,17.19
T4232,A6,28-09-2025 18:26,21.31,31.96,Evening Peak,Low,40.41,Clear,0,774,0,-0.34,No Delay,31.62,21.41,14.24
T4233,A49,14-09-2025 15:22,15.14,22.71,Night,Medium,31.62,Fog,2,225,0.4908,8.24,Weather,30.95,26.31,7.18
T4234,A26,27-09-2025 22:30,16.69,25.04,Evening Peak,Medium,37.62,Clear,0,838,0.2806,7.56,Traffic,32.6,6.09,34.57
T4235,A22,05-09-2025 16:03,29.02,43.53,Evening Peak,High,27.77,Clear,0,829,0.2619,15.42,Traffic,58.95,25.25,40.55
T4236,A16,27-09-2025 10:59,11.41,17.12,Afternoon,High,25.17,Clear,0,875,0.3421,3.7,Traffic,20.82,18.17,8.34
T4237,A38,06-09-2025 14:41,10.66,15.99,Morning Peak,Medium,32.28,Rain,1,547,0.1584,7.98,Incident,23.97,18.73,8.15
T4238,A33,29-09-2025 12:10,21.53,32.3,Evening Peak,High,10.27,Storm,3,287,0.8273,18.54,Incident,50.84,2.68,48.91
T4239,A16,05-09-2025 13:40,11.06,16.59,Afternoon,High,12.98,Fog,2,169,0.7652,10.31,Incident,26.9,16.66,13.02
T4240,A37,21-09-2025 20:53,22.49,33.73,Afternoon,Low,44.65,Clear,0,818,0.07,1.42,No Delay,35.15,11.08,32.37
T4241,A23,23-09-2025 05:44,15.71,23.57,Night,Low,48.59,Clear,0,883,0,-0.37,No Delay,23.2,13.48,19.1
T4242,A6,11-09-2025 07:53,22.88,34.32,Evening Peak,High,16.98,Clear,0,867,0.8267,14.92,Incident,49.24,40.46,14.42
T4243,A33,17-09-2025 16:35,14.64,21.96,Afternoon,Low,44.37,Clear,0,810,0.2245,0.79,No Delay,22.75,19.4,9.83
T4244,A15,18-09-2025 06:13,2.67,4,Morning Peak,Medium,23.5,Rain,1,556,0.3756,0.87,Weather,4.87,1.83,7.29
T4245,A27,14-09-2025 14:33,3.1,4.65,Afternoon,Low,38.7,Clear,0,909,0.1647,0.24,No Delay,4.89,0.45,7.1
T4246,A18,22-09-2025 20:21,3.57,5.35,Night,Low,29.29,Fog,2,290,0.442,2.04,Weather,7.39,0.13,10.45
T4247,A16,03-09-2025 05:04,18.39,27.59,Night,Medium,45.94,Rain,1,527,0.3977,6.8,Weather,34.39,27.73,14.28
T4248,A40,13-09-2025 23:43,7.93,11.89,Afternoon,Low,46.06,Clear,0,874,0,0.14,No Delay,12.03,8.69,7.3
T4249,A43,12-09-2025 11:00,29.28,43.92,Night,Low,33.33,Clear,0,915,0,0.19,No Delay,44.11,30.35,15.52
T4250,A48,21-09-2025 05:48,3.79,5.69,Afternoon,Low,38.98,Clear,0,1010,0.0369,-0.09,No Delay,5.6,4.55,7.74
T4251,A29,11-09-2025 09:03,4.74,7.11,Night,High,5,Fog,2,146,0.7726,2.14,Incident,9.25,1.35,11.34
T4252,A27,23-09-2025 09:31,27.19,40.79,Afternoon,Low,57.07,Clear,0,895,0.2159,1.65,Weather,42.44,9.61,38.73
T4253,A26,19-09-2025 22:06,8.11,12.16,Afternoon,Medium,46.12,Clear,0,890,0,0,No Delay,12.16,4.24,12.88
T4254,A21,18-09-2025 17:50,18.41,27.61,Afternoon,Low,45.75,Clear,0,808,0.1858,-0.92,No Delay,26.69,4.87,29.14
T4255,A44,21-09-2025 17:31,3.27,4.91,Morning Peak,Low,35.37,Fog,2,246,0.2717,1.3,Weather,6.21,5.29,5.39
T4256,A47,28-09-2025 19:52,12.48,18.72,Afternoon,Low,40.9,Clear,0,955,0.0302,0.71,No Delay,19.43,16.59,6.83
T4257,A7,25-09-2025 05:28,11.68,17.52,Night,Medium,41.1,Fog,2,186,0.4308,5.53,Weather,23.05,10.76,13.5
T4258,A1,25-09-2025 22:14,28.21,42.32,Afternoon,Low,48.11,Clear,0,933,0.0415,1.96,No Delay,44.28,1.27,51.56
T4259,A35,14-09-2025 23:07,25.1,37.65,Evening Peak,Low,50.32,Clear,0,844,0.0744,-0.55,No Delay,37.1,31.29,14.89
T4260,A8,11-09-2025 10:46,29.03,43.55,Evening Peak,Low,31.78,Fog,2,168,0.2581,5.24,Weather,48.79,12.23,40.69
T4261,A27,02-09-2025 13:47,20.56,30.84,Morning Peak,Low,38.18,Storm,3,161,0.1521,3.65,Weather,34.49,16.6,21.01
T4262,A30,22-09-2025 20:59,20.35,30.53,Morning Peak,High,33.96,Rain,1,418,0.3919,13.16,Traffic,43.69,27.88,22.69
T4263,A3,21-09-2025 01:37,23.97,35.95,Night,Medium,22.35,Storm,3,257,0.1033,11.84,No Delay,47.79,28.6,21.8
T4264,A48,14-09-2025 13:15,25.14,37.71,Afternoon,Low,28.54,Fog,2,318,0.3421,7.45,Weather,45.16,26.7,27.86
T4265,A3,06-09-2025 15:48,27.25,40.88,Night,Low,34.7,Storm,3,244,0,12.42,Weather,53.3,0.46,52.74
T4266,A41,13-09-2025 20:10,9.68,14.52,Morning Peak,High,18.8,Clear,0,849,0.3042,5.86,Traffic,20.38,11.33,16.96
T4267,A14,19-09-2025 09:20,12.35,18.52,Night,Medium,25.41,Fog,2,215,0.6894,9.19,Incident,27.71,19.45,15.22
T4268,A20,07-09-2025 09:29,28.62,42.93,Afternoon,High,29.55,Clear,0,884,0.0703,14.38,Traffic,57.31,34.02,29.56
T4269,A2,25-09-2025 17:46,16.77,25.16,Evening Peak,Medium,41.58,Fog,2,281,0.1775,4.09,Weather,29.25,17.35,15.26
T4270,A32,12-09-2025 05:31,20.28,30.42,Morning Peak,High,21.69,Clear,0,856,0.8735,15.88,Incident,46.3,37.82,11.94
T4271,A12,16-09-2025 07:30,20.42,30.63,Night,High,22.29,Rain,1,481,0.3224,9.62,Traffic,40.25,21.13,23.65
T4272,A21,19-09-2025 04:49,11.72,17.58,Night,Low,28.25,Storm,3,162,0.254,7.83,Weather,25.41,18.93,9.61
T4273,A7,02-09-2025 17:07,6.27,9.4,Afternoon,High,13.23,Fog,2,287,0.616,4.62,Incident,14.02,2.56,13.61
T4274,A9,23-09-2025 09:52,6.55,9.83,Night,High,13.96,Clear,0,883,0.7826,3.81,Incident,13.64,3.56,16.67
T4275,A46,19-09-2025 17:08,4.82,7.23,Night,High,17.82,Clear,0,871,0.1225,3.21,Traffic,10.44,6.1,8.23
T4276,A30,01-09-2025 00:32,11.6,17.4,Afternoon,Medium,37.7,Rain,1,725,0.5032,7.49,Traffic,24.89,4.31,27.87
T4277,A32,07-09-2025 05:39,26.75,40.12,Night,Medium,43.24,Storm,3,256,0.3813,17.44,Weather,57.56,10.5,47.58
T4278,A32,24-09-2025 10:45,15.37,23.05,Morning Peak,High,21.33,Fog,2,263,0.3495,10.52,Traffic,33.57,13.93,22.76
T4279,A7,14-09-2025 05:30,29,43.5,Evening Peak,Low,30.35,Fog,2,201,0.2604,8.84,Weather,52.34,38.66,18.34
T4280,A33,25-09-2025 20:18,16.59,24.89,Morning Peak,High,27.92,Fog,2,214,0.8719,13.21,Incident,38.1,21.92,20.28
T4281,A35,15-09-2025 08:40,14.74,22.11,Morning Peak,High,29.52,Clear,0,802,0.2367,8.37,Traffic,30.48,23.07,13.09
T4282,A47,16-09-2025 16:33,25.46,38.19,Afternoon,High,14.82,Rain,1,516,0.8879,12.49,Incident,50.68,16.83,40.6
T4283,A15,07-09-2025 18:04,29.12,43.68,Afternoon,High,27.6,Rain,1,712,0.0552,20.41,Traffic,64.09,49.9,19.87
T4284,A5,15-09-2025 02:21,19.72,29.58,Night,High,8.83,Clear,0,881,1.081,18.26,Incident,47.84,24.92,29.61
T4285,A27,20-09-2025 07:38,16.6,24.9,Morning Peak,High,21.11,Clear,0,833,0.3567,12.77,Traffic,37.67,19.87,24.65
T4286,A12,23-09-2025 04:10,8.74,13.11,Night,Medium,39.81,Clear,0,904,0.0873,0.04,No Delay,13.15,9.46,6.51
T4287,A48,18-09-2025 00:39,5.9,8.85,Evening Peak,High,23.55,Rain,1,635,1.2349,3.41,Incident,12.26,8.57,11.12
T4288,A20,29-09-2025 06:32,5.47,8.2,Afternoon,Low,49.43,Clear,0,1034,0,-0.2,No Delay,8,2.2,12.07
T4289,A21,06-09-2025 12:28,27.93,41.9,Night,Low,40.22,Clear,0,908,0,2.21,No Delay,44.11,37.77,13.2
T4290,A18,30-09-2025 06:41,13.05,19.58,Afternoon,High,27.69,Clear,0,879,0.4972,7.96,Traffic,27.54,1.74,31.02
T4291,A41,25-09-2025 20:31,9.57,14.36,Evening Peak,Medium,24.91,Fog,2,142,0.3913,3.01,Weather,17.37,11.82,9.51
T4292,A39,22-09-2025 23:26,17.44,26.16,Evening Peak,Low,29.04,Storm,3,230,0.2464,6.63,Weather,32.79,11.33,24.89
T4293,A8,10-09-2025 16:37,20.03,30.05,Night,Medium,41.74,Clear,0,982,0.122,-0.23,No Delay,29.82,7.94,25.92
T4294,A17,16-09-2025 16:54,26.6,39.9,Afternoon,High,30.81,Rain,1,608,0.3566,7.6,Traffic,47.5,25.94,23.03
T4295,A14,06-09-2025 18:01,15.76,23.64,Morning Peak,High,34.31,Clear,0,970,0.2682,11.2,Traffic,34.84,24.56,14.67
T4296,A13,12-09-2025 09:29,29.02,43.53,Afternoon,High,18.62,Rain,1,469,0.9992,20.19,Incident,63.72,9.13,58.87
T4297,A34,05-09-2025 03:23,24.67,37.01,Afternoon,High,18.32,Rain,1,554,0.7799,12.9,Incident,49.91,7.91,49.34
T4298,A26,16-09-2025 13:05,22.73,34.09,Evening Peak,Medium,27.08,Rain,1,581,0.1501,6.77,Traffic,40.86,17.09,28.37
T4299,A3,07-09-2025 08:42,4.5,6.75,Afternoon,Medium,52.71,Fog,2,176,0.3932,1.29,Weather,8.04,0.63,12.61
T4300,A40,01-09-2025 13:54,25.47,38.2,Afternoon,High,5.43,Fog,2,319,1.3447,12.45,Incident,50.65,5.27,48.38
T4301,A43,22-09-2025 08:25,5.89,8.83,Afternoon,Medium,25.33,Storm,3,141,0.0348,3.49,Weather,12.32,3.96,13.47
T4302,A2,28-09-2025 11:57,9.32,13.98,Evening Peak,High,21.71,Clear,0,1010,0.7209,4.17,Incident,18.15,7.05,16.03
T4303,A16,27-09-2025 09:53,29.93,44.89,Night,Medium,19.83,Rain,1,713,0.0423,14.19,Weather,59.08,53.03,10.38
T4304,A27,12-09-2025 02:35,19.67,29.51,Afternoon,Low,48.3,Clear,0,901,0.2051,-0.8,No Delay,28.71,19.89,12.35
T4305,A29,25-09-2025 05:15,5.7,8.55,Evening Peak,High,25.57,Clear,0,856,0.0393,2.04,Traffic,10.59,2.39,11.2
T4306,A23,29-09-2025 07:06,10.83,16.25,Afternoon,Low,51.65,Clear,0,866,0.0111,0.12,No Delay,16.37,5.01,20.01
T4307,A23,09-09-2025 19:38,17.37,26.05,Afternoon,Low,44.82,Rain,1,676,0.6739,4.98,Weather,31.03,4.84,30.34
T4308,A5,17-09-2025 21:56,16.07,24.11,Afternoon,High,32.79,Clear,0,981,0.1749,11.67,Traffic,35.78,0.18,44.55
T4309,A27,02-09-2025 23:54,8.26,12.39,Evening Peak,High,23.78,Fog,2,352,0.5871,4.98,Incident,17.37,1.65,23.36
T4310,A50,06-09-2025 00:07,10.61,15.91,Afternoon,Low,59.6,Clear,0,739,0.0629,0.82,No Delay,16.73,5.14,12.56
T4311,A15,17-09-2025 20:17,17.93,26.89,Night,Medium,51.38,Clear,0,897,0,-0.68,No Delay,26.21,20.74,12.6
T4312,A37,11-09-2025 04:02,28.05,42.08,Night,Low,47.8,Clear,0,791,0,2.08,No Delay,44.16,24.84,24.4
T4313,A19,08-09-2025 10:24,25.27,37.91,Night,Low,47.41,Clear,0,793,0.1159,1.12,No Delay,39.03,5.99,40.66
T4314,A23,28-09-2025 02:32,15.89,23.84,Afternoon,Medium,32.57,Rain,1,583,0.3837,3.57,Weather,27.41,0.37,30.6
T4315,A15,21-09-2025 20:03,13.98,20.97,Morning Peak,Medium,20.18,Clear,0,1036,0.0772,10.51,Traffic,31.48,17.85,18.5
T4316,A25,10-09-2025 07:34,27.68,41.52,Evening Peak,Medium,34.71,Clear,0,850,0.1668,10.48,Traffic,52,41.44,16.47
T4317,A30,13-09-2025 11:51,20.47,30.7,Afternoon,Low,43.22,Fog,2,269,0.4604,12.73,Weather,43.43,30.78,18.01
T4318,A23,29-09-2025 08:26,4.71,7.06,Morning Peak,Medium,24.7,Clear,0,872,1.1362,3.09,Incident,10.15,0.82,13.4
T4319,A2,16-09-2025 18:51,10.2,15.3,Evening Peak,High,39.86,Storm,3,143,0.4204,3.07,Weather,18.37,7.41,18.3
T4320,A4,12-09-2025 06:04,7.33,10.99,Night,High,20.08,Rain,1,766,0.7903,6.37,Incident,17.36,4.68,19.31
T4321,A25,24-09-2025 12:07,9,13.5,Afternoon,Medium,33.68,Rain,1,538,0.1675,4.29,Traffic,17.79,6.4,17.92
T4322,A20,05-09-2025 09:35,16.68,25.02,Evening Peak,High,40.12,Clear,0,877,0.0746,4.83,Traffic,29.85,5.18,29.92
T4323,A14,27-09-2025 16:17,9.9,14.85,Evening Peak,High,24.18,Clear,0,947,0.1655,3.81,Traffic,18.66,10.55,13.76
T4324,A17,26-09-2025 00:54,18.14,27.21,Evening Peak,Medium,28.27,Clear,0,938,0.3272,9.11,Traffic,36.32,12.98,28.69
T4325,A24,19-09-2025 16:55,29.61,44.41,Afternoon,High,23.09,Clear,0,946,0.4351,16.87,Incident,61.28,54.09,13.11
T4326,A24,11-09-2025 15:40,2.19,3.29,Morning Peak,High,16.58,Clear,0,1032,1.0578,0.96,Incident,4.25,3.71,6.58
T4327,A25,26-09-2025 04:17,14.6,21.9,Afternoon,Low,37.28,Fog,2,308,0.3123,7.56,Weather,29.46,21.36,11.61
T4328,A14,18-09-2025 20:52,13.36,20.04,Morning Peak,High,29.9,Clear,0,864,0.2954,3.8,Traffic,23.84,2.63,26.1
T4329,A34,20-09-2025 01:06,16.78,25.17,Evening Peak,Low,35.39,Clear,0,879,0,1.09,No Delay,26.26,19.47,14.75
T4330,A33,14-09-2025 16:33,24.08,36.12,Evening Peak,High,24.75,Clear,0,1012,1.2999,16.84,Incident,52.96,15.68,37.09
T4331,A30,29-09-2025 08:20,17.53,26.3,Night,Low,39.53,Fog,2,382,0.4706,8.22,Weather,34.52,11.98,29.64
T4332,A49,05-09-2025 00:05,7.16,10.74,Morning Peak,High,5.26,Rain,1,451,1.2443,3.3,Incident,14.04,11.4,11.58
T4333,A29,27-09-2025 05:02,9.05,13.58,Morning Peak,Medium,12.9,Clear,0,859,0.3654,5.71,Traffic,19.29,0.3,19.51
T4334,A50,13-09-2025 00:11,23.28,34.92,Afternoon,Low,40.64,Clear,0,881,0.0856,0.28,No Delay,35.2,24.65,12.52
T4335,A37,13-09-2025 03:23,22.17,33.26,Morning Peak,High,5.07,Clear,0,1036,0.7573,15.16,Incident,48.42,19.01,38.83
T4336,A8,14-09-2025 14:05,19.46,29.19,Night,Low,40.92,Clear,0,942,0.1921,-0.2,No Delay,28.99,8.66,22.64
T4337,A23,08-09-2025 08:33,6.71,10.07,Morning Peak,High,19.99,Fog,2,207,1.0897,5.01,Traffic,15.08,4.81,16.75
T4338,A22,21-09-2025 04:13,8.76,13.14,Evening Peak,High,19.31,Rain,1,445,0.4598,4.98,Traffic,18.12,13.25,12.96
T4339,A6,11-09-2025 07:08,22.5,33.75,Morning Peak,Low,37.93,Fog,2,186,0.5153,6.68,Weather,40.43,29.51,15.09
T4340,A37,27-09-2025 19:37,10.07,15.11,Afternoon,Low,50.13,Clear,0,879,0.0598,-0.35,No Delay,14.76,10.87,6.88
T4341,A21,20-09-2025 01:09,11.04,16.56,Morning Peak,High,34.76,Clear,0,822,0.2059,8.13,Traffic,24.69,8.77,22.61
T4342,A29,30-09-2025 03:30,4.97,7.46,Night,Low,34.35,Storm,3,146,0.2588,2.72,Weather,10.18,8.37,8.22
T4343,A35,15-09-2025 14:08,15.91,23.86,Night,Low,55.09,Clear,0,905,0.0251,0.29,No Delay,24.15,4.08,27.05
T4344,A12,09-09-2025 09:50,16.52,24.78,Night,High,11.32,Storm,3,166,1.1159,10.34,Incident,35.12,1.32,38.73
T4345,A28,06-09-2025 11:37,9.45,14.17,Afternoon,Low,45.01,Clear,0,791,0,-0.26,No Delay,13.91,12.2,8.86
T4346,A24,12-09-2025 18:24,20.4,30.6,Morning Peak,High,38.34,Rain,1,539,0,10.27,Traffic,40.87,10.59,35.56
T4347,A10,30-09-2025 19:30,23.76,35.64,Evening Peak,High,17.54,Clear,0,1080,0.9695,12.6,Incident,48.24,6.13,45.35
T4348,A47,24-09-2025 00:55,9.07,13.61,Evening Peak,High,21.84,Fog,2,307,1.3141,7.1,Incident,20.71,11.56,14.5
T4349,A32,22-09-2025 00:29,29.3,43.95,Afternoon,High,22.3,Rain,1,446,1.2861,20.22,Incident,64.17,40.12,26.33
T4350,A18,08-09-2025 22:56,9,13.5,Afternoon,High,14.47,Storm,3,243,1.2855,4.12,Incident,17.62,15.33,5.37
T4351,A25,28-09-2025 21:10,2.98,4.47,Afternoon,Medium,21.56,Rain,1,653,0.5441,1.54,Incident,6.01,3.65,8.77
T4352,A6,10-09-2025 01:28,5.06,7.59,Morning Peak,Medium,24.87,Rain,1,674,0.1098,3.03,Weather,10.62,9.23,4.2
T4353,A41,24-09-2025 15:06,3.48,5.22,Night,High,24.41,Clear,0,780,0.9558,1.7,Incident,6.92,1.2,8.16
T4354,A13,03-09-2025 09:34,4.75,7.12,Evening Peak,Low,33.21,Fog,2,305,0.3343,1.27,Weather,8.39,1.41,13.2
T4355,A46,09-09-2025 15:01,22.22,33.33,Afternoon,Medium,41.22,Rain,1,657,0.5843,5.31,Weather,38.64,11,32.31
T4356,A23,15-09-2025 12:06,29.96,44.94,Evening Peak,Medium,32.83,Storm,3,202,0.7659,18.57,Weather,63.51,50.27,21.71
T4357,A17,29-09-2025 02:43,27.72,41.58,Night,Low,32.21,Fog,2,346,0.3727,16.08,Weather,57.66,17.32,50.54
T4358,A16,27-09-2025 17:28,4.45,6.67,Night,Low,51.03,Clear,0,941,0.0049,0.05,No Delay,6.72,0.98,12.05
T4359,A17,05-09-2025 01:34,6.31,9.46,Evening Peak,Medium,17.49,Clear,0,755,0.0976,4.32,Traffic,13.78,8.79,13.57
T4360,A14,25-09-2025 20:17,4,6,Evening Peak,High,27.56,Clear,0,957,0.3357,2.83,Traffic,8.83,5.9,8.28
T4361,A32,11-09-2025 09:32,15.85,23.77,Afternoon,Low,32.02,Fog,2,303,0.0165,9.54,Weather,33.31,26.69,14.01
T4362,A46,15-09-2025 08:37,5.01,7.51,Morning Peak,High,10,Clear,0,1065,0.6998,2.92,Incident,10.43,4.44,9.27
T4363,A25,25-09-2025 00:28,25.88,38.82,Evening Peak,High,15.84,Clear,0,924,1.1096,11.8,Incident,50.62,31.44,24.19
T4364,A2,17-09-2025 14:48,24.42,36.63,Afternoon,High,31.81,Rain,1,645,0.5971,13.62,Incident,50.25,26.95,27.09
T4365,A11,30-09-2025 00:48,19.53,29.3,Evening Peak,Medium,33.25,Clear,0,984,0.1227,7.31,Traffic,36.61,25.1,16.86
T4366,A34,29-09-2025 18:28,5.14,7.71,Morning Peak,Medium,33.92,Rain,1,691,0.1417,2,Traffic,9.71,6.71,10.99
T4367,A45,24-09-2025 01:30,5.48,8.22,Evening Peak,High,25.22,Clear,0,904,0.042,2.67,Traffic,10.89,0.31,14.34
T4368,A7,04-09-2025 20:24,4.68,7.02,Afternoon,High,26.12,Rain,1,427,0.2838,1.78,Traffic,8.8,1.27,13.79
T4369,A41,17-09-2025 01:58,2.38,3.57,Evening Peak,Medium,25.26,Clear,0,878,0.2423,1.07,Traffic,4.64,0.05,10.74
T4370,A3,29-09-2025 10:22,13.97,20.96,Evening Peak,High,26.52,Clear,0,794,0.0353,10.75,Traffic,31.71,14.16,22.62
T4371,A16,08-09-2025 09:52,27.6,41.4,Evening Peak,High,21.39,Clear,0,1013,0.2746,20.24,Traffic,61.64,18.31,41.28
T4372,A35,19-09-2025 00:32,27.89,41.84,Afternoon,High,13.43,Clear,0,934,0.6094,18.49,Incident,60.33,46.94,18.59
T4373,A33,02-09-2025 17:57,5.51,8.26,Evening Peak,High,28.54,Clear,0,857,0.2896,2.04,Traffic,10.3,0.41,12.86
T4374,A6,21-09-2025 20:24,17.54,26.31,Night,Medium,31.18,Storm,3,166,0.5297,10.4,Weather,36.71,2.74,36.76
T4375,A29,27-09-2025 03:17,12.88,19.32,Evening Peak,Low,46.89,Fog,2,184,0.2844,6.59,No Delay,25.91,8.96,21.48
T4376,A14,19-09-2025 00:14,24.36,36.54,Night,Low,22.87,Storm,3,105,0.4646,11.21,Weather,47.75,38.62,11.07
T4377,A1,09-09-2025 08:00,26.13,39.2,Afternoon,Medium,19.25,Rain,1,507,0,18.61,Traffic,57.81,36.38,26.76
T4378,A29,06-09-2025 15:31,26.38,39.57,Afternoon,Low,36.17,Rain,1,582,0.275,10.03,Weather,49.6,41.18,13.12
T4379,A49,25-09-2025 19:26,17.88,26.82,Night,Low,33.31,Clear,0,927,0.1461,0.58,No Delay,27.4,18.66,12.34
T4380,A24,23-09-2025 01:47,10.16,15.24,Night,Low,41.26,Clear,0,785,0.0885,-0.38,No Delay,14.86,5.67,14.02
T4381,A24,16-09-2025 13:39,21.65,32.48,Morning Peak,Low,36.65,Clear,0,869,0.0579,0.46,No Delay,32.94,2.7,31.5
T4382,A47,16-09-2025 03:01,16.28,24.42,Evening Peak,Medium,20.79,Clear,0,970,0,7.91,Traffic,32.33,13.78,26.57
T4383,A7,13-09-2025 02:05,23.14,34.71,Night,High,19.86,Rain,1,571,1.0223,22.4,Incident,57.11,8.89,57.99
T4384,A42,09-09-2025 13:45,25.14,37.71,Evening Peak,High,12.28,Fog,2,272,1.3523,14.36,Incident,52.07,14.1,47.55
T4385,A37,16-09-2025 02:27,17.64,26.46,Night,Low,46.49,Clear,0,929,0,-0.14,No Delay,26.32,8.77,21.03
T4386,A19,14-09-2025 00:35,20.78,31.17,Morning Peak,High,27.26,Clear,0,874,0.0588,11.23,Traffic,42.4,22.68,21.48
T4387,A41,14-09-2025 17:32,3.16,4.74,Evening Peak,Low,40.62,Clear,0,982,0.0951,-0.14,No Delay,4.6,2.03,7.1
T4388,A49,07-09-2025 19:02,23.54,35.31,Night,Low,43.3,Clear,0,969,0.0489,-0.06,No Delay,35.25,30.29,9.99
T4389,A26,30-09-2025 16:52,5.93,8.89,Night,High,18.24,Clear,0,1040,0.1265,2.09,Traffic,10.98,6.71,7.65
T4390,A14,07-09-2025 23:01,28.3,42.45,Afternoon,Medium,25.78,Fog,2,235,0.1215,13.42,Weather,55.87,44.02,19.35
T4391,A8,09-09-2025 22:21,4.01,6.01,Evening Peak,Medium,12.28,Rain,1,495,0.2037,1.87,Traffic,7.88,5.25,4.58
T4392,A48,18-09-2025 18:06,12.34,18.51,Morning Peak,High,36.4,Clear,0,784,0.3757,8.65,Traffic,27.16,8.34,26.4
T4393,A16,11-09-2025 16:13,24.98,37.47,Night,Medium,48.38,Clear,0,865,0,0.36,No Delay,37.83,33.55,7.7
T4394,A46,16-09-2025 06:20,28.79,43.19,Evening Peak,High,20.6,Rain,1,604,1.1161,21.84,Incident,65.03,51.09,19.81
T4395,A45,17-09-2025 16:45,10.9,16.35,Morning Peak,High,26.29,Clear,0,987,0.0021,3.41,Traffic,19.76,1.07,27.95
T4396,A39,14-09-2025 23:01,24.88,37.32,Night,High,16.7,Clear,0,731,1.3861,10.75,Traffic,48.07,24.77,29.46
T4397,A4,12-09-2025 08:55,8.66,12.99,Morning Peak,High,54.82,Fog,2,236,0.2594,3.51,Weather,16.5,13.75,10.23
T4398,A36,01-09-2025 20:31,2.15,3.23,Evening Peak,High,27.23,Clear,0,900,0.7711,1.99,Incident,5.22,1.04,11.16
T4399,A31,05-09-2025 17:25,25.89,38.84,Evening Peak,High,32.97,Clear,0,817,0.211,14.02,Traffic,52.86,35.48,26.8
T4400,A33,03-09-2025 22:12,13.56,20.34,Evening Peak,High,23.6,Clear,0,823,0.3537,5.22,Traffic,25.56,20.97,7.11
T4401,A2,15-09-2025 22:03,14.12,21.18,Afternoon,Low,34.93,Rain,1,510,0.3809,4.34,Weather,25.52,15.53,12.27
T4402,A5,30-09-2025 11:41,9.49,14.24,Afternoon,High,31.89,Clear,0,940,0.1694,5.15,Traffic,19.39,7.1,14.15
T4403,A12,26-09-2025 12:40,17.03,25.55,Afternoon,Low,42.47,Clear,0,852,0.004,0.14,No Delay,25.69,16.38,14.74
T4404,A11,10-09-2025 09:55,8.57,12.86,Afternoon,Low,40.08,Clear,0,980,0.0077,0.2,No Delay,13.06,4.98,12.14
T4405,A3,19-09-2025 17:20,9.12,13.68,Evening Peak,High,34.41,Rain,1,443,0.4264,6.96,Incident,20.64,16.8,8.71
T4406,A41,15-09-2025 03:32,5.41,8.12,Evening Peak,High,23.11,Rain,1,701,0.1081,4.06,Traffic,12.18,3.18,13.27
T4407,A43,01-09-2025 10:32,15.33,22.99,Afternoon,High,26.24,Clear,0,964,0.1056,9.16,Incident,32.15,23.21,11.81
T4408,A30,28-09-2025 21:24,17.62,26.43,Morning Peak,Medium,5,Storm,3,115,0.6935,15.98,Incident,42.41,19.79,27.04
T4409,A36,03-09-2025 21:56,24.9,37.35,Night,Medium,18.55,Storm,3,291,0.8418,12.33,Incident,49.68,44.22,7.82
T4410,A10,28-09-2025 07:08,3.6,5.4,Morning Peak,High,20.43,Clear,0,850,0.675,3.5,Incident,8.9,1.76,11.97
T4411,A30,12-09-2025 00:52,11.77,17.66,Afternoon,Low,38.79,Clear,0,830,0,0.69,No Delay,18.35,6.02,17.61
T4412,A36,06-09-2025 11:15,10.62,15.93,Evening Peak,High,26.48,Rain,1,689,0.3274,7.35,Traffic,23.28,11.72,13.57
T4413,A17,01-09-2025 23:55,9.23,13.85,Night,Low,34.89,Fog,2,247,0.1279,2.44,Weather,16.29,0.23,18.68
T4414,A45,18-09-2025 13:03,24.4,36.6,Evening Peak,High,23.33,Clear,0,1054,0.1521,14.37,Traffic,50.97,4.53,52.02
T4415,A44,30-09-2025 20:25,26.01,39.02,Afternoon,Medium,12.1,Storm,3,268,0.745,19.47,Incident,58.49,35.61,24.32
T4416,A28,11-09-2025 09:46,7.72,11.58,Afternoon,Low,50.57,Clear,0,875,0.0877,0.48,No Delay,12.06,3.55,16.27
T4417,A4,29-09-2025 14:19,24.29,36.43,Afternoon,High,29.09,Rain,1,477,0.4234,10.97,Weather,47.4,5.87,44.29
T4418,A20,25-09-2025 03:18,20.81,31.21,Afternoon,Medium,47.56,Clear,0,817,0,0.36,No Delay,31.57,19.49,14.91
T4419,A10,19-09-2025 02:09,19.06,28.59,Afternoon,Medium,31.05,Clear,0,941,0.005,11.89,Traffic,40.48,25.58,20.41
T4420,A24,24-09-2025 18:12,20.11,30.17,Morning Peak,High,29.53,Clear,0,854,0.1486,5.84,Traffic,36.01,23.68,15.44
T4421,A46,23-09-2025 19:35,22.03,33.05,Night,Medium,41.25,Clear,0,866,0.0494,-1.32,No Delay,31.73,0.17,33.63
T4422,A38,13-09-2025 04:41,7.67,11.51,Evening Peak,High,21.12,Storm,3,285,0.8983,6.37,Incident,17.88,8.49,12.74
T4423,A7,06-09-2025 03:44,21.67,32.51,Night,High,29.97,Clear,0,930,0.0746,6.29,Traffic,38.8,31.82,10.37
T4424,A28,20-09-2025 20:25,6.94,10.41,Afternoon,Low,46.65,Fog,2,325,0.1186,1.09,Weather,11.5,3.52,10.58
T4425,A2,30-09-2025 03:15,5.09,7.63,Night,Medium,46.82,Clear,0,918,0.1193,-0.11,No Delay,7.52,5.6,4.16
T4426,A31,20-09-2025 10:14,16.68,25.02,Evening Peak,High,8.88,Clear,0,878,1.2506,10.62,Incident,35.64,31.34,9.79
T4427,A46,10-09-2025 04:35,29.28,43.92,Afternoon,Medium,41.55,Fog,2,143,0.4832,9.9,Weather,53.82,4.2,56.58
T4428,A12,13-09-2025 23:30,20.82,31.23,Night,High,19.71,Rain,1,534,1.2065,19.42,Incident,50.65,5.55,51.73
T4429,A28,18-09-2025 00:56,13.96,20.94,Morning Peak,High,19.23,Fog,2,154,1.2697,12.1,Incident,33.04,6.26,31.68
T4430,A21,01-09-2025 04:35,13.81,20.71,Night,Low,29.63,Storm,3,225,0.3749,7.9,Weather,28.61,12.31,23.92
T4431,A50,11-09-2025 19:54,25.33,37.99,Afternoon,Low,44.88,Clear,0,789,0.0928,-0.9,Weather,37.09,10.68,37.07
T4432,A27,22-09-2025 16:32,20.05,30.07,Night,Low,21.06,Storm,3,177,0.5595,6.97,Weather,37.04,7.53,34.27
T4433,A39,23-09-2025 18:31,15.36,23.04,Afternoon,High,24.26,Rain,1,516,1.1972,11.81,Incident,34.85,24.53,15.15
T4434,A38,04-09-2025 11:34,18.96,28.44,Night,Medium,16.43,Clear,0,1087,0.3725,9.11,Incident,37.55,27.8,14.72
T4435,A29,13-09-2025 15:51,24.84,37.26,Afternoon,Low,47.4,Clear,0,1026,0,1.18,No Delay,38.44,13.03,32.5
T4436,A29,26-09-2025 05:21,16.72,25.08,Night,Low,51.3,Clear,0,819,0.0451,-0.38,No Delay,24.7,16.99,13.71
T4437,A12,16-09-2025 11:13,14.48,21.72,Night,Low,34.94,Rain,1,542,0.4589,5.54,Weather,27.26,22.59,10.81
T4438,A7,24-09-2025 20:41,18.86,28.29,Night,Low,33.66,Clear,0,900,0.1103,0.02,No Delay,28.31,16.02,20.83
T4439,A37,24-09-2025 13:07,13.18,19.77,Afternoon,Medium,41.87,Rain,1,669,0.3276,4.32,Weather,24.09,1.04,28.96
T4440,A24,07-09-2025 20:23,14.37,21.55,Night,Low,30.77,Storm,3,123,0.0026,7.87,Weather,29.42,11.5,25.56
T4441,A2,09-09-2025 11:50,3.54,5.31,Morning Peak,High,32.08,Rain,1,551,0.2815,2.49,Traffic,7.8,6.13,4.35
T4442,A8,05-09-2025 17:20,18.67,28.01,Afternoon,Low,50.18,Clear,0,875,0.0833,0.67,No Delay,28.68,16.61,17.83
T4443,A49,29-09-2025 03:51,16.92,25.38,Afternoon,Low,52.36,Storm,3,88,0.4081,2.57,Weather,27.95,5.57,23.26
T4444,A39,02-09-2025 00:10,10.54,15.81,Night,High,32.19,Storm,3,157,0.4976,3.52,Weather,19.33,16.7,4.45
T4445,A13,29-09-2025 06:56,26.64,39.96,Afternoon,Medium,36.51,Storm,3,165,0.4101,10.17,Weather,50.13,30.85,21.43
T4446,A33,01-09-2025 23:43,15.97,23.95,Morning Peak,Medium,18.32,Clear,0,750,0.0274,6.37,Traffic,30.32,20.95,13.17
T4447,A40,01-09-2025 02:37,16.9,25.35,Morning Peak,Medium,19.63,Fog,2,198,0.3678,4.53,Weather,29.88,9.71,25.89
T4448,A40,24-09-2025 01:03,15.03,22.54,Morning Peak,High,18.77,Fog,2,263,0.6378,12.62,Incident,35.16,25.72,13.35
T4449,A38,08-09-2025 01:56,25.34,38.01,Afternoon,Medium,37.68,Fog,2,183,0.5506,10.97,Weather,48.98,2.15,46.51
T4450,A39,08-09-2025 10:40,25.7,38.55,Morning Peak,High,29.13,Clear,0,849,0.2708,11.13,Traffic,49.68,6.13,49.84
T4451,A11,12-09-2025 18:06,17.46,26.19,Morning Peak,Medium,36.69,Storm,3,108,0.2538,6.19,Weather,32.38,2.43,35.28
T4452,A41,27-09-2025 09:36,28.01,42.02,Morning Peak,High,33.28,Clear,0,1015,0.4823,12.66,Traffic,54.68,16.74,43.59
T4453,A43,13-09-2025 15:19,28.83,43.24,Morning Peak,Medium,25.59,Rain,1,548,1.1484,23.18,Incident,66.42,43.67,26.34
T4454,A16,30-09-2025 15:29,9.14,13.71,Morning Peak,High,14.42,Rain,1,494,0.5106,7.21,Incident,20.92,10.18,17.19
T4455,A41,22-09-2025 22:43,19.61,29.41,Night,Medium,37.18,Storm,3,236,0.1116,9.08,Weather,38.49,25.05,18.83
T4456,A26,25-09-2025 00:34,14.71,22.07,Night,Medium,39.45,Storm,3,198,0.4389,9.91,Weather,31.98,13.56,23.32
T4457,A50,14-09-2025 06:12,7.92,11.88,Afternoon,High,15.69,Rain,1,449,1.3069,5.55,Traffic,17.43,11.49,11.43
T4458,A50,20-09-2025 21:34,17.62,26.43,Morning Peak,High,30.68,Clear,0,766,0.0438,7.6,Traffic,34.03,15.99,23.67
T4459,A38,06-09-2025 10:35,3.28,4.92,Morning Peak,High,16.67,Fog,2,329,1.3854,1.92,Incident,6.84,1.3,10.58
T4460,A45,25-09-2025 21:33,8.71,13.07,Afternoon,High,39.26,Clear,0,944,0.3081,3.11,Traffic,16.18,9.77,8.54
T4461,A37,17-09-2025 06:50,24.61,36.91,Afternoon,Low,40.32,Clear,0,855,0.0822,1.35,No Delay,38.26,28.55,15.88
T4462,A40,27-09-2025 13:17,12.23,18.35,Evening Peak,Low,33.71,Clear,0,965,0.0961,0.83,No Delay,19.18,6.96,17.22
T4463,A34,25-09-2025 03:30,14.78,22.17,Evening Peak,Low,26.28,Clear,0,859,0.1454,0.56,No Delay,22.73,18.11,11.03
T4464,A49,25-09-2025 07:51,25.01,37.52,Afternoon,High,21.9,Fog,2,305,1.104,20.04,Incident,57.56,30.14,30.37
T4465,A35,14-09-2025 12:25,5.3,7.95,Evening Peak,High,28.29,Rain,1,549,0.4471,1.97,Traffic,9.92,0.18,16.28
T4466,A9,06-09-2025 10:58,10.66,15.99,Afternoon,Low,60.34,Clear,0,891,0.031,0.01,No Delay,16,3.57,20.21
T4467,A22,19-09-2025 18:00,24.02,36.03,Night,Low,32.94,Clear,0,840,0.0614,1.34,No Delay,37.37,19.46,21.75
T4468,A34,17-09-2025 08:13,22.57,33.86,Evening Peak,High,12.43,Rain,1,558,1.211,13.94,Incident,47.8,22.93,30.2
T4469,A5,01-09-2025 16:06,14.76,22.14,Morning Peak,Medium,27.54,Clear,0,968,0.2598,10.6,Traffic,32.74,1.03,37.9
T4470,A3,04-09-2025 14:12,20.92,31.38,Afternoon,Low,38.63,Fog,2,258,0.2174,5.07,Weather,36.45,29.41,12.29
T4471,A47,18-09-2025 14:20,18.99,28.48,Morning Peak,High,14.15,Clear,0,932,0.3626,12.25,Traffic,40.73,33.79,9.96
T4472,A35,06-09-2025 11:31,4.71,7.06,Evening Peak,High,30.4,Clear,0,943,0.3166,2.12,Traffic,9.18,7.91,6.09
T4473,A31,25-09-2025 08:55,18.49,27.73,Morning Peak,Low,58.76,Clear,0,868,0.0822,1.5,No Delay,29.23,25.88,8.33
T4474,A45,26-09-2025 20:54,14.47,21.71,Night,Low,49.25,Clear,0,792,0.2117,-0.19,No Delay,21.52,13.39,14.3
T4475,A48,20-09-2025 13:03,2.47,3.71,Night,Medium,20.57,Clear,0,1001,0.5621,2.25,Incident,5.96,0.38,8.35
T4476,A49,20-09-2025 01:39,28.64,42.96,Morning Peak,Low,47.38,Fog,2,296,0.2939,16.67,No Delay,59.63,16.76,54.92
T4477,A33,23-09-2025 13:02,2.98,4.47,Morning Peak,High,18.07,Rain,1,467,0.9819,2.73,Incident,7.2,6.43,5.47
T4478,A42,16-09-2025 07:13,6.44,9.66,Morning Peak,High,23.39,Fog,2,156,1.3124,4.58,Incident,14.24,2.19,20.54
T4479,A1,21-09-2025 12:40,8.89,13.34,Afternoon,Medium,40.49,Rain,1,459,0.2524,1.84,Weather,15.18,3.05,16.09
T4480,A32,29-09-2025 17:56,16.91,25.37,Night,Medium,24.07,Rain,1,632,1.0717,14.75,Incident,40.12,19.58,28.53
T4481,A43,27-09-2025 21:32,26.25,39.38,Morning Peak,Low,26.56,Storm,3,179,0.4639,7.81,No Delay,47.19,2.89,49.42
T4482,A31,19-09-2025 11:58,12.01,18.02,Afternoon,Medium,48.28,Clear,0,820,0.0952,-0.69,No Delay,17.33,2.72,19.87
T4483,A13,25-09-2025 04:45,26.71,40.07,Evening Peak,High,24.63,Rain,1,597,0.6146,13.92,Incident,53.99,1.21,60.14
T4484,A13,02-09-2025 12:48,3.79,5.69,Morning Peak,High,32.16,Rain,1,565,0.3906,2.34,Traffic,8.03,3,9.98
T4485,A14,18-09-2025 18:55,9.58,14.37,Evening Peak,Medium,32.95,Fog,2,155,0.518,2.46,Weather,16.83,13.11,10.83
T4486,A30,04-09-2025 21:25,25.4,38.1,Evening Peak,High,25.73,Clear,0,947,0.1809,13.42,Traffic,51.52,19.49,37.33
T4487,A43,06-09-2025 20:32,27.79,41.69,Afternoon,Low,35.38,Storm,3,190,0.092,8.04,Weather,49.73,44.14,12.23
T4488,A5,09-09-2025 09:09,18.39,27.59,Night,Low,22.63,Fog,2,284,0.4587,7.73,Weather,35.32,18.73,23.19
T4489,A47,10-09-2025 00:12,14.57,21.86,Morning Peak,High,25.81,Rain,1,595,0.1312,4.78,Traffic,26.64,0.9,31.28
T4490,A17,05-09-2025 08:51,29.87,44.8,Night,Low,33.82,Clear,0,735,0.0697,-1.61,No Delay,43.19,22.58,28.97
T4491,A30,24-09-2025 07:36,20.82,31.23,Morning Peak,Medium,21.45,Clear,0,897,0.2016,6.71,Incident,37.94,1.72,42.16
T4492,A31,18-09-2025 21:22,3.2,4.8,Evening Peak,High,15.92,Fog,2,200,1.1632,1.94,Incident,6.74,1.44,13.17
T4493,A36,15-09-2025 11:38,26.77,40.16,Night,Low,51.13,Clear,0,766,0.1053,0.95,No Delay,41.11,10.61,36.82
T4494,A6,14-09-2025 06:46,11.44,17.16,Evening Peak,Medium,20.58,Rain,1,750,0.3781,6.42,Incident,23.58,6.89,25.95
T4495,A19,12-09-2025 14:56,20.56,30.84,Afternoon,Low,59.42,Clear,0,946,0,1.34,No Delay,32.18,11.63,24.33
T4496,A30,07-09-2025 21:52,28.78,43.17,Afternoon,High,18.6,Clear,0,842,0.5847,24.06,Incident,67.23,0.14,74.93
T4497,A19,16-09-2025 06:55,10.29,15.43,Evening Peak,Medium,32.06,Clear,0,837,0.3386,4.76,Traffic,20.19,11.87,11.32
T4498,A32,23-09-2025 07:33,28.25,42.38,Evening Peak,High,30.68,Rain,1,577,0.0358,11.15,Traffic,53.53,31.35,27.64
T4499,A44,22-09-2025 23:34,27.01,40.52,Night,Low,32.05,Rain,1,468,0.4561,4.32,Weather,44.84,33.65,13.05
T4500,A48,07-09-2025 23:09,22.55,33.82,Evening Peak,Medium,16.35,Rain,1,414,0.3873,11.16,Traffic,44.98,4.25,46.1
T4501,A14,26-09-2025 18:34,5.9,8.85,Evening Peak,Low,34.55,Storm,3,109,0.3263,2.93,Weather,11.78,10.42,3.56
T4502,A49,11-09-2025 07:54,2.34,3.51,Morning Peak,Medium,41.56,Clear,0,928,0.4955,1.4,Traffic,4.91,0.28,10.01
T4503,A39,07-09-2025 06:13,3.82,5.73,Afternoon,Low,49.65,Clear,0,997,0.1871,0.31,No Delay,6.04,2.07,8.76
T4504,A16,17-09-2025 03:04,14.7,22.05,Night,Medium,44.51,Storm,3,262,0.1679,8.4,Weather,30.45,5.24,28.81
T4505,A2,26-09-2025 23:39,8.9,13.35,Morning Peak,Low,39.62,Fog,2,229,0.453,3.36,Weather,16.71,8.71,15.32
T4506,A24,17-09-2025 13:35,15.52,23.28,Morning Peak,Low,38.89,Clear,0,865,0.0857,-0.6,No Delay,22.68,8.47,22.31
T4507,A40,11-09-2025 14:31,10.66,15.99,Afternoon,Medium,33.93,Clear,0,959,0.4534,5.97,Traffic,21.96,4.54,20.6
T4508,A34,23-09-2025 03:07,20.57,30.86,Night,Medium,48.72,Fog,2,263,0.2475,12.06,Weather,42.92,18.08,31.36
T4509,A45,05-09-2025 07:05,7.22,10.83,Afternoon,Low,44.45,Fog,2,249,0.2387,4.71,Weather,15.54,5.06,18.36
T4510,A31,06-09-2025 15:12,28.23,42.34,Afternoon,Low,30.78,Storm,3,255,0.2884,13.3,Weather,55.64,31.3,27.36
T4511,A30,15-09-2025 13:28,11.85,17.78,Afternoon,Low,45.11,Clear,0,1017,0.0665,-0.68,No Delay,17.1,4.44,18.07
T4512,A33,17-09-2025 20:20,19.79,29.68,Morning Peak,High,12.8,Rain,1,485,1.1676,9.65,Incident,39.33,11.45,33.57
T4513,A20,19-09-2025 23:08,14.35,21.53,Evening Peak,Low,44.69,Clear,0,774,0,0.52,No Delay,22.05,1.5,25.09
T4514,A48,08-09-2025 19:00,26.89,40.34,Morning Peak,Low,41.97,Clear,0,947,0.1005,1.32,No Delay,41.66,0.67,40.9
T4515,A4,15-09-2025 01:42,15.84,23.76,Afternoon,Low,23.91,Storm,3,140,0.0761,3.43,Weather,27.19,15.73,15.43
T4516,A24,21-09-2025 09:09,7.93,11.89,Afternoon,High,27.8,Storm,3,220,0,1.88,Weather,13.77,11.27,8.11
T4517,A47,03-09-2025 20:30,12.06,18.09,Evening Peak,High,20.14,Fog,2,293,0.0403,6.48,Traffic,24.57,9.95,18.33
T4518,A3,17-09-2025 12:51,10.23,15.35,Afternoon,Low,53.63,Clear,0,1022,0,0.83,No Delay,16.18,14.48,3.55
T4519,A39,17-09-2025 15:46,26.4,39.6,Night,Medium,32.96,Storm,3,236,0.5215,12.94,Weather,52.54,17.85,44.91
T4520,A37,03-09-2025 01:54,3.67,5.5,Afternoon,Low,43.12,Clear,0,1042,0.0363,0.2,No Delay,5.7,1.77,8.93
T4521,A36,20-09-2025 08:51,29.63,44.45,Night,Medium,25.95,Rain,1,399,0.5738,7.42,Weather,51.87,19.23,40.27
T4522,A29,27-09-2025 05:48,14.41,21.62,Night,Low,30.82,Storm,3,190,0.077,2.69,Weather,24.31,9.59,20.27
T4523,A19,05-09-2025 02:47,3.19,4.79,Morning Peak,Low,22.81,Storm,3,189,0.3369,1.49,Weather,6.28,1.23,10.37
T4524,A32,23-09-2025 06:01,7.25,10.88,Night,High,17.79,Clear,0,1066,0.6297,6.77,Incident,17.65,7.73,12.64
T4525,A24,03-09-2025 06:14,13.37,20.05,Afternoon,Low,31.76,Rain,1,429,0.0975,4.33,Weather,24.38,11,20.28
T4526,A31,10-09-2025 08:38,9.76,14.64,Night,Low,38.15,Clear,0,766,0,-0.21,Weather,14.43,6.13,11.3
T4527,A18,29-09-2025 03:15,18.54,27.81,Morning Peak,High,22.59,Rain,1,597,0.1419,7.22,Weather,35.03,11.78,29.79
T4528,A43,03-09-2025 07:21,7.63,11.45,Morning Peak,High,40.61,Rain,1,670,0.0936,1.56,Weather,13.01,5.87,11.14
T4529,A27,10-09-2025 15:36,27.62,41.43,Afternoon,Low,38.62,Clear,0,928,0.1558,0.06,No Delay,41.49,20.39,25.46
T4530,A44,19-09-2025 05:25,7.59,11.38,Evening Peak,High,32.24,Clear,0,973,0.383,2.39,Traffic,13.77,0.83,20.94
T4531,A44,17-09-2025 17:36,18.49,27.73,Night,Medium,25.06,Storm,3,211,0.645,7.1,Weather,34.83,20.33,20.13
T4532,A36,14-09-2025 17:30,22.1,33.15,Evening Peak,Medium,19.46,Rain,1,646,0.8036,9.41,Incident,42.56,16.48,32
T4533,A36,01-09-2025 06:12,11.12,16.68,Afternoon,High,12.96,Clear,0,978,1.4011,5.3,Incident,21.98,14.85,13.84
T4534,A23,08-09-2025 04:33,23.58,35.37,Afternoon,Low,43.66,Clear,0,938,0.1061,1.8,No Delay,37.17,11.61,27.84
T4535,A30,02-09-2025 19:08,22.01,33.02,Morning Peak,High,16.4,Rain,1,500,1.0877,12.14,Incident,45.16,34.81,16.47
T4536,A30,04-09-2025 09:31,7.53,11.29,Evening Peak,Medium,14.05,Storm,3,288,1.2759,4.13,Incident,15.42,3.22,14.51
T4537,A46,02-09-2025 03:13,15.84,23.76,Morning Peak,High,22.49,Fog,2,368,0.287,7.55,Traffic,31.31,27.27,7.88
T4538,A33,03-09-2025 21:47,6.15,9.22,Afternoon,High,7.21,Rain,1,440,0.8068,3.94,Incident,13.16,8.5,9.93
T4539,A49,12-09-2025 01:03,6.15,9.22,Afternoon,Low,46.8,Clear,0,744,0,0.18,No Delay,9.4,5.28,6.91
T4540,A24,25-09-2025 08:51,14.92,22.38,Evening Peak,High,26.55,Fog,2,300,0.7057,11.13,Traffic,33.51,13.61,25.44
T4541,A44,22-09-2025 15:53,16.73,25.09,Morning Peak,Medium,39.32,Storm,3,200,0.3831,2.88,Weather,27.97,12.02,17.82
T4542,A21,13-09-2025 08:10,22.23,33.34,Morning Peak,Medium,27.99,Clear,0,944,0.3433,10.96,Traffic,44.3,22.96,29.18
T4543,A36,10-09-2025 07:59,17.25,25.88,Night,Medium,22.72,Rain,1,582,1.4708,15.09,Incident,40.97,33.46,11.94
T4544,A29,12-09-2025 10:26,24.17,36.26,Evening Peak,Low,34.09,Fog,2,363,0.4538,4.3,Weather,40.56,1.93,44.32
T4545,A30,26-09-2025 06:26,6.58,9.87,Night,Medium,19.91,Clear,0,897,1.0732,6.24,Incident,16.11,13.53,4.94
T4546,A22,01-09-2025 04:29,8.99,13.48,Morning Peak,High,20.63,Fog,2,235,0.7537,6.04,Incident,19.52,2.67,22.63
T4547,A26,30-09-2025 02:33,22.99,34.48,Evening Peak,High,26.03,Rain,1,548,0.8905,15.18,Incident,49.66,44.01,8.98
T4548,A25,08-09-2025 18:51,5.37,8.05,Morning Peak,High,34.11,Rain,1,575,0.2641,3.05,Traffic,11.1,1.19,13.43
T4549,A30,14-09-2025 18:23,22.3,33.45,Morning Peak,High,38.31,Clear,0,953,0.1264,9.28,Traffic,42.73,26.85,23.91
T4550,A49,16-09-2025 19:43,16.91,25.37,Afternoon,High,14.88,Rain,1,750,0.5016,10.32,Incident,35.69,24.45,16.56
T4551,A40,04-09-2025 21:42,16.07,24.11,Night,Low,43.75,Clear,0,894,0,-0.68,No Delay,23.43,9.81,19.5
T4552,A37,02-09-2025 18:42,11.68,17.52,Evening Peak,Medium,33.15,Rain,1,508,0.5057,1.92,Weather,19.44,12.64,13.62
T4553,A42,27-09-2025 00:52,15.12,22.68,Night,Medium,31.89,Storm,3,112,0.2734,3.18,Weather,25.86,3.31,28.83
T4554,A46,25-09-2025 02:56,24.21,36.32,Evening Peak,Low,34.88,Rain,1,721,0.2687,10.32,Weather,46.64,27.5,23.18
T4555,A28,10-09-2025 11:47,2.11,3.17,Morning Peak,Medium,31.37,Storm,3,104,0.2006,1.15,Weather,4.32,2.09,9.5
T4556,A47,18-09-2025 10:43,7.81,11.71,Afternoon,Low,51.89,Clear,0,863,0.0513,-0.11,No Delay,11.6,10.39,6.14
T4557,A14,19-09-2025 04:02,18.51,27.77,Night,High,31.89,Storm,3,197,0.1749,3.87,Weather,31.64,1.96,33.75
T4558,A29,05-09-2025 15:52,11.35,17.02,Afternoon,Medium,32.84,Fog,2,257,0.3739,3.11,Weather,20.13,17.56,6.52
T4559,A37,13-09-2025 08:00,27.99,41.98,Afternoon,Low,47.3,Clear,0,818,0.0322,1.02,No Delay,43,1.84,45.16
T4560,A44,13-09-2025 18:55,21.7,32.55,Night,Low,60.11,Clear,0,777,0,1.58,No Delay,34.13,7.21,29.58
T4561,A22,10-09-2025 05:51,16.93,25.39,Afternoon,Low,24.53,Fog,2,210,0.5354,7.62,Weather,33.01,5.46,32.14
T4562,A39,24-09-2025 09:42,26.72,40.08,Morning Peak,Medium,29.28,Clear,0,910,0.0599,17.02,Traffic,57.1,17.12,42.58
T4563,A2,11-09-2025 17:34,17.24,25.86,Night,Low,50.24,Clear,0,1087,0,0.87,No Delay,26.73,11.89,23.93
T4564,A16,02-09-2025 17:46,15.97,23.95,Evening Peak,High,48.58,Storm,3,154,0.3751,4.51,Weather,28.46,12.94,16.28
T4565,A13,14-09-2025 08:58,17.71,26.57,Afternoon,High,12.34,Rain,1,413,0.7694,9.76,Incident,36.33,11.43,30.7
T4566,A22,23-09-2025 04:33,20.93,31.39,Morning Peak,Low,49.93,Clear,0,836,0,0.19,No Delay,31.58,2.45,34.49
T4567,A11,22-09-2025 07:16,28.58,42.87,Afternoon,Low,57.44,Clear,0,966,0.1366,2.35,No Delay,45.22,7.89,39.56
T4568,A2,10-09-2025 11:55,5.49,8.24,Afternoon,Low,28.78,Clear,0,999,0.0506,0.48,No Delay,8.72,1.18,13.84
T4569,A20,14-09-2025 12:16,14.29,21.43,Evening Peak,Medium,26.2,Fog,2,158,0.4346,5.07,Weather,26.5,7.42,23.42
T4570,A49,28-09-2025 21:28,29.67,44.51,Evening Peak,High,30.52,Clear,0,884,0.07,12.31,Traffic,56.82,38.24,24.54
T4571,A46,13-09-2025 09:11,8.16,12.24,Afternoon,Medium,17.35,Rain,1,582,0.744,7.91,Incident,20.15,17.96,9.44
T4572,A3,14-09-2025 14:19,29.51,44.27,Night,High,15.79,Storm,3,263,0.6576,14.1,Incident,58.37,37.43,25.11
T4573,A43,23-09-2025 18:38,26.07,39.11,Night,Low,44.87,Rain,1,561,0.4255,5.5,Weather,44.61,26.06,23.05
T4574,A20,23-09-2025 18:36,6.48,9.72,Morning Peak,High,18.06,Fog,2,202,0.747,5.69,Incident,15.41,11.4,11.64
T4575,A31,10-09-2025 16:45,2.04,3.06,Morning Peak,Medium,29.95,Clear,0,917,0.2565,0.93,Traffic,3.99,3.25,8.47
T4576,A21,27-09-2025 19:06,27.19,40.79,Night,Low,53.92,Clear,0,808,0.0331,-1.29,No Delay,39.5,18.15,29.15
T4577,A10,28-09-2025 02:23,22.84,34.26,Evening Peak,Low,45.93,Fog,2,284,0.7184,13.24,Weather,47.5,33.23,17.24
T4578,A1,19-09-2025 17:59,12.54,18.81,Evening Peak,Medium,18.62,Fog,2,340,1.0407,6.89,Incident,25.7,17.06,10.51
T4579,A22,24-09-2025 14:17,24.28,36.42,Afternoon,Medium,31.91,Storm,3,283,0.0769,8.4,Weather,44.82,23.5,26.24
T4580,A31,05-09-2025 14:40,2.59,3.89,Evening Peak,High,7.81,Fog,2,261,0.8354,2.16,Incident,6.05,1.87,10.01
T4581,A16,14-09-2025 03:40,11.83,17.75,Morning Peak,Medium,22.99,Rain,1,430,0.2668,5.25,Traffic,23,20.07,9.96
T4582,A8,13-09-2025 15:21,9.65,14.48,Night,High,19.88,Rain,1,548,0.5297,7.92,Incident,22.4,7.06,21.26
T4583,A13,12-09-2025 14:12,10.31,15.47,Night,Low,52.33,Clear,0,1055,0,-0.06,No Delay,15.41,12.49,9.03
T4584,A43,22-09-2025 05:37,10.43,15.64,Night,High,8.59,Fog,2,203,0.9416,4.63,Incident,20.27,12.62,13.68
T4585,A41,22-09-2025 03:04,21.18,31.77,Afternoon,Low,31.92,Fog,2,346,0.4699,7.91,Weather,39.68,32.57,8.43
T4586,A34,21-09-2025 00:14,19.59,29.39,Evening Peak,Low,38.45,Storm,3,138,0.3688,5.51,Weather,34.9,9.97,32.95
T4587,A34,28-09-2025 09:46,15.08,22.62,Morning Peak,High,30.98,Storm,3,241,1.1025,9.2,Traffic,31.82,21.34,15.97
T4588,A23,01-09-2025 08:10,8.93,13.39,Morning Peak,High,20.85,Rain,1,528,0.1674,6.74,Traffic,20.13,17.49,8.83
T4589,A10,13-09-2025 15:34,24.09,36.13,Evening Peak,Medium,16.3,Clear,0,901,0.1075,14.16,Traffic,50.29,21.61,32.75
T4590,A47,13-09-2025 08:58,28.9,43.35,Afternoon,Low,34.68,Rain,1,582,0.2121,5.08,Weather,48.43,31.19,25.14
T4591,A31,23-09-2025 06:54,17.74,26.61,Morning Peak,High,10.44,Fog,2,339,0.5145,11.59,Incident,38.2,22.86,21.79
T4592,A5,17-09-2025 05:14,2.17,3.25,Evening Peak,High,24.54,Clear,0,870,0.4394,1.62,Traffic,4.87,2.2,7.13
T4593,A50,04-09-2025 04:57,2.7,4.05,Afternoon,Low,44.43,Clear,0,794,0.1133,0.16,No Delay,4.21,3.47,4.83
T4594,A1,07-09-2025 02:30,28.93,43.39,Night,Low,28.91,Rain,1,641,0.2854,19.22,Weather,62.61,11.84,53.53
T4595,A6,04-09-2025 08:09,3.76,5.64,Night,Low,40.25,Clear,0,905,0,-0.19,Weather,5.45,2.13,11.25
T4596,A38,28-09-2025 11:46,2.56,3.84,Afternoon,High,19.38,Rain,1,529,0.8579,1.98,Incident,5.82,4.98,8.09
T4597,A21,09-09-2025 03:15,2.38,3.57,Afternoon,Low,47.06,Clear,0,836,0,0.2,Weather,3.77,0.68,10.73
T4598,A9,25-09-2025 19:01,5.59,8.38,Morning Peak,Low,32.48,Storm,3,198,0.3748,1.56,Weather,9.94,6.44,8.71
T4599,A25,05-09-2025 13:51,9.82,14.73,Night,High,42.64,Rain,1,691,0.2711,5.15,Weather,19.88,2.73,18.27
T4600,A32,01-09-2025 11:22,25.1,37.65,Evening Peak,Medium,22.53,Clear,0,930,0,8.51,Traffic,46.16,0.49,54.52
T4601,A34,01-09-2025 08:32,15.74,23.61,Afternoon,Low,40.42,Clear,0,890,0.0446,-0.12,No Delay,23.49,20.97,7.75
T4602,A18,26-09-2025 05:48,23.58,35.37,Morning Peak,Low,37.03,Fog,2,168,0.2555,6.96,Weather,42.33,17.77,32.51
T4603,A41,28-09-2025 20:51,24.37,36.56,Morning Peak,Medium,23.46,Clear,0,876,0.2103,14.41,Traffic,50.97,27.84,28.14
T4604,A10,20-09-2025 08:47,4.3,6.45,Morning Peak,High,39.9,Clear,0,848,0.3578,3.19,Traffic,9.64,3.05,11.34
T4605,A4,03-09-2025 09:05,20.74,31.11,Afternoon,Low,28.02,Rain,1,744,0.3825,10.31,No Delay,41.42,0.49,41.59
T4606,A18,15-09-2025 06:43,6.78,10.17,Night,High,20.48,Storm,3,268,0.0935,2.42,Weather,12.59,7.46,11.05
T4607,A6,09-09-2025 13:36,11.73,17.59,Evening Peak,High,13.6,Rain,1,603,0.544,5.66,Incident,23.25,1.22,26.71
T4608,A29,19-09-2025 20:43,2.23,3.35,Afternoon,High,28.39,Clear,0,837,0.0822,1.5,Traffic,4.85,4.16,6.21
T4609,A7,14-09-2025 08:31,3.58,5.37,Morning Peak,High,15.37,Clear,0,1040,1.2353,2.06,Incident,7.43,1.38,12.59
T4610,A23,26-09-2025 19:33,29.45,44.17,Morning Peak,High,11.23,Rain,1,585,0.9384,22.86,Incident,67.03,33.5,42.54
T4611,A9,16-09-2025 07:44,2.29,3.44,Evening Peak,High,18.08,Rain,1,422,0.2374,1.53,Traffic,4.97,0,9.53
T4612,A43,21-09-2025 04:37,29.16,43.74,Morning Peak,High,26.47,Clear,0,924,0.4526,20,Traffic,63.74,1.25,66.7
T4613,A39,12-09-2025 18:36,28.76,43.14,Afternoon,Medium,28.14,Clear,0,910,0,16.68,Traffic,59.82,4.32,59.31
T4614,A6,21-09-2025 00:37,25.39,38.09,Night,Medium,51.01,Storm,3,234,0.3085,16.04,Weather,54.13,39.73,23.07
T4615,A25,03-09-2025 10:01,29.6,44.4,Night,High,16.97,Clear,0,943,0.835,23.62,Incident,68.02,58,16.24
T4616,A40,23-09-2025 11:49,12.95,19.42,Afternoon,Low,31.28,Storm,3,172,0.2822,3.54,Weather,22.96,17.72,10.22
T4617,A2,24-09-2025 20:25,19.19,28.79,Evening Peak,High,39.27,Rain,1,694,0.3342,14.48,Traffic,43.27,33.32,15.9
T4618,A42,23-09-2025 07:22,19.44,29.16,Afternoon,Low,21.52,Fog,2,292,0.2023,4.77,Weather,33.93,12.06,27.55
T4619,A34,13-09-2025 23:51,13.61,20.41,Night,High,18.98,Clear,0,751,0.4078,11.32,Incident,31.73,13.5,21
T4620,A40,30-09-2025 18:56,18.27,27.41,Morning Peak,High,15.49,Rain,1,517,0.8212,12.26,Incident,39.67,19.39,24.18
T4621,A21,20-09-2025 01:09,3.83,5.75,Evening Peak,Medium,22.18,Storm,3,255,0.1615,1.95,Weather,7.7,0.33,12.33
T4622,A32,21-09-2025 18:37,19.87,29.8,Afternoon,Low,29.47,Storm,3,138,0.256,9.17,Weather,38.97,26.15,20.35
T4623,A10,06-09-2025 11:00,8.2,12.3,Afternoon,Medium,36.92,Fog,2,255,0.3067,5.16,Weather,17.46,5.04,17.74
T4624,A28,25-09-2025 14:33,19.33,28.99,Evening Peak,Medium,31.86,Rain,1,523,0.3356,6.28,Traffic,35.27,25.35,18.65
T4625,A47,29-09-2025 15:05,6.5,9.75,Evening Peak,High,16.52,Clear,0,848,0.7655,5.58,Incident,15.33,9.98,10.39
T4626,A2,10-09-2025 17:44,10.6,15.9,Afternoon,Low,54.68,Storm,3,263,0.2946,1.93,Weather,17.83,10.68,10.03
T4627,A27,25-09-2025 04:38,3.11,4.67,Evening Peak,Medium,29.41,Clear,0,889,0.3903,1.9,Traffic,6.57,0.22,8.52
T4628,A15,19-09-2025 18:27,14.38,21.57,Night,Low,52.42,Clear,0,971,0,0.5,No Delay,22.07,0.96,30.14
T4629,A1,28-09-2025 11:00,11.78,17.67,Evening Peak,Medium,26.43,Clear,0,1009,0.3302,3.57,Traffic,21.24,12.48,12.25
T4630,A7,18-09-2025 14:14,27.46,41.19,Evening Peak,High,21.38,Rain,1,654,1.2686,18.87,Incident,60.06,15.91,47.92
T4631,A9,18-09-2025 20:50,24.52,36.78,Night,Medium,32.89,Fog,2,259,0.237,9.76,Weather,46.54,11.6,39.51
T4632,A4,17-09-2025 20:24,21.97,32.95,Afternoon,High,9.47,Storm,3,191,0.3376,9.87,Incident,42.82,37.39,10.72
T4633,A4,08-09-2025 10:34,22.65,33.97,Afternoon,Low,28.23,Fog,2,142,0.1812,15.23,Weather,49.2,27.72,28.67
T4634,A48,29-09-2025 19:53,9.9,14.85,Afternoon,Low,37.92,Clear,0,838,0,0.57,No Delay,15.42,12.2,12.28
T4635,A36,26-09-2025 23:55,11.43,17.14,Evening Peak,Medium,48.29,Storm,3,263,0.4066,5.74,Weather,22.88,1.51,28.39
T4636,A6,15-09-2025 04:40,10.08,15.12,Night,Low,37.57,Clear,0,1082,0.1518,0.72,No Delay,15.84,12.99,9.02
T4637,A20,07-09-2025 22:29,16.56,24.84,Night,Low,49.8,Clear,0,820,0.0365,0.44,No Delay,25.28,16.55,13.1
T4638,A38,23-09-2025 04:46,8.99,13.48,Morning Peak,Medium,18.86,Clear,0,996,0.0629,3.43,Traffic,16.91,13.7,9.48
T4639,A15,20-09-2025 04:46,5.38,8.07,Night,Low,41.54,Clear,0,1064,0,0.15,No Delay,8.22,4.64,11.18
T4640,A3,21-09-2025 23:27,8.18,12.27,Evening Peak,Medium,28.7,Rain,1,729,0.1193,3.21,Traffic,15.48,11.21,6.39
T4641,A6,17-09-2025 21:58,5.36,8.04,Afternoon,Low,40.37,Clear,0,1027,0.1666,0.37,No Delay,8.41,4.47,10.04
T4642,A22,04-09-2025 22:35,8.86,13.29,Afternoon,Medium,31.22,Storm,3,193,0.3707,5.32,Weather,18.61,12.46,10.46
T4643,A14,14-09-2025 22:01,13.79,20.68,Afternoon,Low,51.89,Clear,0,1024,0.0675,0.18,No Delay,20.86,9.45,14.24
T4644,A13,23-09-2025 09:10,29.54,44.31,Afternoon,Low,46.61,Clear,0,872,0.1995,1.65,No Delay,45.96,17.75,34.42
T4645,A11,24-09-2025 03:05,13.95,20.93,Night,Medium,19.26,Rain,1,584,0.6252,10.21,Incident,31.14,6.36,30.85
T4646,A30,02-09-2025 21:10,15.41,23.11,Afternoon,High,30.65,Fog,2,262,0.5027,8.91,Weather,32.02,26.34,14.22
T4647,A34,01-09-2025 18:06,19.15,28.72,Afternoon,Low,45.19,Clear,0,887,0.0249,0.63,No Delay,29.35,12.43,19.89
T4648,A10,15-09-2025 16:11,17.03,25.55,Morning Peak,Low,31.1,Clear,0,816,0,-0.49,No Delay,25.06,17.38,10.83
T4649,A26,15-09-2025 03:40,25.61,38.41,Evening Peak,High,16.37,Clear,0,946,1.3307,24.09,Incident,62.5,5.51,64.18
T4650,A33,15-09-2025 11:31,25.77,38.66,Morning Peak,Medium,9.64,Fog,2,292,1.0305,20.34,Incident,59,28.92,39.13
T4651,A10,15-09-2025 07:18,11.48,17.22,Night,Low,34.47,Clear,0,1056,0,-0.47,No Delay,16.75,6,11.88
T4652,A14,03-09-2025 23:13,9.53,14.29,Afternoon,Medium,19.99,Rain,1,552,1.0543,6.05,Incident,20.34,0.78,20.42
T4653,A37,26-09-2025 19:15,20.74,31.11,Night,High,18.45,Rain,1,721,0.4046,17.88,Incident,48.99,18.97,33.25
T4654,A50,15-09-2025 09:43,7.71,11.56,Afternoon,Medium,11.36,Fog,2,142,0.4918,7.49,Incident,19.05,1.34,23.39
T4655,A47,09-09-2025 04:18,26.43,39.64,Night,Low,60.51,Clear,0,754,0,1.14,No Delay,40.78,23.74,23.28
T4656,A14,07-09-2025 01:51,8.06,12.09,Night,Low,44.22,Clear,0,952,0.0601,-0.34,No Delay,11.75,4.34,14.13
T4657,A25,28-09-2025 10:23,20.85,31.27,Night,Low,43.49,Clear,0,785,0.0051,-0.15,No Delay,31.12,0.1,33.67
T4658,A25,20-09-2025 10:41,22.98,34.47,Afternoon,High,30.94,Fog,2,247,0.3408,7.59,Weather,42.06,3.58,46.27
T4659,A3,23-09-2025 01:34,23.6,35.4,Afternoon,Medium,22.76,Storm,3,121,0.2734,6.2,No Delay,41.6,19.54,28.19
T4660,A10,29-09-2025 18:42,28.86,43.29,Morning Peak,High,39.52,Fog,2,315,0.2839,17.46,Weather,60.75,44.26,24.39
T4661,A46,16-09-2025 05:36,4.47,6.7,Evening Peak,Medium,20.94,Clear,0,935,0.3887,3.46,Traffic,10.16,0.14,17.02
T4662,A8,06-09-2025 14:24,28.18,42.27,Morning Peak,High,15.42,Fog,2,331,1.2651,25.27,Incident,67.54,2.09,70.65
T4663,A4,29-09-2025 08:10,9.76,14.64,Evening Peak,High,30.51,Clear,0,863,0.1478,4.39,Traffic,19.03,1.61,22.52
T4664,A41,05-09-2025 20:49,27.07,40.6,Night,Low,43.41,Clear,0,909,0.1818,0.04,No Delay,40.64,29.11,18.18
T4665,A32,18-09-2025 12:17,16.58,24.87,Evening Peak,Medium,51.09,Fog,2,376,0.508,4.55,Weather,29.42,6.54,26.85
T4666,A27,08-09-2025 10:22,17.61,26.41,Morning Peak,Low,58.3,Clear,0,886,0.0774,-1.03,No Delay,25.38,14.55,14.58
T4667,A20,19-09-2025 10:42,28.03,42.05,Afternoon,High,22.62,Rain,1,466,0.8727,26.26,Incident,68.31,28.47,45.8
T4668,A48,11-09-2025 04:29,6.48,9.72,Evening Peak,Medium,34.49,Fog,2,260,0.3454,4.24,Weather,13.96,12.2,3.9
T4669,A7,14-09-2025 09:48,8.61,12.91,Morning Peak,High,25.05,Fog,2,239,1.118,3.94,Incident,16.85,12.75,9.02
T4670,A9,06-09-2025 11:41,3.13,4.7,Night,Low,51.81,Clear,0,830,0,-0.1,No Delay,4.6,3.8,3.81
T4671,A12,06-09-2025 04:34,17.91,26.86,Morning Peak,Medium,29,Clear,0,860,0.276,9.53,Traffic,36.39,31.61,11.41
T4672,A18,14-09-2025 05:15,11.96,17.94,Night,High,36.63,Storm,3,209,0.0165,6.46,Weather,24.4,17.83,14.25
T4673,A7,01-09-2025 11:12,21.38,32.07,Afternoon,Low,48.74,Clear,0,949,0,-0.84,No Delay,31.23,27.44,10.77
T4674,A15,08-09-2025 05:29,17.72,26.58,Afternoon,Low,56.01,Clear,0,836,0.0654,-0.75,No Delay,25.83,13.14,21.26
T4675,A13,15-09-2025 20:56,26.37,39.55,Morning Peak,Medium,25.16,Rain,1,702,0.1485,8.16,Weather,47.71,12.78,40.46
T4676,A12,27-09-2025 09:31,10.84,16.26,Evening Peak,High,19.77,Fog,2,362,0.7886,7.74,Incident,24,14.18,15.22
T4677,A4,15-09-2025 23:04,19.81,29.71,Afternoon,High,5.05,Fog,2,304,0.6934,15.98,Incident,45.69,40.51,9.57
T4678,A36,28-09-2025 22:42,19.2,28.8,Evening Peak,High,30.48,Clear,0,1007,0.0029,9.84,Traffic,38.64,7.94,34.22
T4679,A34,23-09-2025 07:16,22.39,33.59,Afternoon,High,11.21,Clear,0,790,1.2201,16.51,Incident,50.1,43.28,14.93
T4680,A1,16-09-2025 18:11,4.51,6.76,Afternoon,Medium,26.23,Rain,1,434,0.7784,3.52,Incident,10.28,2.28,12.12
T4681,A2,23-09-2025 01:42,21.37,32.05,Night,Low,47.38,Fog,2,218,0.2485,5.59,Weather,37.64,9.29,38.13
T4682,A23,17-09-2025 12:20,12.7,19.05,Afternoon,Low,57.08,Clear,0,900,0,0.52,No Delay,19.57,10.59,15.38
T4683,A26,09-09-2025 01:00,12.51,18.76,Afternoon,Medium,23.07,Rain,1,597,0.3517,5.65,Traffic,24.41,3.92,29.37
T4684,A49,01-09-2025 23:09,10.09,15.13,Morning Peak,Medium,31.57,Clear,0,872,0.1791,7.38,Traffic,22.51,11.1,18.65
T4685,A20,06-09-2025 22:11,25.21,37.81,Night,Low,47.39,Clear,0,889,0.0487,-0.67,No Delay,37.14,27.37,12.41
T4686,A17,22-09-2025 18:12,6.92,10.38,Evening Peak,Medium,25.19,Storm,3,117,0.6018,1.91,Weather,12.29,0.06,17.01
T4687,A10,23-09-2025 11:01,21.36,32.04,Evening Peak,High,11.99,Fog,2,373,0.5118,15.85,Incident,47.89,13,35.09
T4688,A17,22-09-2025 02:34,28.82,43.23,Afternoon,Medium,31.86,Storm,3,116,0.3845,9.68,Weather,52.91,27.61,27.11
T4689,A24,22-09-2025 15:53,2.8,4.2,Afternoon,Low,51.19,Clear,0,938,0.0239,0,No Delay,4.2,2.89,4.19
T4690,A3,20-09-2025 02:21,3.59,5.38,Morning Peak,High,26.33,Fog,2,334,1.0332,2.86,Incident,8.24,3.39,8.42
T4691,A11,25-09-2025 21:20,19.11,28.66,Morning Peak,Medium,35.95,Clear,0,871,0.1686,9.56,Traffic,38.22,26.67,14.98
T4692,A24,27-09-2025 02:26,20.73,31.09,Evening Peak,Low,46.34,Fog,2,229,0.339,5.85,Weather,36.94,23.91,20.76
T4693,A27,20-09-2025 13:18,25.69,38.53,Night,Low,63.55,Clear,0,804,0,1.75,No Delay,40.28,34.66,7.04
T4694,A25,28-09-2025 11:24,10.55,15.83,Afternoon,Medium,33.26,Rain,1,544,0.3287,2.58,Weather,18.41,12.98,13.19
T4695,A28,02-09-2025 10:09,14.42,21.63,Morning Peak,High,24.87,Clear,0,1012,0.1664,5.55,Traffic,27.18,2.26,25.63
T4696,A6,24-09-2025 11:04,12.14,18.21,Night,Medium,29.22,Storm,3,201,0.3959,8.05,Weather,26.26,0.36,34.92
T4697,A8,06-09-2025 02:56,18.86,28.29,Night,High,18.34,Rain,1,587,0.9635,12.7,Incident,40.99,3.93,43.62
T4698,A8,19-09-2025 01:26,18.1,27.15,Evening Peak,High,17.42,Clear,0,969,1.0146,7.86,Incident,35.01,18.54,24.78
T4699,A23,20-09-2025 10:37,13.21,19.82,Morning Peak,Low,37.15,Fog,2,203,0.207,3.72,Weather,23.54,13.24,12.66
T4700,A25,25-09-2025 12:13,6.11,9.16,Morning Peak,Medium,31.38,Rain,1,481,0.0648,3.7,Traffic,12.86,8.06,8.59
T4701,A24,19-09-2025 08:28,7.31,10.96,Night,Low,50,Clear,0,940,0,0.57,No Delay,11.53,3.39,12.24
T4702,A38,19-09-2025 05:03,26.67,40.01,Morning Peak,Medium,22.8,Clear,0,784,0.2627,16.69,Traffic,56.7,14.95,44
T4703,A40,04-09-2025 23:15,22.48,33.72,Evening Peak,Medium,22.11,Clear,0,903,0.3076,16.46,Traffic,50.18,19.21,35.18
T4704,A13,05-09-2025 02:35,2.49,3.74,Night,Low,43.5,Clear,0,805,0.0261,-0.03,No Delay,3.71,0.96,5.59
T4705,A13,29-09-2025 22:11,9.5,14.25,Afternoon,Low,27.97,Fog,2,250,0.0406,5.38,Weather,19.63,2.77,24.07
T4706,A13,19-09-2025 12:43,11.75,17.62,Morning Peak,Low,30.25,Fog,2,293,0.159,2.81,Weather,20.43,14.64,9.78
T4707,A6,02-09-2025 15:31,2.65,3.98,Afternoon,Medium,14.21,Storm,3,101,0.9918,1.82,Traffic,5.8,5.12,8.81
T4708,A22,22-09-2025 20:54,20.42,30.63,Night,High,37.53,Storm,3,145,0.651,9.83,Weather,40.46,29.65,17.36
T4709,A8,23-09-2025 19:04,20.56,30.84,Afternoon,Low,52.18,Clear,0,1020,0.0405,-0.56,No Delay,30.28,11.94,23.96
T4710,A25,24-09-2025 09:53,27.24,40.86,Evening Peak,High,30.08,Clear,0,910,0.2722,18.17,Traffic,59.03,26.69,39.43
T4711,A46,15-09-2025 23:48,5.65,8.48,Afternoon,Low,47.63,Clear,0,1032,0.2712,0.19,No Delay,8.67,5.81,6.93
T4712,A13,29-09-2025 14:44,18.38,27.57,Night,Low,56.59,Clear,0,832,0.0439,1.01,No Delay,28.58,23.83,9.81
T4713,A38,05-09-2025 11:32,19.45,29.17,Morning Peak,Medium,49.72,Clear,0,955,0.0775,-0.09,No Delay,29.08,21.98,13
T4714,A27,01-09-2025 06:01,14.35,21.53,Night,High,21.19,Rain,1,474,0.9401,7.25,Incident,28.78,8.98,23.4
T4715,A29,08-09-2025 02:25,7.1,10.65,Night,Low,35.02,Clear,0,848,0.0588,-0.05,No Delay,10.6,1.17,15.36
T4716,A5,01-09-2025 16:49,27.5,41.25,Night,High,5,Rain,1,549,1.0802,12.36,Incident,53.61,25.37,32.91
T4717,A13,24-09-2025 03:48,11.42,17.13,Afternoon,Low,49.36,Clear,0,896,0,0.9,No Delay,18.03,2.37,20.35
T4718,A49,08-09-2025 05:54,11.53,17.3,Night,Low,55.17,Fog,2,159,0.4823,5.95,No Delay,23.25,20.04,6.55
T4719,A1,13-09-2025 04:23,20.38,30.57,Evening Peak,Medium,5,Rain,1,589,0.8527,9.88,Incident,40.45,15.5,27.56
T4720,A38,22-09-2025 01:07,18.68,28.02,Afternoon,Low,42.54,Clear,0,941,0.007,0.74,No Delay,28.76,16.01,16.45
T4721,A3,17-09-2025 08:11,14.36,21.54,Morning Peak,Medium,32.66,Rain,1,480,0.5219,2.43,Weather,23.97,16.85,9.59
T4722,A2,28-09-2025 00:03,7.54,11.31,Night,High,5,Fog,2,297,0.7598,4.81,Incident,16.12,2.5,17.26
T4723,A3,01-09-2025 18:11,17.48,26.22,Night,Low,40.91,Clear,0,890,0.0437,0.46,No Delay,26.68,1.39,29.29
T4724,A31,17-09-2025 07:21,2.04,3.06,Afternoon,Medium,50.43,Storm,3,258,0.2876,1.35,Weather,4.41,1.75,10.69
T4725,A46,16-09-2025 09:11,15.29,22.93,Evening Peak,Medium,42.48,Rain,1,617,0.2955,4.39,Traffic,27.32,2.89,32.57
T4726,A41,13-09-2025 08:25,10.99,16.48,Afternoon,Low,52.66,Clear,0,871,0,-0.14,No Delay,16.34,6.82,17.51
T4727,A30,30-09-2025 17:26,11.13,16.7,Night,Low,45.23,Clear,0,873,0,0.01,No Delay,16.71,7.55,14.03
T4728,A14,10-09-2025 00:42,9.79,14.68,Night,Medium,22.44,Fog,2,229,0.503,6.14,Weather,20.82,10.37,13.67
T4729,A15,15-09-2025 05:03,25.38,38.07,Morning Peak,High,10.06,Fog,2,208,1.1051,24.56,Incident,62.63,23.24,43.64
T4730,A39,16-09-2025 01:49,22.09,33.13,Afternoon,Low,45.2,Clear,0,1041,0,1.49,No Delay,34.62,16.18,24.29
T4731,A19,08-09-2025 13:18,17.62,26.43,Morning Peak,Low,26.9,Storm,3,94,0.2489,9.16,Weather,35.59,23.08,14.84
T4732,A16,01-09-2025 11:40,2.65,3.98,Afternoon,Medium,20.16,Rain,1,541,0.4822,1.31,Traffic,5.29,2.8,8.53
T4733,A16,14-09-2025 11:03,5.22,7.83,Afternoon,Low,45.38,Clear,0,908,0,0.16,No Delay,7.99,3.54,11.93
T4734,A31,06-09-2025 18:47,7.14,10.71,Night,Low,59.36,Clear,0,764,0.137,-0.25,No Delay,10.46,7.66,9.8
T4735,A30,16-09-2025 23:47,13.82,20.73,Night,Medium,35.47,Rain,1,459,0.4021,5.42,Weather,26.15,12.81,17.51
T4736,A6,12-09-2025 02:04,4.2,6.3,Evening Peak,Medium,19.08,Clear,0,791,0.2414,2.6,Traffic,8.9,4.16,11.64
T4737,A10,30-09-2025 17:18,20.89,31.34,Night,Medium,58.7,Clear,0,780,0.1166,-0.15,No Delay,31.19,2.5,36.77
T4738,A40,04-09-2025 16:58,28.83,43.24,Night,Low,42.29,Fog,2,287,0.5364,15.07,Weather,58.31,36.65,27.26
T4739,A43,01-09-2025 11:10,6.96,10.44,Afternoon,High,31.55,Clear,0,910,0.0287,4.62,Traffic,15.06,6.14,11.64
T4740,A48,08-09-2025 13:57,26.29,39.44,Morning Peak,Low,43.24,Clear,0,1049,0.0482,1.78,No Delay,41.22,24.41,21.02
T4741,A34,04-09-2025 20:10,26.88,40.32,Morning Peak,Low,27.71,Storm,3,130,0.404,13.5,Weather,53.82,39.26,20.57
T4742,A15,20-09-2025 09:51,28.78,43.17,Morning Peak,High,11.88,Storm,3,94,1.2354,14.42,Traffic,57.59,0.3,57.95
T4743,A7,15-09-2025 16:11,14.8,22.2,Night,Low,46.03,Clear,0,833,0,0.3,No Delay,22.5,3.93,22.05
T4744,A17,05-09-2025 15:16,10.98,16.47,Evening Peak,High,21.7,Storm,3,185,0.575,5.07,Incident,21.54,9.64,15.94
T4745,A32,14-09-2025 06:14,26.48,39.72,Night,Low,32.93,Rain,1,597,0.2408,8.38,Weather,48.1,1.58,46.06
T4746,A29,30-09-2025 16:37,28.48,42.72,Evening Peak,High,16.44,Clear,0,750,0.7853,13.89,Incident,56.61,15.46,48.14
T4747,A4,14-09-2025 14:16,29.31,43.97,Morning Peak,Medium,25.82,Storm,3,96,1.1477,16.17,Incident,60.14,26.6,38.69
T4748,A21,04-09-2025 06:31,25.47,38.2,Evening Peak,Medium,14.01,Storm,3,142,0.7244,14.25,Incident,52.45,27.56,28.21
T4749,A20,06-09-2025 15:53,9.94,14.91,Night,Medium,43.94,Clear,0,1051,0.0814,0.88,No Delay,15.79,10.66,8.13
T4750,A40,01-09-2025 05:19,29.91,44.87,Evening Peak,High,29.44,Rain,1,488,0.1517,19.85,Traffic,64.72,32.83,36.67
T4751,A47,15-09-2025 21:50,10.36,15.54,Morning Peak,High,16.43,Clear,0,895,0.5422,4.45,Incident,19.99,2.85,21.32
T4752,A5,18-09-2025 20:23,28.97,43.45,Evening Peak,High,29.16,Clear,0,775,0.3046,19.31,Traffic,62.76,2.97,58.01
T4753,A44,13-09-2025 02:00,22.78,34.17,Evening Peak,Medium,18.38,Clear,0,888,0.738,16.31,Incident,50.48,22.55,35.47
T4754,A34,27-09-2025 06:09,22.92,34.38,Evening Peak,Medium,48.07,Clear,0,875,0.0949,-0.81,No Delay,33.57,19.2,19.72
T4755,A23,18-09-2025 06:28,28.62,42.93,Morning Peak,High,23.22,Rain,1,648,0.5613,14.39,Incident,57.32,44.61,18.48
T4756,A4,24-09-2025 10:07,3.38,5.07,Night,Low,47.76,Clear,0,949,0.049,0.02,No Delay,5.09,3.35,8.8
T4757,A45,19-09-2025 22:07,22.94,34.41,Night,High,21.78,Fog,2,146,0.9101,22.13,Incident,56.54,24.91,34.68
T4758,A42,07-09-2025 13:28,2.89,4.34,Evening Peak,Low,25.14,Fog,2,328,0.4137,1.83,Weather,6.17,2.81,6.66
T4759,A44,18-09-2025 02:10,24.89,37.34,Afternoon,High,31.73,Rain,1,570,0.4083,7.72,Weather,45.06,20.96,30.6
T4760,A5,10-09-2025 08:07,20.44,30.66,Evening Peak,High,16.78,Fog,2,273,0.8937,10.57,Incident,41.23,6.42,34.8
T4761,A40,18-09-2025 08:39,20.29,30.43,Night,Medium,23.04,Clear,0,995,0.9717,15.4,Incident,45.83,38.99,8.2
T4762,A33,12-09-2025 18:12,28.79,43.19,Night,High,27.85,Rain,1,534,0.3227,9.24,Weather,52.43,12.86,42.29
T4763,A49,09-09-2025 11:09,11.71,17.57,Night,High,17.52,Clear,0,920,0,4.85,Traffic,22.42,6.59,18.58
T4764,A31,25-09-2025 22:21,26.6,39.9,Afternoon,Low,34.51,Clear,0,866,0.1703,0.05,No Delay,39.95,0.42,38.73
T4765,A10,15-09-2025 01:12,17.01,25.52,Morning Peak,High,42.46,Fog,2,187,0.0914,5.77,Weather,31.29,26.76,11.27
T4766,A2,18-09-2025 18:19,5.57,8.36,Morning Peak,Low,27.63,Storm,3,283,0.2893,1.41,Weather,9.77,8.37,10.13
T4767,A45,14-09-2025 06:29,9.27,13.9,Afternoon,Low,35.72,Clear,0,949,0.0759,-0.46,No Delay,13.44,1.54,20.62
T4768,A15,18-09-2025 14:59,26.94,40.41,Night,High,16.17,Clear,0,950,0.6305,15.45,Incident,55.86,12.48,46.4
T4769,A40,14-09-2025 07:17,9.97,14.96,Afternoon,Medium,13.25,Rain,1,580,1.1161,5.31,Incident,20.27,11.33,15.16
T4770,A4,07-09-2025 07:13,14.97,22.46,Morning Peak,Medium,27.85,Clear,0,960,0.0777,8.34,Incident,30.8,0.12,36.56
T4771,A45,20-09-2025 11:18,29.9,44.85,Morning Peak,Medium,30.22,Clear,0,947,0.3819,21.36,Traffic,66.21,16.31,54.98
T4772,A19,12-09-2025 21:52,10.35,15.52,Evening Peak,High,21.62,Clear,0,854,1.1395,9.83,Incident,25.35,19.66,11.22
T4773,A47,19-09-2025 16:15,25.95,38.92,Night,High,18.56,Rain,1,540,1.0396,20.92,Incident,59.84,45.8,17.01
T4774,A9,18-09-2025 11:50,12.56,18.84,Evening Peak,Medium,24.51,Rain,1,707,0.7347,6.34,Incident,25.18,2.9,27.49
T4775,A12,24-09-2025 02:20,3.98,5.97,Night,High,31.12,Rain,1,683,0.0438,2.45,Traffic,8.42,4.93,7.43
T4776,A45,08-09-2025 12:32,17.9,26.85,Evening Peak,Low,36.93,Storm,3,184,0.1589,3.88,Weather,30.73,19.49,19.02
T4777,A2,28-09-2025 04:21,14.97,22.46,Afternoon,High,21.56,Fog,2,247,0.685,7.96,Incident,30.42,6.08,34.73
T4778,A43,24-09-2025 00:26,17.52,26.28,Morning Peak,Low,45.09,Clear,0,845,0.119,1.11,No Delay,27.39,3.49,25.16
T4779,A13,10-09-2025 02:08,9.37,14.05,Evening Peak,High,21.63,Clear,0,871,0.3483,5.25,Traffic,19.3,12.9,13.2
T4780,A19,11-09-2025 18:27,20.66,30.99,Night,Medium,22.3,Clear,0,1066,0.3475,15.49,Traffic,46.48,4.75,49.43
T4781,A36,26-09-2025 13:16,13.93,20.89,Morning Peak,High,39.57,Storm,3,260,0.1841,4.16,Weather,25.05,17.26,14.01
T4782,A50,28-09-2025 16:18,9.63,14.45,Morning Peak,High,43.2,Clear,0,835,0.2006,4.5,Traffic,18.95,15.14,8.08
T4783,A35,23-09-2025 18:40,13.01,19.52,Evening Peak,High,9.15,Rain,1,444,1.1918,6.99,Incident,26.51,2.69,30.77
T4784,A10,15-09-2025 22:09,12.19,18.28,Night,High,29.59,Storm,3,213,0.1122,5.31,Weather,23.59,17.59,11.38
T4785,A6,12-09-2025 05:01,13.9,20.85,Morning Peak,Medium,17.76,Fog,2,327,0.8072,12.9,Incident,33.75,7.8,30.19
T4786,A40,14-09-2025 03:07,7.71,11.56,Evening Peak,Low,19.13,Fog,2,361,0.2548,3.24,No Delay,14.8,3.17,14.67
T4787,A22,12-09-2025 11:43,6.36,9.54,Evening Peak,Medium,31.41,Rain,1,433,0.417,4.94,Traffic,14.48,8.2,11.38
T4788,A15,15-09-2025 08:14,19.17,28.76,Evening Peak,High,21.03,Fog,2,310,0.3381,6.76,Weather,35.52,13.94,24.94
T4789,A21,08-09-2025 08:13,5.66,8.49,Morning Peak,Medium,16.15,Fog,2,213,0.8971,3.85,Incident,12.34,9.49,8.99
T4790,A40,17-09-2025 07:26,3.74,5.61,Afternoon,Low,44.91,Clear,0,815,0.0551,-0.1,No Delay,5.51,4.66,7.9
T4791,A42,26-09-2025 15:39,11.39,17.09,Night,Low,51.66,Clear,0,883,0.074,-0.66,No Delay,16.43,4.44,20.86
T4792,A47,01-09-2025 18:08,23.72,35.58,Night,Medium,40.59,Fog,2,235,0.4124,14.33,Weather,49.91,36.32,21.98
T4793,A28,10-09-2025 00:48,5.05,7.58,Afternoon,Medium,6.51,Fog,2,259,0.787,4.45,Incident,12.03,0.34,15.55
T4794,A33,08-09-2025 15:47,24.27,36.41,Morning Peak,High,31.99,Rain,1,472,0.2897,10.77,Traffic,47.18,33.43,18.16
T4795,A4,30-09-2025 01:41,9.1,13.65,Evening Peak,Medium,22.5,Fog,2,369,0.5239,5.88,Incident,19.53,12.3,15.33
T4796,A24,15-09-2025 01:09,29.35,44.02,Morning Peak,High,7.55,Rain,1,639,0.7387,24.71,Incident,68.73,18.96,59.93
T4797,A34,12-09-2025 06:23,5.72,8.58,Morning Peak,Medium,27.15,Clear,0,887,0.1187,2.09,Traffic,10.67,9.18,4.32
T4798,A33,16-09-2025 20:13,4.43,6.64,Afternoon,High,26.83,Clear,0,1015,0.442,2.54,Traffic,9.18,0.33,11.74
T4799,A11,23-09-2025 16:44,28.52,42.78,Night,Medium,32.8,Storm,3,96,0.0421,11.02,Weather,53.8,21.01,40.04
T4800,A6,18-09-2025 15:01,20.66,30.99,Afternoon,Low,54.15,Clear,0,825,0.0678,0.55,No Delay,31.54,22.16,15.28
T4801,A43,08-09-2025 23:16,21.48,32.22,Afternoon,Medium,35.78,Clear,0,962,0.0596,10.08,Traffic,42.3,17.03,34.51
T4802,A46,14-09-2025 08:19,23.62,35.43,Evening Peak,Medium,25.03,Clear,0,906,0.2837,14.52,Traffic,49.95,11.4,46.11
T4803,A38,06-09-2025 11:08,16.14,24.21,Night,Low,57.87,Fog,2,295,0.3794,6.64,Weather,30.85,26.91,7.44
T4804,A33,15-09-2025 16:04,20.97,31.45,Afternoon,Low,31.64,Fog,2,299,0.5541,10.8,Weather,42.25,21.14,29.17
T4805,A13,24-09-2025 01:58,10.71,16.07,Afternoon,Medium,43.93,Clear,0,879,0.1797,0.01,No Delay,16.08,9.45,12.86
T4806,A10,21-09-2025 14:59,29.79,44.69,Morning Peak,Medium,33.68,Rain,1,520,0.1914,12.32,Traffic,57.01,51.19,7.8
T4807,A50,23-09-2025 01:12,7.61,11.42,Morning Peak,High,27.7,Clear,0,924,0.2478,3.26,Traffic,14.68,7.64,13.18
T4808,A15,05-09-2025 18:48,12.08,18.12,Evening Peak,Medium,43.87,Rain,1,717,0.2368,6.97,Weather,25.09,4.39,26.66
T4809,A23,01-09-2025 06:50,18.55,27.82,Afternoon,Low,49.41,Clear,0,910,0.0022,-0.01,No Delay,27.81,0.94,30.64
T4810,A43,09-09-2025 08:06,10.49,15.73,Morning Peak,High,22.82,Clear,0,925,0.4607,5.34,Traffic,21.07,2.6,20.17
T4811,A1,08-09-2025 08:00,6.26,9.39,Afternoon,Medium,36.87,Fog,2,361,0.3972,2.72,Weather,12.11,6.49,11.29
T4812,A2,10-09-2025 00:10,7.41,11.12,Night,High,32.46,Fog,2,229,0.2744,1.94,Weather,13.06,3.71,13.55
T4813,A22,20-09-2025 16:47,6.07,9.11,Evening Peak,Medium,19.43,Fog,2,290,0.577,5.3,Incident,14.41,12.47,8.09
T4814,A26,27-09-2025 05:21,14.9,22.35,Night,Low,40.54,Clear,0,918,0.0616,0.3,No Delay,22.65,0.75,23.28
T4815,A7,07-09-2025 17:58,24.13,36.2,Night,High,49.15,Storm,3,281,0.2714,9.3,Weather,45.5,33.89,15.11
T4816,A2,13-09-2025 00:36,9.31,13.96,Night,Low,38.18,Clear,0,859,0,-0.32,No Delay,13.64,10.64,10.21
T4817,A24,17-09-2025 21:58,20.34,30.51,Morning Peak,Low,29.45,Rain,1,684,0.1006,5.27,Weather,35.78,23.9,18.41
T4818,A36,11-09-2025 19:05,23.77,35.65,Morning Peak,High,34.73,Clear,0,882,0.3461,13.1,Traffic,48.75,39.52,13.72
T4819,A47,27-09-2025 10:16,12.5,18.75,Afternoon,Low,47.11,Clear,0,851,0.0536,0.01,No Delay,18.76,6.15,18.26
T4820,A16,10-09-2025 10:23,29.3,43.95,Morning Peak,Medium,32.88,Rain,1,638,0.3768,10.07,Weather,54.02,23.81,36.3
T4821,A40,07-09-2025 17:02,26.49,39.73,Morning Peak,High,32.98,Clear,0,882,0.4449,18.62,Traffic,58.35,33.34,30.37
T4822,A26,08-09-2025 17:15,13.31,19.96,Afternoon,High,21.48,Storm,3,88,0.6396,6.99,Incident,26.95,11.19,23.35
T4823,A37,30-09-2025 00:06,6.93,10.39,Night,Low,52.47,Clear,0,936,0.0483,-0.19,No Delay,10.2,8.67,4.98
T4824,A29,30-09-2025 01:21,6.8,10.2,Morning Peak,High,22.57,Clear,0,803,0.9739,3.12,Incident,13.32,7.86,11.42
T4825,A12,17-09-2025 01:00,12.67,19,Evening Peak,High,22.15,Clear,0,988,1.3759,8.53,Incident,27.53,11.12,19.39
T4826,A49,30-09-2025 05:23,21.19,31.79,Night,Medium,39.28,Storm,3,249,0.3523,4.25,Weather,36.04,7.04,32.3
T4827,A16,02-09-2025 22:54,19.21,28.82,Night,Low,48.25,Clear,0,768,0.1605,0.39,No Delay,29.21,8.94,27.44
T4828,A43,01-09-2025 05:38,11.86,17.79,Morning Peak,Low,35.13,Storm,3,271,0.3347,3.61,No Delay,21.4,0.06,27.98
T4829,A17,02-09-2025 15:31,10.36,15.54,Evening Peak,Medium,21.22,Clear,0,950,0.1479,5.37,Traffic,20.91,4.08,21.52
T4830,A29,08-09-2025 02:24,9.65,14.48,Night,Medium,40.97,Storm,3,102,0.5802,3.14,Weather,17.62,3.41,18.15
T4831,A24,25-09-2025 21:42,2.03,3.04,Morning Peak,Medium,21.01,Clear,0,783,0.4012,0.59,Traffic,3.63,1,9.27
T4832,A19,06-09-2025 06:23,11.45,17.18,Night,Low,32.19,Fog,2,332,0.3051,3.9,Weather,21.08,15.24,10.01
T4833,A6,16-09-2025 10:19,26.35,39.53,Afternoon,Low,33.76,Clear,0,816,0,-1.42,No Delay,38.11,18.31,22.69
T4834,A20,05-09-2025 17:30,20.45,30.67,Evening Peak,High,5.14,Fog,2,400,0.7055,18.6,Incident,49.27,34.79,21.05
T4835,A22,17-09-2025 11:58,2.82,4.23,Afternoon,High,16.4,Rain,1,683,0.9811,1.29,Incident,5.52,0.07,9.65
T4836,A17,27-09-2025 22:49,15.24,22.86,Evening Peak,High,25.06,Clear,0,955,0.3258,5.78,Traffic,28.64,22.55,10.18
T4837,A11,07-09-2025 19:01,6.4,9.6,Afternoon,Low,56.44,Clear,0,1055,0.0125,0.42,No Delay,10.02,0.88,11.31
T4838,A29,14-09-2025 11:00,23.48,35.22,Evening Peak,High,16.12,Rain,1,458,0.8857,12.36,Traffic,47.58,31.4,19.73
T4839,A35,10-09-2025 14:12,25.94,38.91,Night,High,39.74,Fog,2,297,0.3546,6.86,Weather,45.77,17.54,35.36
T4840,A28,13-09-2025 11:41,3.38,5.07,Night,Low,44.58,Storm,3,147,0.4384,0.67,Weather,5.74,3.71,9.29
T4841,A32,16-09-2025 14:10,7.33,10.99,Evening Peak,High,24.03,Clear,0,868,0.477,3.55,Traffic,14.54,2.35,17.64
T4842,A23,20-09-2025 23:36,28.52,42.78,Night,Low,31.8,Fog,2,193,0.2833,6.74,Weather,49.52,11.08,39.97
T4843,A25,17-09-2025 19:55,18.36,27.54,Evening Peak,Medium,16.4,Storm,3,155,0.6879,6.1,Weather,33.64,13.81,28.49
T4844,A2,23-09-2025 12:55,4.74,7.11,Morning Peak,High,29.31,Rain,1,413,0.0466,1.71,Traffic,8.82,6.41,8.47
T4845,A8,09-09-2025 15:01,27.49,41.23,Morning Peak,High,19.42,Fog,2,169,0.7083,25.57,Incident,66.8,56.65,13.12
T4846,A2,09-09-2025 21:04,17.24,25.86,Morning Peak,High,44.32,Clear,0,931,0.5166,12.88,Traffic,38.74,34.31,9.25
T4847,A27,02-09-2025 01:07,8.83,13.25,Afternoon,High,13.23,Rain,1,466,1.0361,6.03,Incident,19.28,0.42,20.82
T4848,A15,21-09-2025 17:34,9.01,13.52,Evening Peak,Medium,28.93,Storm,3,259,0,1.49,Weather,15.01,8.74,9.36
T4849,A10,04-09-2025 13:15,4.05,6.07,Evening Peak,Medium,21.34,Clear,0,1023,0.7166,2.09,Traffic,8.16,1.28,11.01
T4850,A28,06-09-2025 13:34,15.42,23.13,Evening Peak,High,33.65,Storm,3,198,0.2343,5.68,No Delay,28.81,7.1,26.64
T4851,A33,18-09-2025 16:12,13.66,20.49,Afternoon,High,43.58,Storm,3,105,0,7,Weather,27.49,16.3,13.54
T4852,A44,17-09-2025 13:37,22.51,33.77,Morning Peak,Medium,28.16,Clear,0,798,0.2568,11.19,Traffic,44.96,28.77,23.18
T4853,A21,27-09-2025 05:43,4.71,7.06,Afternoon,Low,42.71,Clear,0,999,0.0423,0.09,No Delay,7.15,0.74,12.5
T4854,A29,23-09-2025 02:03,17.73,26.6,Morning Peak,High,30.35,Clear,0,864,1.2907,15.05,Incident,41.65,24.75,22.62
T4855,A31,10-09-2025 23:28,22.9,34.35,Afternoon,Medium,40.37,Storm,3,141,0.2183,14.12,Weather,48.47,8.71,43.88
T4856,A9,06-09-2025 20:00,2.58,3.87,Morning Peak,High,23.52,Clear,0,917,0.5232,1.76,Traffic,5.63,2.31,9.32
T4857,A1,09-09-2025 09:37,3.64,5.46,Morning Peak,High,13.86,Clear,0,865,0.7586,3.35,Incident,8.81,6.64,5.77
T4858,A30,03-09-2025 05:38,24.52,36.78,Evening Peak,Low,33.91,Clear,0,965,0.1286,1.5,No Delay,38.28,29.19,12.8
T4859,A42,07-09-2025 01:53,13.07,19.61,Afternoon,High,26.74,Clear,0,920,0.1682,10.02,Traffic,29.63,13.21,23.05
T4860,A29,29-09-2025 15:30,13.43,20.14,Night,Low,32.64,Storm,3,272,0.5205,3.6,No Delay,23.74,5.97,25.29
T4861,A48,01-09-2025 12:40,17.06,25.59,Morning Peak,High,13.44,Rain,1,612,0.673,7.58,Incident,33.17,25.37,11.85
T4862,A2,03-09-2025 21:25,21.88,32.82,Evening Peak,High,25.33,Clear,0,1010,0.205,7.5,Traffic,40.32,21.78,23.07
T4863,A29,28-09-2025 08:37,4.05,6.07,Morning Peak,High,35.12,Clear,0,907,0.1673,2.49,Traffic,8.56,3.43,12.65
T4864,A14,09-09-2025 20:27,21.04,31.56,Morning Peak,Medium,24.83,Fog,2,301,0.402,13.66,Weather,45.22,1.9,48.2
T4865,A26,25-09-2025 14:18,14.91,22.37,Morning Peak,Medium,29.37,Rain,1,519,0.1689,10.62,Traffic,32.99,11.62,25.17
T4866,A37,05-09-2025 13:26,4.85,7.27,Afternoon,High,25.02,Clear,0,961,0.2776,2.18,Traffic,9.45,0.23,15.25
T4867,A36,13-09-2025 15:37,28.54,42.81,Afternoon,High,39.96,Clear,0,907,0.2534,9.86,Traffic,52.67,34.97,22.74
T4868,A28,25-09-2025 20:53,5.64,8.46,Evening Peak,High,15.01,Clear,0,768,1.1834,4.33,Incident,12.79,6.99,8.22
T4869,A29,06-09-2025 00:35,6.24,9.36,Evening Peak,High,11.91,Rain,1,555,1.0948,3.36,Incident,12.72,11.33,4.96
T4870,A10,08-09-2025 06:30,23.28,34.92,Night,Low,38.53,Fog,2,190,0.3897,13.67,Weather,48.59,16.18,40.46
T4871,A35,07-09-2025 17:44,16.73,25.09,Afternoon,High,44.51,Fog,2,148,0.3207,9.73,Weather,34.82,14.99,23.33
T4872,A10,26-09-2025 01:37,4.14,6.21,Morning Peak,Low,43.51,Fog,2,247,0.4169,0.94,Weather,7.15,3.53,10.93
T4873,A48,17-09-2025 04:12,28.73,43.1,Afternoon,Medium,37.74,Clear,0,968,0.1997,15.22,Traffic,58.32,13.98,46.48
T4874,A40,08-09-2025 10:31,28.95,43.42,Afternoon,Low,30.23,Storm,3,277,0.475,12.61,Weather,56.03,42.2,18.08
T4875,A15,17-09-2025 19:50,9.4,14.1,Night,Medium,51.25,Rain,1,604,0.206,1.86,Weather,15.96,2.07,17.47
T4876,A4,11-09-2025 15:02,15.35,23.02,Morning Peak,Low,36.2,Fog,2,222,0.3329,7.72,Weather,30.74,14.32,18.82
T4877,A23,22-09-2025 23:40,26.42,39.63,Evening Peak,Medium,20.03,Storm,3,183,0.7663,16.52,Weather,56.15,38.99,20.15
T4878,A10,24-09-2025 23:45,29.97,44.95,Evening Peak,High,37.75,Clear,0,848,0.1817,22.45,Traffic,67.4,4.98,74.02
T4879,A50,02-09-2025 05:15,16.46,24.69,Night,Low,44.82,Clear,0,975,0.1335,0.22,No Delay,24.91,9.86,15.78
T4880,A11,20-09-2025 03:16,24.42,36.63,Morning Peak,High,12.45,Fog,2,299,0.8593,13.77,Traffic,50.4,7.71,54.31
T4881,A20,22-09-2025 09:39,20.33,30.49,Night,Medium,51.76,Fog,2,244,0.4798,12.24,Weather,42.73,3.11,43
T4882,A38,10-09-2025 07:58,25.9,38.85,Night,High,32.86,Clear,0,1009,0.2331,20.16,Traffic,59.01,28.73,35.5
T4883,A47,25-09-2025 03:35,3.48,5.22,Morning Peak,High,31.49,Clear,0,762,0.1991,2.25,Traffic,7.47,6.64,6.04
T4884,A32,18-09-2025 14:00,12.87,19.3,Afternoon,High,14.39,Fog,2,280,0.6512,10.78,Incident,30.08,21.23,12.18
T4885,A9,14-09-2025 17:21,25.48,38.22,Night,Low,53.7,Clear,0,871,0.0195,-0.59,No Delay,37.63,6.43,31.83
T4886,A46,20-09-2025 19:24,12.64,18.96,Afternoon,Medium,26.33,Fog,2,284,0.5482,6.24,Weather,25.2,13.18,18.74
T4887,A2,30-09-2025 18:24,25,37.5,Night,Low,53.71,Clear,0,885,0.0752,0.74,No Delay,38.24,24.06,19.39
T4888,A31,20-09-2025 22:03,18.35,27.53,Morning Peak,High,24.31,Rain,1,705,0.1029,5.71,Traffic,33.24,14.48,21.31
T4889,A2,30-09-2025 23:54,16.98,25.47,Night,Low,28.68,Clear,0,932,0,0.84,No Delay,26.31,7.21,21.33
T4890,A4,24-09-2025 19:45,21.61,32.41,Morning Peak,High,13.12,Rain,1,470,0.6701,13.88,Incident,46.29,36.37,16.3
T4891,A26,21-09-2025 00:19,26.92,40.38,Night,Low,43.83,Clear,0,897,0.0268,1.13,No Delay,41.51,25.62,22.82
T4892,A36,12-09-2025 06:45,17.56,26.34,Afternoon,High,22.65,Clear,0,939,1.0024,17.06,Incident,43.4,34.98,13.97
T4893,A50,26-09-2025 07:53,17.91,26.86,Night,Low,34.89,Clear,0,828,0.1529,-0.46,No Delay,26.4,15.66,14.19
T4894,A35,12-09-2025 10:09,19.05,28.57,Afternoon,Low,47.74,Clear,0,839,0,0.78,No Delay,29.35,8.48,30.66
T4895,A7,10-09-2025 16:21,23.47,35.2,Evening Peak,High,22.38,Fog,2,247,0.7345,12.56,Incident,47.76,1.63,53.14
T4896,A7,07-09-2025 13:09,3.52,5.28,Evening Peak,Medium,34.97,Fog,2,185,0.1713,0.59,Weather,5.87,2.14,11.6
T4897,A19,25-09-2025 11:50,29.67,44.51,Afternoon,High,33.49,Clear,0,880,0.2131,16.28,Traffic,60.79,3.97,61.35
T4898,A49,25-09-2025 19:37,16.86,25.29,Night,Low,33.32,Rain,1,635,0.4858,5.85,Weather,31.14,14.68,18.1
T4899,A41,27-09-2025 21:57,29.26,43.89,Morning Peak,Low,56.8,Fog,2,194,0.1741,9.74,Weather,53.63,27.98,30.65
T4900,A26,14-09-2025 16:46,28.69,43.04,Afternoon,Low,54.78,Clear,0,903,0,1.41,No Delay,44.45,6.47,48.32
T4901,A13,19-09-2025 21:25,20.65,30.97,Afternoon,Medium,49.87,Storm,3,266,0.7137,9.59,Weather,40.56,31.2,15.41
T4902,A14,11-09-2025 08:10,21.79,32.68,Evening Peak,High,27.01,Clear,0,820,0.0654,9.13,Traffic,41.81,15.82,27.78
T4903,A9,18-09-2025 08:00,20.16,30.24,Morning Peak,High,21.68,Fog,2,365,0.9605,19.31,Incident,49.55,42.43,13.22
T4904,A34,13-09-2025 10:10,8.95,13.42,Morning Peak,High,38.56,Storm,3,148,0.5882,2.38,Weather,15.8,4.46,15.88
T4905,A29,08-09-2025 19:21,5.88,8.82,Afternoon,High,9.28,Rain,1,480,0.8308,5.25,Incident,14.07,3.8,19.21
T4906,A46,27-09-2025 19:02,5.7,8.55,Night,Low,46.95,Clear,0,866,0.0133,-0.06,No Delay,8.49,0.23,11.29
T4907,A14,09-09-2025 19:53,3.43,5.15,Morning Peak,Medium,36.84,Fog,2,309,0.4155,2.05,Weather,7.2,4.3,4.73
T4908,A27,09-09-2025 16:10,23.21,34.82,Morning Peak,High,21.48,Clear,0,979,0.0027,7.09,Traffic,41.91,20.41,29.24
T4909,A24,10-09-2025 22:13,17.19,25.79,Evening Peak,Medium,19.77,Fog,2,253,0.4433,3.64,Weather,29.43,8.39,23.98
T4910,A5,09-09-2025 11:35,26.38,39.57,Evening Peak,High,23.42,Storm,3,115,0.962,14.52,Incident,54.09,40.06,19.66
T4911,A42,29-09-2025 03:51,22.9,34.35,Morning Peak,High,14.9,Rain,1,413,0.9433,12.9,Incident,47.25,25.3,24.82
T4912,A37,01-09-2025 21:02,16.99,25.48,Morning Peak,Low,50.69,Clear,0,848,0,-0.6,No Delay,24.88,19.86,12.37
T4913,A50,29-09-2025 16:38,26.91,40.36,Evening Peak,Medium,40.46,Rain,1,479,0.0132,11.8,Traffic,52.16,15.56,38.61
T4914,A37,07-09-2025 14:35,5.38,8.07,Evening Peak,High,33.36,Fog,2,259,0.2009,3.53,No Delay,11.6,6.99,9.46
T4915,A6,01-09-2025 11:18,8.02,12.03,Morning Peak,High,35.22,Clear,0,932,0.1127,2.39,Traffic,14.42,0.21,22.59
T4916,A19,22-09-2025 17:53,20.41,30.61,Evening Peak,Medium,30.44,Fog,2,297,0.162,11.76,Weather,42.37,21.25,28.8
T4917,A35,09-09-2025 12:35,28.49,42.73,Afternoon,Low,34.95,Clear,0,821,0,-0.35,No Delay,42.38,3.41,43.17
T4918,A20,01-09-2025 18:28,29.6,44.4,Afternoon,High,15.45,Fog,2,395,1.2184,21.03,Incident,65.43,3.05,75.66
T4919,A26,23-09-2025 22:06,24.91,37.37,Morning Peak,High,25.78,Clear,0,944,0.0735,13.66,Traffic,51.03,9.17,52.54
T4920,A4,26-09-2025 16:56,29.68,44.52,Morning Peak,Low,40.95,Clear,0,810,0.126,0.75,Weather,45.27,31.73,19.41
T4921,A22,09-09-2025 21:14,20.07,30.11,Night,Low,41.44,Clear,0,835,0.1578,1.57,No Delay,31.68,15.19,26.06
T4922,A37,12-09-2025 04:44,6.79,10.19,Morning Peak,Medium,20.55,Clear,0,963,0.852,5.17,Incident,15.36,5.81,13.5
T4923,A45,12-09-2025 17:36,17.79,26.68,Evening Peak,High,17.15,Fog,2,352,0.3584,13.07,Incident,39.75,5.67,38.13
T4924,A30,08-09-2025 18:25,18.91,28.37,Afternoon,High,35.12,Fog,2,285,0.8502,11.17,Incident,39.54,6.15,38.74
T4925,A13,13-09-2025 06:18,23.71,35.56,Night,Medium,46.96,Clear,0,805,0,-0.01,No Delay,35.55,2.32,43.86
T4926,A12,04-09-2025 12:20,13.78,20.67,Night,Low,47.96,Clear,0,861,0,0.23,No Delay,20.9,11.09,13.68
T4927,A42,14-09-2025 22:59,27.48,41.22,Morning Peak,Low,36.87,Clear,0,1017,0.1759,2.09,No Delay,43.31,31.15,17.09
T4928,A44,27-09-2025 15:50,15.38,23.07,Morning Peak,Medium,63.92,Clear,0,1015,0.0279,-0.62,No Delay,22.45,12.69,14.93
T4929,A32,03-09-2025 13:40,27.44,41.16,Evening Peak,High,20.71,Rain,1,635,0.3453,16.05,Traffic,57.21,14.72,48.83
T4930,A14,09-09-2025 11:08,26.25,39.38,Evening Peak,High,26.8,Rain,1,635,0.9827,17.99,Incident,57.37,44.36,19.81
T4931,A16,20-09-2025 09:28,14.88,22.32,Afternoon,High,21.69,Clear,0,994,0.8595,14.31,Incident,36.63,4.57,34.93
T4932,A36,30-09-2025 06:17,25.27,37.91,Afternoon,Medium,25.93,Storm,3,91,0.2469,5,Weather,42.91,30.5,17.56
T4933,A31,10-09-2025 23:36,29.42,44.13,Evening Peak,High,5,Clear,0,903,0.6358,27.14,Incident,71.27,52.35,20.72
T4934,A36,03-09-2025 13:12,13.33,20,Afternoon,Low,51.43,Clear,0,805,0,0.58,No Delay,20.58,12.44,16.11
T4935,A40,27-09-2025 06:25,25.41,38.12,Morning Peak,Medium,22.98,Clear,0,933,0.3662,11.32,Traffic,49.44,23.61,26.89
T4936,A9,19-09-2025 02:22,16.4,24.6,Afternoon,High,8.94,Clear,0,1060,0.7468,7.6,Traffic,32.2,19.78,20.79
T4937,A29,27-09-2025 09:21,12.79,19.18,Night,Low,45.8,Clear,0,933,0,0.48,No Delay,19.66,8.33,19.56
T4938,A7,02-09-2025 18:18,8.09,12.13,Afternoon,High,16.79,Rain,1,624,1.0158,5.31,Incident,17.44,1.8,24.23
T4939,A10,10-09-2025 06:33,8.12,12.18,Morning Peak,Medium,32.28,Rain,1,762,0.0545,3.6,Traffic,15.78,8.12,12.95
T4940,A36,23-09-2025 08:18,12.35,18.52,Night,High,8.9,Fog,2,360,1.087,6.46,Incident,24.98,3.48,25.95
T4941,A24,16-09-2025 19:03,20.43,30.65,Evening Peak,Low,38.15,Fog,2,241,0.3382,10.21,Weather,40.86,32.3,15.57
T4942,A29,22-09-2025 14:02,21.53,32.3,Morning Peak,Medium,25.73,Fog,2,239,0.1752,13.52,Weather,45.82,12.12,35.84
T4943,A45,08-09-2025 22:13,23.87,35.8,Afternoon,Low,47.67,Clear,0,767,0.1699,0.8,No Delay,36.6,20.09,21.17
T4944,A39,09-09-2025 07:27,23.61,35.41,Afternoon,Low,38.46,Fog,2,234,0.4705,6.81,Weather,42.22,15.12,31.48
T4945,A19,10-09-2025 19:38,6.92,10.38,Night,High,14.07,Clear,0,953,1.2487,5.94,Incident,16.32,11.46,6.33
T4946,A10,28-09-2025 00:34,29.37,44.06,Morning Peak,Medium,20.27,Clear,0,794,0.1946,9.1,Traffic,53.16,4.82,55.15
T4947,A33,05-09-2025 14:25,18.46,27.69,Morning Peak,High,41.23,Clear,0,945,0.2467,11.48,Traffic,39.17,0.99,41.75
T4948,A39,15-09-2025 02:00,29.57,44.35,Afternoon,Low,30.89,Fog,2,217,0.4894,17.45,Weather,61.8,7.52,56.59
T4949,A40,23-09-2025 03:50,21.73,32.59,Morning Peak,Low,57.13,Clear,0,1026,0,-0.58,No Delay,32.01,25.98,10.69
T4950,A48,02-09-2025 04:57,29.47,44.2,Night,High,16.12,Clear,0,877,1.2384,15.74,Incident,59.94,52.02,13.22
T4951,A8,09-09-2025 02:52,10.27,15.4,Night,Low,43.76,Clear,0,876,0.0504,0.31,No Delay,15.71,6.67,13
T4952,A47,01-09-2025 23:41,7.48,11.22,Morning Peak,Medium,24.67,Fog,2,167,0.0616,3.3,Weather,14.52,12.56,4.06
T4953,A49,06-09-2025 05:43,29.52,44.28,Afternoon,High,15.88,Clear,0,938,0.3798,20.02,Traffic,64.3,51.22,18.26
T4954,A24,03-09-2025 02:12,4.94,7.41,Morning Peak,Medium,40.04,Clear,0,910,0.1195,3.32,Traffic,10.73,7.55,6.18
T4955,A37,08-09-2025 13:12,15.6,23.4,Night,Medium,24.35,Storm,3,213,0.3208,9.18,No Delay,32.58,25.06,10.47
T4956,A28,27-09-2025 20:45,19.9,29.85,Afternoon,Medium,21.27,Fog,2,231,0.5317,9.08,Weather,38.93,26.06,17.3
T4957,A32,16-09-2025 10:33,10.85,16.27,Morning Peak,High,45.43,Clear,0,893,0.2848,3.42,Traffic,19.69,16.57,11.19
T4958,A33,24-09-2025 00:05,19.03,28.55,Night,Low,51.75,Clear,0,918,0.1529,-0.48,No Delay,28.07,18.1,13.84
T4959,A34,14-09-2025 15:16,24.58,36.87,Morning Peak,Medium,38.23,Rain,1,552,0.2595,13.68,Traffic,50.55,34.41,20.14
T4960,A1,16-09-2025 23:52,4.16,6.24,Afternoon,High,18.96,Clear,0,847,0.3341,1.72,Traffic,7.96,3.27,8.04
T4961,A34,10-09-2025 00:55,14.69,22.03,Night,Low,42.01,Clear,0,914,0.0284,0.22,No Delay,22.25,13.97,14.53
T4962,A4,20-09-2025 01:53,15.5,23.25,Evening Peak,High,29.29,Clear,0,887,0.3592,8.23,Traffic,31.48,28.13,6.6
T4963,A41,27-09-2025 21:00,9.33,14,Morning Peak,Low,30.78,Fog,2,353,0.2669,1.51,Weather,15.51,7.99,13.57
T4964,A6,09-09-2025 04:56,4.56,6.84,Afternoon,Medium,47.28,Clear,0,909,0,-0.14,No Delay,6.7,3.52,8.63
T4965,A27,15-09-2025 08:17,27.15,40.72,Morning Peak,High,22.94,Fog,2,367,0.7055,14.11,Incident,54.83,47.21,12.05
T4966,A43,07-09-2025 02:24,19.79,29.68,Afternoon,Medium,27.06,Fog,2,277,0.5144,8.15,Weather,37.83,28.91,11.59
T4967,A33,06-09-2025 05:00,14.06,21.09,Afternoon,Medium,25,Fog,2,256,0.4558,8.6,Weather,29.69,16.28,18.13
T4968,A22,15-09-2025 04:00,28.17,42.26,Evening Peak,High,27.04,Rain,1,563,0.1651,17.6,Traffic,59.86,27.13,41.62
T4969,A13,08-09-2025 09:02,6.56,9.84,Afternoon,Medium,28.36,Clear,0,811,0.2696,4.69,Traffic,14.53,12.86,5.79
T4970,A5,11-09-2025 12:43,22.81,34.21,Evening Peak,Medium,38.43,Clear,0,859,0.158,11.99,Incident,46.2,4.32,45.3
T4971,A5,21-09-2025 18:05,26.57,39.86,Afternoon,High,11,Fog,2,208,1.3178,20.54,Incident,60.4,28.62,33.21
T4972,A20,09-09-2025 08:27,14.11,21.16,Afternoon,Low,43.27,Storm,3,108,0.5851,4.96,Weather,26.12,2.07,28.56
T4973,A17,05-09-2025 05:53,15.29,22.93,Night,Low,31.53,Storm,3,235,0.1979,3.42,Weather,26.35,21.21,12.59
T4974,A16,05-09-2025 12:25,8.16,12.24,Afternoon,Low,49.23,Clear,0,894,0,0.73,No Delay,12.97,11.19,8.8
T4975,A41,20-09-2025 01:54,14.29,21.43,Evening Peak,High,30.78,Clear,0,857,0.3874,7.07,Traffic,28.5,7.02,26.5
T4976,A8,26-09-2025 06:29,25.31,37.96,Night,Low,36.62,Clear,0,934,0,-1.26,No Delay,36.7,13.9,28.52
T4977,A11,25-09-2025 18:13,20.89,31.34,Night,Low,25.32,Fog,2,349,0.1985,5.12,Weather,36.46,11.24,25.8
T4978,A7,04-09-2025 02:16,12.9,19.35,Morning Peak,High,30.84,Clear,0,907,0.1895,9.91,Traffic,29.26,15.27,21.27
T4979,A5,19-09-2025 16:03,26.85,40.27,Night,Low,29.41,Storm,3,264,0.0159,4.09,Weather,44.36,14.52,39.15
T4980,A11,09-09-2025 18:06,7.61,11.42,Night,Low,46,Clear,0,924,0,-0.45,No Delay,10.97,6.13,13.62
T4981,A42,28-09-2025 04:03,26.91,40.36,Morning Peak,Low,43.7,Clear,0,1079,0.0892,0.51,No Delay,40.87,35.69,9.29
T4982,A17,04-09-2025 11:56,10.75,16.12,Night,Medium,35.1,Rain,1,449,0.5768,5.82,Weather,21.94,10.04,14.86
T4983,A50,14-09-2025 07:06,24.57,36.85,Afternoon,High,12.19,Fog,2,192,1.1036,16.22,Incident,53.07,8.84,48.95
T4984,A23,18-09-2025 08:36,22.5,33.75,Morning Peak,High,21.93,Clear,0,852,1.0131,20.1,Incident,53.85,48.01,13.86
T4985,A7,18-09-2025 13:03,2.52,3.78,Afternoon,Low,28.31,Storm,3,254,0.4332,1.49,Weather,5.27,4.52,3.17
T4986,A23,16-09-2025 23:37,4.73,7.1,Evening Peak,Medium,8.77,Clear,0,774,1.0262,2.71,Incident,9.81,5.09,9.06
T4987,A39,02-09-2025 06:47,2.93,4.4,Afternoon,Medium,45.81,Clear,0,941,0,-0.1,No Delay,4.3,2.93,5.81
T4988,A10,30-09-2025 12:19,16.08,24.12,Morning Peak,High,34.12,Clear,0,945,0.3015,9.98,Traffic,34.1,7.54,33.69
T4989,A34,11-09-2025 15:00,4.01,6.01,Morning Peak,High,22.3,Clear,0,746,0.2221,2.08,Traffic,8.09,6.77,5.83
T4990,A4,03-09-2025 23:35,24.4,36.6,Night,Low,45.83,Clear,0,788,0.0288,0.49,No Delay,37.09,5.09,35.5
T4991,A28,17-09-2025 15:54,19.52,29.28,Morning Peak,Medium,28.88,Clear,0,916,0.2009,9.42,Traffic,38.7,30.18,11.12
T4992,A1,20-09-2025 23:49,20.83,31.24,Night,Low,51.79,Clear,0,871,0.0925,0.03,No Delay,31.27,12.88,25.19
T4993,A6,09-09-2025 17:38,19.03,28.55,Night,Low,28.12,Storm,3,169,0.5566,5.38,Weather,33.93,30.28,10.48
T4994,A1,23-09-2025 00:12,18.46,27.69,Night,Low,49.58,Storm,3,186,0.2375,9.57,Weather,37.26,20.98,18.04
T4995,A12,20-09-2025 20:23,24.74,37.11,Night,Medium,47.8,Storm,3,94,0.3919,9.67,Weather,46.78,18.85,32.47
T4996,A37,12-09-2025 12:23,3.02,4.53,Afternoon,High,8.52,Clear,0,946,0.8158,1.36,Incident,5.89,3.21,6.42
T4997,A38,18-09-2025 13:59,23.33,34.99,Night,Low,44.42,Clear,0,830,0,0.64,No Delay,35.63,1.98,40.51
T4998,A30,03-09-2025 16:03,27.27,40.91,Afternoon,High,51.75,Fog,2,187,0.4287,16.78,Weather,57.69,36.62,28.59
T4999,A40,01-09-2025 08:37,17.02,25.53,Afternoon,High,13.84,Fog,2,316,0.6299,12.7,Traffic,38.23,7.59,34.92
T5000,A44,01-09-2025 06:52,15.38,23.07,Afternoon,Low,44.87,Clear,0,1018,0.0178,0.11,No Delay,23.18,0.94,30.13
